line_start,line_end,first_timestamp,last_timestamp,record_count,malformed_count,unique_tags,unique_pids,tag_entropy_bits,mean_message_chars,level_verbose_rate,level_debug_rate,level_info_rate,level_warning_rate,level_error_rate,level_fatal_rate,tag_rate:SDK,tag_rate:PowerManagerService,tag_rate:HwCustMobileSignalControllerImpl,tag_rate:wpa_supplicant,tag_rate:HwSignalClusterView,tag_rate:amsnl,tag_rate:libteec,tag_rate:UsbDeviceManager,tag_rate:SendBroadcastPermission,tag_rate:ActivityManager,tag_rate:PTM.FileNodeInfo,tag_rate:NetworkController.MobileSignalController(0),tag_rate:HwSystemManager,tag_rate:NetWorkUtils,tag_rate:MQoS,tag_rate:HwActivityManagerService,tag_rate:libfingersense_wrapper,tag_rate:HwMobileSignalController,tag_rate:chromium,tag_rate:StackScrollAlgorithm
1,1000,12-17 19:31:36.263,12-17 19:31:38.256,1000,0,177,31,6.478498341065164,62.225,0.032,0.33,0.438,0.062,0.138,0.0,0.0,0.051,0.0,0.005,0.0,0.0,0.082,0.0,0.009,0.003,0.0,0.003,0.015,0.0,0.0,0.007,0.004,0.0,0.0,0.01
1001,2000,12-17 19:31:38.256,12-17 19:31:40.965,1000,0,177,31,6.487312058236937,62.247,0.026,0.33,0.439,0.057,0.148,0.0,0.0,0.051,0.0,0.019,0.004,0.01,0.078,0.0,0.008,0.004,0.0,0.01,0.024,0.004,0.006,0.005,0.002,0.004,0.0,0.007
2001,3000,12-17 19:31:40.966,12-17 19:31:42.180,1000,0,170,28,6.302911595879536,67.11,0.024,0.389,0.434,0.052,0.101,0.0,0.0,0.064,0.0,0.011,0.002,0.0,0.032,0.0,0.008,0.004,0.0,0.004,0.011,0.002,0.0,0.007,0.006,0.0,0.0,0.009
3001,4000,12-17 19:31:42.180,12-17 19:31:43.350,1000,0,168,25,6.438400287018187,67.839,0.028,0.372,0.473,0.055,0.072,0.0,0.0,0.056,0.0,0.019,0.004,0.0,0.0,0.0,0.007,0.002,0.0,0.007,0.026,0.004,0.0,0.006,0.002,0.0,0.0,0.007
4001,5000,12-17 19:31:43.351,12-17 19:31:45.273,1000,0,168,23,5.8847073786138955,51.381,0.043,0.275,0.38,0.06,0.242,0.0,0.0,0.042,0.0,0.011,0.002,0.0,0.192,0.0,0.004,0.002,0.0,0.007,0.016,0.002,0.0,0.004,0.002,0.0,0.0,0.013
5001,6000,12-17 19:31:45.276,12-17 19:31:46.170,1000,0,160,29,6.370946490303383,62.868,0.026,0.354,0.434,0.056,0.13,0.0,0.0,0.049,0.0,0.035,0.0,0.005,0.064,0.0,0.012,0.004,0.0,0.01,0.034,0.0,0.002,0.009,0.002,0.002,0.0,0.007
6001,7000,12-17 19:31:46.170,12-17 19:31:51.006,1000,0,158,29,5.614548400310339,66.887,0.023,0.467,0.323,0.029,0.158,0.0,0.002,0.04,0.0,0.272,0.0,0.005,0.032,0.0,0.006,0.004,0.0,0.007,0.02,0.0,0.002,0.006,0.002,0.0,0.0,0.005
7001,8000,12-17 19:31:51.007,12-17 19:31:52.117,1000,0,171,29,6.370372975991455,58.718,0.029,0.329,0.404,0.062,0.176,0.0,0.0,0.045,0.0,0.014,0.0,0.005,0.096,0.0,0.009,0.005,0.01,0.009,0.024,0.0,0.002,0.007,0.002,0.002,0.0,0.008
8001,9000,12-17 19:31:52.117,12-17 19:31:56.123,1000,0,176,28,6.482645051105276,59.424,0.034,0.337,0.433,0.049,0.147,0.0,0.0,0.054,0.0,0.036,0.0,0.015,0.096,0.0,0.009,0.006,0.0,0.008,0.024,0.0,0.006,0.005,0.002,0.002,0.0,0.01
9001,10000,12-17 19:31:56.123,12-17 19:31:56.801,1000,0,160,23,5.373479169222305,63.109,0.028,0.408,0.296,0.06,0.208,0.0,0.0,0.039,0.0,0.262,0.0,0.005,0.096,0.0,0.004,0.002,0.0,0.003,0.013,0.0,0.0,0.005,0.002,0.0,0.0,0.005
10001,11000,12-17 19:31:56.802,12-17 19:31:57.808,1000,0,180,27,6.458498333888706,64.165,0.024,0.368,0.426,0.058,0.124,0.0,0.0,0.053,0.0,0.021,0.002,0.0,0.064,0.0,0.007,0.003,0.0,0.004,0.011,0.002,0.003,0.005,0.004,0.0,0.0,0.011
11001,12000,12-17 19:31:57.808,12-17 19:32:01.227,1000,0,170,27,6.522603124412905,66.512,0.026,0.372,0.472,0.032,0.098,0.0,0.0,0.055,0.0,0.011,0.004,0.0,0.032,0.0,0.006,0.004,0.0,0.008,0.024,0.004,0.0,0.006,0.002,0.0,0.0,0.012
12001,13000,12-17 19:32:01.227,12-17 19:32:06.359,1000,0,168,27,6.3694328247421454,56.511,0.035,0.355,0.38,0.064,0.166,0.0,0.0,0.046,0.0,0.037,0.0,0.005,0.096,0.0,0.009,0.004,0.0,0.009,0.023,0.0,0.004,0.007,0.004,0.002,0.0,0.008
13001,14000,12-17 19:32:06.359,12-17 19:32:08.179,1000,0,147,25,5.116659229880083,71.702,0.013,0.515,0.288,0.048,0.136,0.0,0.0,0.036,0.0,0.336,0.002,0.01,0.023,0.0,0.005,0.004,0.0,0.003,0.007,0.002,0.002,0.005,0.002,0.002,0.0,0.005
14001,15000,12-17 19:32:08.179,12-17 19:32:23.784,1000,0,170,26,6.075572929479667,59.935,0.026,0.43,0.305,0.038,0.201,0.0,0.002,0.036,0.0,0.141,0.002,0.015,0.073,0.016,0.009,0.006,0.065,0.006,0.012,0.002,0.009,0.004,0.002,0.002,0.0,0.004
15001,16000,12-17 19:32:23.784,12-17 19:32:26.887,1000,0,152,27,5.600917860323356,69.485,0.015,0.435,0.369,0.044,0.137,0.0,0.0,0.041,0.0,0.252,0.004,0.005,0.0,0.0,0.01,0.003,0.0,0.0,0.006,0.004,0.0,0.007,0.002,0.0,0.0,0.006
16001,17000,12-17 19:32:26.887,12-17 19:32:30.619,1000,0,183,32,6.444434276692351,60.396,0.028,0.341,0.438,0.039,0.154,0.0,0.0,0.052,0.0,0.016,0.0,0.01,0.096,0.0,0.008,0.006,0.0,0.009,0.024,0.0,0.006,0.005,0.004,0.004,0.0,0.01
17001,18000,12-17 19:32:30.619,12-17 19:33:00.276,1000,0,195,27,6.628229237429155,58.385,0.037,0.34,0.404,0.064,0.155,0.0,0.002,0.047,0.0,0.012,0.0,0.0,0.085,0.016,0.01,0.003,0.005,0.003,0.013,0.0,0.002,0.007,0.002,0.0,0.0,0.008
18001,19000,12-17 19:33:00.276,12-17 19:33:00.896,1000,0,184,30,5.9926592732942545,65.436,0.022,0.425,0.383,0.05,0.12,0.0,0.0,0.033,0.0,0.183,0.002,0.005,0.069,0.0,0.005,0.001,0.0,0.005,0.011,0.002,0.002,0.002,0.002,0.002,0.0,0.011
19001,20000,12-17 19:33:00.896,12-17 19:33:02.155,1000,0,169,25,6.139266147949846,63.547,0.032,0.366,0.391,0.034,0.177,0.0,0.0,0.048,0.0,0.157,0.0,0.01,0.038,0.0,0.007,0.007,0.0,0.008,0.014,0.0,0.002,0.007,0.002,0.002,0.0,0.011
20001,21000,12-17 19:33:02.155,12-17 19:33:03.587,1000,0,162,28,6.300043921645263,60.805,0.034,0.334,0.414,0.063,0.155,0.0,0.0,0.053,0.0,0.008,0.0,0.0,0.096,0.0,0.008,0.003,0.0,0.005,0.023,0.0,0.0,0.007,0.004,0.0,0.0,0.006
21001,22000,12-17 19:33:03.588,12-17 19:33:06.381,1000,0,202,34,6.619327232271924,63.456,0.03,0.289,0.48,0.08,0.121,0.0,0.0,0.062,0.0,0.016,0.0,0.01,0.064,0.0,0.011,0.01,0.0,0.007,0.024,0.0,0.004,0.008,0.002,0.0,0.0,0.025
22001,23000,12-17 19:33:06.381,12-17 19:33:11.033,1000,0,164,28,6.098612284396289,68.528,0.023,0.48,0.368,0.033,0.096,0.0,0.0,0.039,0.0,0.161,0.0,0.01,0.032,0.0,0.007,0.005,0.0,0.006,0.013,0.0,0.006,0.006,0.002,0.004,0.0,0.014
23001,24000,12-17 19:33:11.033,12-17 19:33:13.415,1000,0,166,26,5.767310353112142,59.382,0.026,0.353,0.378,0.056,0.187,0.0,0.0,0.03,0.0,0.221,0.0,0.005,0.072,0.0,0.01,0.003,0.0,0.003,0.013,0.0,0.0,0.009,0.002,0.0,0.0,0.026
24001,25000,12-17 19:33:13.415,12-17 19:33:14.297,1000,0,181,28,6.441833625984277,63.806,0.03,0.352,0.426,0.056,0.136,0.0,0.0,0.05,0.0,0.018,0.0,0.005,0.074,0.0,0.007,0.003,0.0,0.004,0.011,0.0,0.002,0.005,0.004,0.002,0.0,0.017
25001,26000,12-17 19:33:14.299,12-17 19:33:42.656,1000,0,188,28,6.685784948281027,59.348,0.029,0.324,0.43,0.038,0.179,0.0,0.002,0.034,0.0,0.031,0.0,0.005,0.046,0.016,0.013,0.006,0.055,0.009,0.022,0.0,0.005,0.008,0.002,0.002,0.0,0.014
26001,27000,12-17 19:33:42.657,12-17 19:33:43.490,1000,0,147,25,4.93594308484872,69.028,0.018,0.488,0.262,0.048,0.184,0.0,0.0,0.042,0.0,0.349,0.0,0.005,0.064,0.0,0.006,0.002,0.0,0.002,0.014,0.0,0.0,0.005,0.002,0.0,0.0,0.006
27001,28000,12-17 19:33:43.490,12-17 19:34:56.241,1000,0,184,28,6.7032327939922824,65.047,0.048,0.394,0.411,0.028,0.119,0.0,0.0,0.042,0.0,0.033,0.007,0.015,0.032,0.048,0.016,0.006,0.0,0.003,0.001,0.001,0.008,0.008,0.002,0.007,0.0,0.018
28001,29000,12-17 19:34:56.241,12-17 19:34:56.450,996,4,132,19,5.189796771794905,67.45080321285141,0.07931726907630522,0.45481927710843373,0.3333333333333333,0.015060240963855422,0.11746987951807229,0.0,0.0,0.024096385542168676,0.0,0.23694779116465864,0.001004016064257028,0.0,0.0,0.0,0.014056224899598393,0.001004016064257028,0.0,0.004016064257028112,0.014056224899598393,0.001004016064257028,0.0,0.01104417670682731,0.0,0.0,0.0,0.0
29001,30000,12-17 19:34:56.451,12-17 19:34:57.665,1000,0,166,28,6.143849700515876,72.846,0.064,0.404,0.471,0.025,0.036,0.0,0.0,0.037,0.0,0.0,0.016,0.01,0.0,0.0,0.024,0.029,0.0,0.007,0.006,0.004,0.005,0.017,0.0,0.011,0.0,0.009
30001,31000,12-17 19:34:57.665,12-17 19:34:59.684,1000,0,172,26,6.550619193413923,73.449,0.027,0.301,0.537,0.064,0.071,0.0,0.0,0.047,0.0,0.003,0.028,0.03,0.0,0.0,0.019,0.038,0.0,0.008,0.003,0.01,0.007,0.017,0.012,0.019,0.0,0.003
31001,32000,12-17 19:34:59.684,12-17 19:35:09.836,1000,0,142,20,6.190717769323096,74.249,0.073,0.262,0.59,0.038,0.037,0.0,0.002,0.014,0.0,0.018,0.002,0.007,0.0,0.0,0.026,0.044,0.0,0.002,0.001,0.002,0.006,0.017,0.008,0.003,0.0,0.018
32001,33000,12-17 19:35:09.837,12-17 19:35:15.334,1000,0,101,13,5.140383181659428,64.739,0.028,0.336,0.606,0.008,0.022,0.0,0.0,0.02,0.0,0.015,0.002,0.013,0.0,0.0,0.015,0.006,0.0,0.0,0.0,0.002,0.006,0.009,0.008,0.001,0.0,0.008
33001,34000,12-17 19:35:15.336,12-17 19:35:25.811,1000,0,99,13,4.891856870636721,71.616,0.065,0.48,0.372,0.017,0.066,0.0,0.002,0.017,0.0,0.306,0.002,0.015,0.0,0.0,0.016,0.008,0.0,0.003,0.0,0.002,0.008,0.012,0.01,0.006,0.0,0.002
34001,35000,12-17 19:35:25.811,12-17 19:35:42.457,1000,0,134,17,6.107027683437893,73.164,0.034,0.245,0.577,0.076,0.068,0.0,0.0,0.011,0.0,0.036,0.016,0.025,0.0,0.0,0.011,0.039,0.0,0.003,0.001,0.016,0.015,0.006,0.002,0.006,0.0,0.037
35001,36000,12-17 19:35:42.457,12-17 19:35:55.840,1000,0,124,18,5.6715510754129586,60.986,0.028,0.375,0.422,0.057,0.118,0.0,0.002,0.026,0.0,0.028,0.004,0.025,0.064,0.0,0.009,0.013,0.01,0.003,0.0,0.004,0.015,0.004,0.0,0.006,0.0,0.041
36001,37000,12-17 19:35:55.840,12-17 19:36:02.563,1000,0,197,26,6.180886508293302,61.537,0.037,0.416,0.349,0.076,0.122,0.0,0.0,0.047,0.0,0.19,0.0,0.0,0.0,0.032,0.005,0.005,0.005,0.004,0.013,0.0,0.0,0.004,0.002,0.0,0.0,0.01
37001,38000,12-17 19:36:02.564,12-17 19:40:23.302,1000,0,143,23,5.871182436453908,64.78,0.015,0.386,0.336,0.067,0.196,0.0,0.0,0.075,0.0,0.007,0.0,0.0,0.002,0.096,0.01,0.017,0.055,0.0,0.025,0.0,0.002,0.006,0.0,0.0,0.0,0.006
38001,39000,12-17 19:40:23.302,12-17 19:40:23.812,1000,0,191,26,6.408570722493954,64.324,0.026,0.373,0.381,0.062,0.158,0.0,0.0,0.059,0.0,0.072,0.002,0.005,0.094,0.0,0.009,0.007,0.009,0.005,0.02,0.002,0.002,0.007,0.002,0.002,0.0,0.012
39001,40000,12-17 19:40:23.812,12-17 19:40:25.493,1000,0,138,30,5.418649216686755,68.956,0.012,0.282,0.44,0.028,0.238,0.0,0.143,0.025,0.0,0.134,0.0,0.005,0.048,0.0,0.011,0.035,0.101,0.0,0.009,0.0,0.0,0.012,0.004,0.0,0.0,0.005
40001,41000,12-17 19:40:25.577,12-17 19:40:31.161,1000,0,142,19,6.169325143947464,79.475,0.048,0.243,0.532,0.07,0.107,0.0,0.012,0.039,0.0,0.013,0.008,0.015,0.064,0.0,0.017,0.043,0.0,0.001,0.001,0.008,0.008,0.014,0.012,0.002,0.0,0.0
41001,42000,12-17 19:40:31.161,12-17 19:42:23.132,1000,0,213,27,6.7941680326664455,58.231,0.032,0.272,0.48,0.087,0.129,0.0,0.0,0.038,0.0,0.005,0.0,0.0,0.0,0.08,0.007,0.008,0.005,0.003,0.019,0.0,0.0,0.006,0.002,0.0,0.0,0.02
42001,43000,12-17 19:42:23.133,12-17 19:42:44.492,1000,0,95,17,4.015126629065145,66.98,0.005,0.173,0.606,0.042,0.174,0.0,0.428,0.025,0.0,0.007,0.0,0.005,0.0,0.016,0.006,0.005,0.005,0.001,0.016,0.0,0.004,0.003,0.0,0.002,0.0,0.0
43001,44000,12-17 19:42:44.492,12-17 19:43:15.864,1000,0,102,20,5.098862539805504,75.91,0.003,0.419,0.428,0.024,0.126,0.0,0.002,0.163,0.0,0.007,0.032,0.015,0.0,0.08,0.057,0.011,0.0,0.007,0.008,0.008,0.008,0.02,0.0,0.018,0.0,0.004
44001,45000,12-17 19:43:15.864,12-17 19:47:16.496,1000,0,105,18,5.284472152931597,65.808,0.007,0.238,0.494,0.037,0.224,0.0,0.152,0.041,0.0,0.028,0.0,0.015,0.0,0.064,0.008,0.007,0.115,0.001,0.014,0.0,0.008,0.003,0.0,0.002,0.0,0.012
45001,46000,12-17 19:47:16.496,12-17 19:52:46.144,1000,0,89,18,4.336436292506281,74.487,0.007,0.146,0.722,0.039,0.086,0.0,0.388,0.041,0.0,0.002,0.0,0.005,0.0,0.064,0.012,0.007,0.0,0.001,0.017,0.0,0.002,0.009,0.0,0.002,0.0,0.016
46001,47000,12-17 19:52:46.144,12-17 19:55:46.939,1000,0,151,25,6.058480007934085,57.333,0.022,0.353,0.275,0.073,0.277,0.0,0.0,0.063,0.0,0.007,0.0,0.007,0.034,0.064,0.011,0.002,0.12,0.001,0.003,0.0,0.004,0.002,0.002,0.002,0.0,0.012
47001,48000,12-17 19:55:46.940,12-17 19:55:47.576,1000,0,162,21,5.717055687552019,65.422,0.022,0.377,0.375,0.052,0.174,0.0,0.062,0.027,0.0,0.184,0.0,0.0,0.086,0.0,0.005,0.004,0.0,0.004,0.007,0.0,0.0,0.005,0.0,0.0,0.0,0.008
48001,49000,12-17 19:55:47.576,12-17 19:55:49.232,1000,0,131,26,4.814830352479537,81.01,0.006,0.149,0.66,0.046,0.139,0.0,0.349,0.015,0.0,0.014,0.0,0.013,0.04,0.0,0.007,0.023,0.0,0.0,0.022,0.0,0.0,0.007,0.003,0.0,0.0,0.004
49001,50000,12-17 19:55:49.232,12-17 19:55:56.788,1000,0,111,16,4.48957497123787,80.915,0.036,0.19,0.604,0.058,0.112,0.0,0.398,0.02,0.0,0.016,0.004,0.02,0.0,0.0,0.018,0.088,0.0,0.002,0.003,0.004,0.01,0.016,0.013,0.004,0.0,0.0
50001,51000,12-17 19:55:56.799,12-17 19:56:04.989,1000,0,111,14,5.356500897939041,75.121,0.039,0.352,0.532,0.022,0.055,0.0,0.0,0.024,0.0,0.017,0.004,0.005,0.0,0.0,0.011,0.045,0.0,0.001,0.0,0.004,0.004,0.01,0.008,0.002,0.0,0.006
51001,52000,12-17 19:56:04.989,12-17 19:56:20.542,1000,0,114,13,5.603159224319003,75.484,0.05,0.447,0.367,0.034,0.102,0.0,0.002,0.029,0.0,0.202,0.012,0.025,0.0,0.0,0.017,0.049,0.0,0.003,0.0,0.012,0.015,0.01,0.028,0.006,0.0,0.004
52001,53000,12-17 19:56:20.542,12-17 19:56:31.007,1000,0,109,13,5.904846555827519,81.11,0.084,0.343,0.5,0.021,0.052,0.0,0.002,0.031,0.0,0.018,0.006,0.01,0.0,0.0,0.019,0.045,0.0,0.002,0.0,0.006,0.006,0.016,0.044,0.004,0.0,0.002
53001,54000,12-17 19:56:31.081,12-17 19:56:44.308,1000,0,131,17,5.955424488907519,71.675,0.043,0.339,0.53,0.026,0.062,0.0,0.0,0.027,0.0,0.028,0.004,0.02,0.0,0.0,0.018,0.033,0.0,0.002,0.0,0.004,0.011,0.01,0.04,0.004,0.0,0.004
54001,55000,12-17 19:56:44.310,12-17 19:56:53.868,1000,0,124,17,4.4905799997362905,73.634,0.032,0.585,0.252,0.027,0.104,0.0,0.004,0.016,0.0,0.438,0.002,0.01,0.0,0.0,0.009,0.037,0.01,0.002,0.0,0.002,0.006,0.005,0.0,0.004,0.0,0.004
55001,56000,12-17 19:56:53.869,12-17 19:56:54.166,1000,0,51,8,2.6201116695927857,59.634,0.008,0.851,0.095,0.011,0.035,0.0,0.0,0.0,0.0,0.542,0.0,0.0,0.0,0.0,0.007,0.001,0.0,0.0,0.003,0.0,0.0,0.013,0.0,0.0,0.0,0.0
56001,57000,12-17 19:56:54.170,12-17 19:57:00.701,1000,0,117,17,4.917843036184465,75.216,0.036,0.555,0.279,0.037,0.093,0.0,0.0,0.036,0.0,0.334,0.006,0.02,0.0,0.0,0.017,0.053,0.0,0.001,0.0,0.006,0.006,0.016,0.01,0.002,0.0,0.002
57001,58000,12-17 19:57:00.702,12-17 19:57:05.608,1000,0,203,22,6.720935388242805,64.302,0.044,0.316,0.431,0.096,0.113,0.0,0.0,0.05,0.0,0.013,0.006,0.005,0.066,0.0,0.012,0.026,0.0,0.003,0.014,0.006,0.004,0.01,0.008,0.002,0.0,0.0
58001,59000,12-17 19:57:05.608,12-17 19:57:15.174,1000,0,196,28,6.547868141458637,56.66,0.022,0.453,0.391,0.065,0.069,0.0,0.002,0.054,0.0,0.026,0.0,0.025,0.014,0.0,0.013,0.011,0.0,0.004,0.002,0.0,0.012,0.006,0.008,0.006,0.0,0.016
59001,60000,12-17 19:57:15.174,12-17 19:57:15.390,1000,0,114,13,4.554635932164452,70.646,0.005,0.447,0.483,0.033,0.032,0.0,0.3,0.012,0.0,0.133,0.004,0.0,0.0,0.0,0.01,0.006,0.0,0.0,0.01,0.004,0.0,0.009,0.0,0.0,0.0,0.002
60001,61000,12-17 19:57:15.390,12-17 19:57:16.006,1000,0,106,27,4.449938676083565,71.646,0.01,0.373,0.521,0.041,0.055,0.0,0.242,0.016,0.0,0.237,0.002,0.002,0.0,0.0,0.009,0.033,0.0,0.0,0.056,0.002,0.0,0.017,0.0,0.0,0.0,0.0
61001,62000,12-17 19:57:16.006,12-17 19:57:21.526,1000,0,88,18,3.990190603467063,57.957,0.01,0.619,0.299,0.044,0.028,0.0,0.008,0.034,0.0,0.475,0.0,0.006,0.0,0.0,0.013,0.02,0.0,0.001,0.001,0.0,0.002,0.006,0.0,0.002,0.0,0.012
62001,63000,12-17 19:57:21.526,12-17 19:57:29.044,1000,0,92,15,4.8361136953920445,61.874,0.016,0.524,0.406,0.028,0.026,0.0,0.0,0.002,0.0,0.325,0.0,0.004,0.0,0.0,0.025,0.005,0.0,0.001,0.007,0.0,0.002,0.02,0.0,0.002,0.0,0.014
63001,64000,12-17 19:57:29.044,12-17 19:57:33.027,1000,0,77,11,3.337165486933676,57.606,0.008,0.725,0.205,0.019,0.043,0.0,0.0,0.008,0.0,0.582,0.0,0.0,0.0,0.0,0.011,0.002,0.009,0.0,0.002,0.0,0.0,0.009,0.0,0.0,0.0,0.01
64001,65000,12-17 19:57:33.027,12-17 19:57:44.585,1000,0,95,13,3.3818358414765024,61.131,0.008,0.745,0.138,0.013,0.096,0.0,0.0,0.004,0.0,0.585,0.0,0.0,0.0,0.016,0.007,0.003,0.046,0.0,0.005,0.0,0.0,0.01,0.0,0.0,0.0,0.002
65001,66000,12-17 19:57:44.594,12-17 19:58:33.296,1000,0,98,16,4.285899111075149,58.993,0.009,0.596,0.243,0.023,0.129,0.0,0.0,0.017,0.0,0.402,0.0,0.008,0.0,0.064,0.01,0.004,0.0,0.0,0.003,0.0,0.004,0.007,0.0,0.0,0.0,0.012
66001,67000,12-17 19:58:33.296,12-17 19:58:37.663,1000,0,113,15,3.9229301781667205,58.861,0.017,0.694,0.169,0.013,0.107,0.0,0.0,0.013,0.0,0.504,0.002,0.0,0.0,0.064,0.011,0.0,0.005,0.0,0.011,0.002,0.0,0.013,0.0,0.0,0.0,0.002
67001,68000,12-17 19:58:37.664,12-17 19:58:39.327,1000,0,86,12,3.95199257754983,71.95,0.025,0.735,0.161,0.023,0.056,0.0,0.0,0.005,0.0,0.479,0.0,0.0,0.0,0.016,0.009,0.0,0.0,0.0,0.008,0.0,0.0,0.018,0.0,0.0,0.0,0.002
68001,69000,12-17 19:58:39.327,12-17 19:58:45.349,1000,0,92,12,4.585862541020627,56.979,0.015,0.625,0.13,0.015,0.215,0.0,0.0,0.018,0.0,0.227,0.0,0.0,0.0,0.176,0.006,0.0,0.005,0.0,0.023,0.0,0.0,0.01,0.0,0.0,0.0,0.0
69001,70000,12-17 19:58:45.349,12-17 19:58:56.701,1000,0,64,8,2.898796374578759,62.601,0.014,0.806,0.113,0.003,0.064,0.0,0.0,0.004,0.0,0.64,0.0,0.0,0.0,0.032,0.006,0.0,0.0,0.0,0.008,0.0,0.0,0.011,0.0,0.0,0.0,0.0
70001,71000,12-17 19:58:56.701,12-17 19:58:57.163,1000,0,68,12,2.743126846930466,62.427,0.009,0.839,0.109,0.006,0.037,0.0,0.0,0.011,0.0,0.658,0.002,0.008,0.0,0.0,0.009,0.002,0.0,0.0,0.011,0.002,0.004,0.011,0.0,0.0,0.0,0.0
71001,72000,12-17 19:58:57.163,12-17 19:58:57.550,1000,0,58,8,3.883337347709646,64.223,0.021,0.783,0.155,0.013,0.028,0.0,0.0,0.0,0.0,0.408,0.0,0.0,0.0,0.0,0.01,0.0,0.0,0.0,0.008,0.0,0.0,0.02,0.0,0.0,0.0,0.0
72001,73000,12-17 19:58:57.550,12-17 19:59:02.450,1000,0,134,22,5.554880677498303,62.357,0.02,0.576,0.305,0.033,0.066,0.0,0.002,0.028,0.0,0.018,0.006,0.0,0.0,0.016,0.015,0.008,0.0,0.0,0.02,0.006,0.0,0.015,0.0,0.0,0.0,0.006
73001,74000,12-17 19:59:02.450,12-17 19:59:03.242,1000,0,139,29,5.717366439740926,81.042,0.01,0.247,0.576,0.079,0.088,0.0,0.078,0.057,0.0,0.014,0.002,0.006,0.0,0.0,0.013,0.047,0.0,0.0,0.041,0.002,0.0,0.01,0.0,0.0,0.0,0.002
74001,75000,12-17 19:59:03.242,12-17 19:59:19.514,1000,0,109,22,4.910176226502253,73.892,0.008,0.24,0.385,0.045,0.322,0.0,0.148,0.069,0.0,0.008,0.0,0.0,0.0,0.224,0.009,0.029,0.0,0.0,0.001,0.0,0.002,0.007,0.0,0.0,0.0,0.002
75001,76000,12-17 19:59:19.516,12-17 19:59:38.183,1000,0,92,13,3.8182583862658985,57.718,0.005,0.534,0.131,0.012,0.318,0.0,0.002,0.0,0.0,0.357,0.002,0.0,0.047,0.24,0.004,0.002,0.0,0.0,0.0,0.002,0.002,0.003,0.0,0.0,0.0,0.002
76001,77000,12-17 19:59:38.183,12-17 19:59:57.983,1000,0,77,11,3.7980927942003775,56.625,0.011,0.743,0.138,0.016,0.092,0.0,0.0,0.006,0.0,0.354,0.002,0.01,0.0,0.0,0.01,0.003,0.06,0.0,0.003,0.002,0.004,0.015,0.0,0.0,0.0,0.0
77001,78000,12-17 19:59:57.983,12-17 20:00:19.048,1000,0,82,12,3.676443905701606,52.458,0.01,0.578,0.09,0.012,0.31,0.0,0.0,0.0,0.0,0.215,0.0,0.0,0.0,0.272,0.004,0.001,0.005,0.0,0.001,0.0,0.0,0.004,0.0,0.0,0.0,0.0
78001,79000,12-17 20:00:19.048,12-17 20:01:32.298,1000,0,66,9,3.204293919895236,65.664,0.006,0.782,0.099,0.017,0.096,0.0,0.0,0.0,0.0,0.553,0.0,0.0,0.0,0.064,0.008,0.0,0.0,0.0,0.004,0.0,0.0,0.012,0.0,0.0,0.0,0.0
79001,80000,12-17 20:01:32.298,12-17 20:01:32.420,1000,0,93,14,4.087863551021749,68.193,0.005,0.389,0.507,0.024,0.075,0.0,0.364,0.013,0.0,0.067,0.004,0.0,0.0,0.0,0.007,0.003,0.05,0.0,0.012,0.004,0.0,0.008,0.0,0.0,0.0,0.0
80001,81000,12-17 20:01:32.420,12-17 20:01:33.333,1000,0,134,25,5.785294791809285,70.217,0.012,0.242,0.63,0.071,0.045,0.0,0.154,0.023,0.0,0.068,0.002,0.0,0.0,0.0,0.01,0.043,0.0,0.0,0.047,0.002,0.0,0.01,0.0,0.0,0.0,0.012
81001,82000,12-17 20:01:33.333,12-17 20:01:46.046,1000,0,76,19,5.355332021093338,54.946,0.019,0.179,0.726,0.057,0.019,0.0,0.002,0.026,0.0,0.001,0.0,0.008,0.0,0.0,0.03,0.013,0.0,0.0,0.015,0.0,0.004,0.014,0.0,0.0,0.0,0.024
82001,83000,12-17 20:01:46.057,12-17 20:03:32.265,1000,0,61,10,5.000802405360498,59.434,0.02,0.361,0.443,0.063,0.113,0.0,0.002,0.014,0.0,0.196,0.0,0.0,0.0,0.056,0.02,0.01,0.015,0.0,0.0,0.0,0.0,0.01,0.0,0.0,0.0,0.022
83001,84000,12-17 20:03:32.265,12-17 20:05:15.629,1000,0,104,17,5.391761923975454,56.259,0.015,0.312,0.37,0.097,0.206,0.0,0.0,0.032,0.0,0.146,0.0,0.008,0.0,0.04,0.016,0.008,0.125,0.0,0.0,0.0,0.004,0.008,0.0,0.0,0.0,0.014
84001,85000,12-17 20:05:15.629,12-17 20:06:00.882,1000,0,123,22,6.0362297460148415,59.109,0.019,0.326,0.501,0.064,0.09,0.0,0.0,0.056,0.0,0.01,0.0,0.012,0.016,0.032,0.023,0.003,0.0,0.001,0.011,0.0,0.002,0.011,0.024,0.002,0.0,0.022
85001,86000,12-17 20:06:00.882,12-17 20:11:40.689,1000,0,90,14,5.511853112571354,55.773,0.022,0.216,0.479,0.056,0.227,0.0,0.0,0.031,0.0,0.0,0.0,0.0,0.0,0.08,0.016,0.003,0.12,0.0,0.034,0.0,0.0,0.009,0.0,0.0,0.0,0.028
86001,87000,12-17 20:11:40.689,12-17 20:11:41.224,1000,0,182,23,6.469360903390809,63.556,0.026,0.37,0.404,0.073,0.127,0.0,0.0,0.054,0.0,0.057,0.0,0.012,0.09,0.0,0.012,0.008,0.0,0.001,0.017,0.0,0.002,0.009,0.002,0.002,0.0,0.008
87001,88000,12-17 20:11:41.224,12-17 20:11:41.599,1000,0,100,23,3.898978260932141,56.001,0.011,0.576,0.275,0.021,0.117,0.0,0.066,0.025,0.0,0.476,0.0,0.0,0.046,0.0,0.009,0.017,0.0,0.004,0.014,0.0,0.0,0.011,0.0,0.0,0.0,0.004
88001,89000,12-17 20:11:41.599,12-17 20:11:42.276,1000,0,78,10,2.336821543842562,46.118,0.006,0.818,0.128,0.012,0.036,0.0,0.0,0.0,0.0,0.742,0.0,0.004,0.0,0.0,0.008,0.006,0.0,0.0,0.005,0.0,0.0,0.012,0.0,0.0,0.0,0.002
89001,90000,12-17 20:11:42.276,12-17 20:11:44.132,1000,0,139,13,4.957023567351758,63.239,0.012,0.58,0.367,0.017,0.024,0.0,0.0,0.012,0.0,0.362,0.0,0.012,0.0,0.0,0.014,0.006,0.0,0.0,0.003,0.0,0.004,0.013,0.008,0.003,0.0,0.062
90001,91000,12-17 20:11:44.132,12-17 20:11:44.994,1000,0,137,19,5.4473560321712124,68.794,0.005,0.588,0.293,0.05,0.064,0.0,0.0,0.029,0.012,0.265,0.01,0.013,0.0,0.0,0.019,0.012,0.0,0.005,0.018,0.006,0.006,0.017,0.004,0.003,0.0,0.002
91001,92000,12-17 20:11:44.994,12-17 20:11:45.645,1000,0,134,26,5.860911738910751,76.571,0.023,0.348,0.539,0.042,0.048,0.0,0.004,0.024,0.06,0.0,0.042,0.0,0.0,0.016,0.008,0.027,0.0,0.009,0.057,0.024,0.0,0.006,0.006,0.01,0.0,0.036
92001,93000,12-17 20:11:45.645,12-17 20:11:46.452,1000,0,122,21,4.613223252622154,83.737,0.002,0.131,0.755,0.049,0.063,0.0,0.359,0.036,0.0,0.0,0.0,0.0,0.0,0.0,0.005,0.018,0.0,0.0,0.023,0.0,0.0,0.009,0.006,0.0,0.0,0.008
93001,94000,12-17 20:11:46.452,12-17 20:11:46.833,1000,0,42,10,1.2864305823523376,79.309,0.003,0.041,0.924,0.003,0.029,0.0,0.857,0.011,0.012,0.0,0.008,0.004,0.0,0.0,0.005,0.0,0.0,0.002,0.0,0.004,0.002,0.004,0.0,0.003,0.0,0.0
94001,95000,12-17 20:11:46.833,12-17 20:11:52.580,1000,0,98,15,4.602909598535693,78.954,0.024,0.17,0.702,0.012,0.092,0.0,0.366,0.011,0.036,0.0,0.024,0.0,0.0,0.0,0.022,0.028,0.0,0.012,0.001,0.012,0.0,0.017,0.008,0.006,0.0,0.012
95001,96000,12-17 20:11:52.583,12-17 20:11:56.581,1000,0,87,15,5.030689616941132,65.54,0.017,0.343,0.551,0.021,0.068,0.0,0.0,0.0,0.036,0.0,0.024,0.004,0.047,0.0,0.01,0.014,0.0,0.013,0.01,0.012,0.002,0.016,0.0,0.007,0.0,0.008
96001,97000,12-17 20:11:56.586,12-17 20:12:03.758,1000,0,103,20,5.743411287326969,69.306,0.009,0.281,0.624,0.032,0.054,0.0,0.0,0.032,0.048,0.0,0.032,0.012,0.0,0.0,0.027,0.014,0.0,0.01,0.002,0.016,0.006,0.017,0.0,0.009,0.0,0.016
97001,98000,12-17 20:12:03.758,12-17 20:12:14.282,1000,0,98,17,5.536910827248321,66.524,0.017,0.266,0.664,0.03,0.023,0.0,0.004,0.023,0.072,0.0,0.048,0.008,0.0,0.0,0.027,0.01,0.0,0.023,0.0,0.024,0.004,0.015,0.0,0.015,0.0,0.041
98001,99000,12-17 20:12:14.282,12-17 20:12:22.532,1000,0,113,18,5.860383492106858,65.755,0.03,0.269,0.665,0.019,0.017,0.0,0.0,0.026,0.024,0.0,0.016,0.016,0.0,0.0,0.033,0.008,0.0,0.007,0.0,0.008,0.011,0.02,0.008,0.007,0.0,0.038
99001,100000,12-17 20:12:22.549,12-17 20:12:29.346,1000,0,56,9,4.617137801646716,60.002,0.223,0.271,0.498,0.002,0.006,0.0,0.0,0.008,0.0,0.0,0.0,0.004,0.0,0.0,0.015,0.001,0.0,0.001,0.0,0.0,0.005,0.007,0.016,0.002,0.0,0.014
100001,101000,12-17 20:12:29.356,12-17 20:12:36.427,1000,0,73,14,5.242957898685822,67.925,0.053,0.317,0.618,0.005,0.007,0.0,0.002,0.023,0.06,0.0,0.04,0.004,0.0,0.0,0.02,0.003,0.0,0.018,0.0,0.02,0.005,0.011,0.008,0.011,0.0,0.014
101001,102000,12-17 20:12:36.428,12-17 20:12:45.190,1000,0,81,15,5.409700698711782,64.039,0.145,0.274,0.525,0.033,0.023,0.0,0.0,0.064,0.048,0.0,0.032,0.028,0.0,0.0,0.028,0.004,0.0,0.016,0.0,0.016,0.013,0.012,0.016,0.013,0.0,0.018
102001,103000,12-17 20:12:45.190,12-17 20:13:01.444,1000,0,65,16,4.984798261102501,62.433,0.06,0.194,0.68,0.042,0.024,0.0,0.002,0.012,0.0,0.0,0.0,0.008,0.0,0.0,0.038,0.006,0.0,0.002,0.0,0.0,0.007,0.018,0.004,0.004,0.0,0.034
103001,104000,12-17 20:13:01.444,12-17 20:13:05.563,1000,0,72,15,5.009559375968929,65.758,0.154,0.346,0.481,0.006,0.013,0.0,0.0,0.034,0.048,0.0,0.032,0.016,0.0,0.0,0.017,0.003,0.0,0.015,0.0,0.016,0.011,0.008,0.016,0.011,0.0,0.01
104001,105000,12-17 20:13:05.564,12-17 20:13:13.371,1000,0,94,18,5.423368889574249,65.279,0.043,0.275,0.654,0.006,0.022,0.0,0.002,0.021,0.024,0.0,0.016,0.008,0.0,0.0,0.026,0.004,0.01,0.007,0.0,0.008,0.004,0.014,0.008,0.007,0.0,0.014
105001,106000,12-17 20:13:13.371,12-17 20:13:17.226,1000,0,154,21,6.310594321460202,71.85,0.023,0.277,0.539,0.054,0.107,0.0,0.0,0.051,0.036,0.0,0.024,0.012,0.064,0.0,0.025,0.033,0.0,0.012,0.001,0.012,0.009,0.02,0.004,0.011,0.0,0.008
106001,107000,12-17 20:13:17.226,12-17 20:13:22.502,1000,0,196,24,6.652794520179044,57.83,0.034,0.293,0.491,0.077,0.105,0.0,0.0,0.053,0.036,0.0,0.024,0.004,0.0,0.016,0.016,0.003,0.055,0.012,0.017,0.012,0.002,0.009,0.002,0.008,0.0,0.016
107001,108000,12-17 20:13:22.503,12-17 20:14:31.805,1000,0,71,16,4.055894317872613,76.563,0.003,0.249,0.624,0.02,0.104,0.0,0.392,0.074,0.036,0.0,0.024,0.008,0.0,0.08,0.03,0.003,0.0,0.002,0.0,0.012,0.004,0.009,0.0,0.003,0.0,0.006
108001,109000,12-17 20:14:31.805,12-17 20:14:39.251,1000,0,67,14,4.713762978276964,75.853,0.015,0.109,0.795,0.053,0.028,0.0,0.272,0.026,0.0,0.0,0.0,0.004,0.0,0.0,0.02,0.009,0.0,0.001,0.0,0.0,0.005,0.009,0.0,0.002,0.0,0.022
109001,110000,12-17 20:14:39.252,12-17 20:15:43.059,1000,0,65,14,2.9506727812886973,76.81,0.007,0.092,0.789,0.039,0.073,0.0,0.62,0.029,0.0,0.0,0.0,0.004,0.0,0.032,0.01,0.003,0.005,0.001,0.0,0.0,0.002,0.003,0.0,0.002,0.0,0.006
110001,111000,12-17 20:15:43.059,12-17 20:15:52.475,1000,0,83,14,5.497319044224076,71.277,0.016,0.158,0.75,0.064,0.012,0.0,0.046,0.042,0.0,0.0,0.0,0.012,0.0,0.0,0.027,0.01,0.0,0.001,0.0,0.0,0.009,0.011,0.0,0.002,0.0,0.028
111001,112000,12-17 20:15:52.477,12-17 20:16:53.064,1000,0,71,12,2.6135367837877164,75.143,0.008,0.074,0.753,0.031,0.134,0.0,0.652,0.024,0.0,0.0,0.0,0.0,0.0,0.032,0.005,0.001,0.065,0.0,0.0,0.0,0.001,0.001,0.0,0.0,0.0,0.002
112001,113000,12-17 20:16:53.064,12-17 20:17:58.205,1000,0,66,12,2.700888512979964,83.023,0.01,0.053,0.798,0.021,0.118,0.0,0.625,0.004,0.0,0.0,0.0,0.0,0.0,0.032,0.004,0.004,0.055,0.0,0.0,0.0,0.002,0.001,0.0,0.0,0.0,0.002
113001,114000,12-17 20:17:58.205,12-17 20:18:52.957,1000,0,155,23,6.14072332376975,67.124,0.022,0.288,0.419,0.068,0.203,0.0,0.045,0.057,0.0,0.0,0.0,0.012,0.088,0.08,0.017,0.006,0.0,0.003,0.007,0.0,0.002,0.008,0.002,0.002,0.0,0.01
114001,115000,12-17 20:18:52.957,12-17 20:18:53.817,1000,0,159,29,6.241383512695813,70.813,0.009,0.237,0.568,0.053,0.133,0.0,0.085,0.018,0.036,0.0,0.024,0.0,0.056,0.0,0.008,0.022,0.0,0.005,0.027,0.012,0.0,0.011,0.0,0.006,0.0,0.008
115001,116000,12-17 20:18:53.818,12-17 20:18:54.826,1000,0,96,19,3.7434871309649824,48.48,0.018,0.103,0.273,0.04,0.566,0.0,0.052,0.013,0.024,0.0,0.016,0.0,0.521,0.0,0.006,0.006,0.0,0.005,0.0,0.008,0.003,0.007,0.0,0.003,0.0,0.015
116001,117000,12-17 20:18:54.826,12-17 20:18:58.716,1000,0,66,14,4.143382899258798,47.302,0.003,0.163,0.458,0.004,0.372,0.0,0.0,0.0,0.024,0.0,0.016,0.004,0.351,0.0,0.007,0.002,0.0,0.009,0.002,0.008,0.002,0.005,0.0,0.006,0.0,0.012
117001,118000,12-17 20:18:58.718,12-17 20:19:07.492,1000,0,133,20,5.771645876222329,74.837,0.023,0.338,0.571,0.04,0.028,0.0,0.0,0.054,0.084,0.0,0.056,0.012,0.0,0.0,0.02,0.037,0.0,0.023,0.001,0.028,0.009,0.017,0.004,0.014,0.0,0.051
118001,119000,12-17 20:19:07.492,12-17 20:19:31.520,1000,0,74,15,5.0663418790845105,72.028,0.006,0.45,0.491,0.023,0.03,0.0,0.004,0.049,0.096,0.0,0.064,0.032,0.0,0.0,0.027,0.008,0.0,0.03,0.0,0.032,0.018,0.01,0.0,0.021,0.0,0.01
119001,120000,12-17 20:19:31.520,12-17 20:19:39.802,1000,0,182,27,6.577130040001703,59.565,0.051,0.297,0.443,0.084,0.125,0.0,0.0,0.044,0.036,0.0,0.024,0.004,0.064,0.016,0.014,0.006,0.005,0.017,0.017,0.012,0.005,0.011,0.002,0.008,0.0,0.006
120001,121000,12-17 20:19:39.804,12-17 20:20:27.955,1000,0,122,19,5.854202062841386,66.957,0.029,0.277,0.489,0.085,0.12,0.0,0.0,0.067,0.012,0.0,0.008,0.012,0.0,0.096,0.031,0.014,0.005,0.004,0.0,0.004,0.006,0.016,0.0,0.004,0.0,0.02
121001,122000,12-17 20:20:27.955,12-17 20:21:57.216,1000,0,79,14,5.2255934253214384,73.184,0.034,0.265,0.456,0.093,0.152,0.0,0.0,0.1,0.0,0.0,0.0,0.0,0.0,0.138,0.021,0.021,0.0,0.0,0.0,0.0,0.006,0.012,0.0,0.0,0.0,0.022
122001,123000,12-17 20:21:57.216,12-17 20:22:10.369,1000,0,176,26,6.472019455224513,63.812,0.027,0.332,0.391,0.077,0.173,0.0,0.0,0.069,0.012,0.0,0.008,0.02,0.088,0.038,0.018,0.004,0.0,0.002,0.015,0.004,0.006,0.01,0.002,0.004,0.0,0.014
123001,124000,12-17 20:22:10.370,12-17 20:22:10.566,1000,0,94,20,3.4270961556591146,69.844,0.005,0.09,0.691,0.008,0.206,0.0,0.531,0.008,0.024,0.0,0.016,0.0,0.032,0.0,0.005,0.003,0.11,0.004,0.012,0.008,0.0,0.004,0.0,0.004,0.0,0.004
124001,125000,12-17 20:22:10.566,12-17 20:22:12.562,1000,0,97,18,4.224821504605931,84.43,0.006,0.163,0.726,0.029,0.076,0.0,0.42,0.026,0.048,0.0,0.032,0.008,0.0,0.0,0.008,0.013,0.0,0.011,0.007,0.016,0.007,0.005,0.002,0.011,0.0,0.004
125001,126000,12-17 20:22:12.568,12-17 20:22:30.864,1000,0,106,19,5.416996418768305,69.172,0.007,0.393,0.536,0.015,0.049,0.0,0.002,0.064,0.06,0.0,0.04,0.036,0.0,0.0,0.02,0.008,0.01,0.024,0.0,0.02,0.021,0.008,0.146,0.022,0.0,0.004
126001,127000,12-17 20:22:30.864,12-17 20:22:39.534,1000,0,96,16,5.484838943851364,69.923,0.065,0.283,0.622,0.013,0.017,0.0,0.002,0.033,0.068,0.0,0.04,0.016,0.0,0.0,0.019,0.005,0.0,0.025,0.0,0.02,0.011,0.011,0.024,0.018,0.0,0.006
127001,128000,12-17 20:22:39.534,12-17 20:22:55.856,1000,0,85,18,4.8101554090532455,71.36,0.011,0.322,0.629,0.019,0.019,0.0,0.0,0.022,0.04,0.0,0.032,0.035,0.0,0.0,0.02,0.009,0.0,0.016,0.0,0.016,0.024,0.009,0.004,0.019,0.0,0.002
128001,129000,12-17 20:22:55.856,12-17 20:23:07.723,1000,0,93,18,5.612129593121311,71.878,0.013,0.381,0.568,0.013,0.025,0.0,0.002,0.064,0.084,0.0,0.056,0.017,0.0,0.0,0.028,0.008,0.0,0.026,0.0,0.028,0.011,0.015,0.064,0.021,0.0,0.014
129001,130000,12-17 20:23:07.725,12-17 20:23:22.048,1000,0,101,20,5.780589775573953,70.802,0.012,0.378,0.541,0.03,0.039,0.0,0.004,0.06,0.084,0.0,0.056,0.02,0.0,0.0,0.026,0.009,0.0,0.025,0.006,0.028,0.013,0.016,0.036,0.016,0.0,0.014
130001,131000,12-17 20:23:22.049,12-17 20:23:29.478,1000,0,116,17,5.6474644170919115,63.193,0.005,0.455,0.468,0.033,0.039,0.0,0.0,0.051,0.072,0.0,0.048,0.02,0.0,0.0,0.016,0.003,0.0,0.021,0.0,0.024,0.009,0.01,0.008,0.016,0.0,0.004
131001,132000,12-17 20:23:29.480,12-17 20:23:43.948,1000,0,76,16,5.432773396058081,71.138,0.01,0.407,0.552,0.012,0.019,0.0,0.002,0.059,0.072,0.0,0.048,0.028,0.0,0.0,0.028,0.007,0.0,0.023,0.0,0.024,0.02,0.013,0.059,0.019,0.0,0.012
132001,133000,12-17 20:23:43.948,12-17 20:23:55.755,1000,0,63,15,5.163564547404334,66.903,0.012,0.355,0.609,0.01,0.014,0.0,0.0,0.061,0.072,0.0,0.048,0.016,0.0,0.0,0.034,0.008,0.0,0.02,0.0,0.024,0.011,0.019,0.074,0.014,0.0,0.022
133001,134000,12-17 20:23:55.755,12-17 20:24:12.966,1000,0,82,19,5.168685991503697,76.522,0.009,0.385,0.553,0.021,0.032,0.0,0.061,0.07,0.132,0.0,0.088,0.028,0.0,0.0,0.024,0.011,0.0,0.039,0.002,0.044,0.02,0.013,0.035,0.029,0.0,0.006
134001,135000,12-17 20:24:12.967,12-17 20:24:21.873,1000,0,76,14,4.929055667959164,68.836,0.005,0.37,0.598,0.005,0.022,0.0,0.002,0.019,0.06,0.0,0.04,0.008,0.0,0.0,0.016,0.003,0.01,0.012,0.0,0.02,0.004,0.01,0.0,0.012,0.0,0.01
135001,136000,12-17 20:24:22.100,12-17 20:24:33.416,1000,0,170,28,6.14507431846865,66.977,0.041,0.415,0.348,0.065,0.131,0.0,0.0,0.108,0.012,0.0,0.008,0.016,0.064,0.016,0.021,0.006,0.005,0.007,0.017,0.004,0.014,0.011,0.002,0.005,0.0,0.0
136001,137000,12-17 20:24:33.416,12-17 20:25:11.836,1000,0,118,18,4.219455928933216,71.714,0.02,0.155,0.68,0.05,0.095,0.0,0.456,0.036,0.012,0.0,0.008,0.004,0.0,0.064,0.015,0.004,0.005,0.002,0.0,0.004,0.002,0.006,0.0,0.003,0.0,0.006
137001,138000,12-17 20:25:11.836,12-17 20:25:23.298,1000,0,87,19,5.111255180996469,74.19,0.014,0.264,0.571,0.041,0.11,0.0,0.202,0.094,0.036,0.0,0.024,0.004,0.0,0.064,0.032,0.006,0.0,0.004,0.0,0.012,0.002,0.016,0.0,0.005,0.0,0.012
138001,139000,12-17 20:25:23.298,12-17 20:25:57.566,1000,0,77,15,5.396937125690546,67.849,0.012,0.321,0.558,0.049,0.06,0.0,0.0,0.098,0.036,0.0,0.02,0.004,0.0,0.048,0.05,0.005,0.0,0.004,0.0,0.009,0.005,0.019,0.0,0.005,0.0,0.026
139001,140000,12-17 20:25:57.567,12-17 20:26:11.022,1000,0,103,17,5.648832556755334,76.107,0.012,0.306,0.503,0.057,0.122,0.0,0.008,0.121,0.036,0.0,0.028,0.012,0.0,0.043,0.038,0.005,0.055,0.004,0.0,0.015,0.009,0.014,0.0,0.005,0.0,0.018
140001,141000,12-17 20:26:11.022,12-17 20:27:01.809,1000,0,68,15,5.252078755200486,74.979,0.024,0.397,0.467,0.041,0.071,0.0,0.002,0.13,0.048,0.0,0.032,0.0,0.0,0.053,0.053,0.009,0.0,0.004,0.0,0.016,0.0,0.023,0.0,0.004,0.0,0.016
141001,142000,12-17 20:27:01.809,12-17 20:27:17.209,1000,0,71,14,5.139893626686028,72.205,0.016,0.382,0.456,0.039,0.107,0.0,0.0,0.142,0.05,0.0,0.032,0.012,0.0,0.08,0.052,0.005,0.0,0.006,0.0,0.016,0.005,0.024,0.0,0.006,0.0,0.014
142001,143000,12-17 20:27:17.209,12-17 20:28:02.060,1000,0,86,19,4.399704636131925,71.638,0.013,0.189,0.629,0.037,0.132,0.0,0.362,0.038,0.01,0.0,0.008,0.004,0.0,0.048,0.022,0.006,0.065,0.001,0.0,0.004,0.002,0.007,0.0,0.003,0.0,0.008
143001,144000,12-17 20:28:02.060,12-17 20:28:31.412,1000,0,64,12,4.504787092277422,74.993,0.013,0.084,0.754,0.039,0.11,0.0,0.302,0.008,0.0,0.0,0.0,0.012,0.0,0.08,0.017,0.005,0.0,0.001,0.0,0.0,0.009,0.007,0.0,0.002,0.0,0.014
144001,145000,12-17 20:28:31.423,12-17 20:29:06.773,1000,0,85,14,3.093323642168445,76.304,0.003,0.158,0.715,0.018,0.106,0.0,0.594,0.038,0.012,0.0,0.008,0.008,0.0,0.064,0.014,0.0,0.005,0.001,0.0,0.004,0.0,0.004,0.0,0.001,0.0,0.002
145001,146000,12-17 20:29:06.773,12-17 20:30:07.544,1000,0,90,15,3.773141106338027,71.993,0.006,0.153,0.664,0.03,0.147,0.0,0.487,0.036,0.012,0.0,0.008,0.012,0.0,0.064,0.015,0.002,0.055,0.002,0.0,0.004,0.002,0.006,0.0,0.003,0.0,0.01
146001,147000,12-17 20:30:07.544,12-17 20:31:00.321,1000,0,97,16,5.155789515838156,68.327,0.013,0.185,0.497,0.067,0.238,0.0,0.117,0.039,0.0,0.0,0.0,0.004,0.0,0.208,0.02,0.01,0.005,0.001,0.0,0.0,0.005,0.009,0.0,0.002,0.0,0.018
147001,148000,12-17 20:31:00.321,12-17 20:31:00.932,1000,0,189,27,6.47936228025311,64.113,0.026,0.289,0.441,0.067,0.177,0.0,0.058,0.054,0.012,0.0,0.008,0.012,0.096,0.0,0.014,0.003,0.0,0.009,0.007,0.004,0.002,0.011,0.002,0.004,0.0,0.016
148001,149000,12-17 20:31:00.935,12-17 20:31:04.257,1000,0,113,26,4.898565559710067,73.007,0.009,0.234,0.579,0.039,0.139,0.0,0.287,0.055,0.036,0.0,0.024,0.008,0.088,0.0,0.012,0.02,0.0,0.012,0.03,0.012,0.007,0.006,0.004,0.006,0.0,0.002
149001,150000,12-17 20:31:04.257,12-17 20:31:11.884,1000,0,43,11,2.3141890717854525,87.052,0.002,0.105,0.797,0.013,0.083,0.0,0.675,0.0,0.045,0.0,0.024,0.004,0.0,0.0,0.001,0.004,0.0,0.014,0.002,0.012,0.002,0.002,0.0,0.009,0.0,0.0
150001,151000,12-17 20:31:11.884,12-17 20:31:29.513,1000,0,126,18,6.097586412336284,80.522,0.056,0.311,0.524,0.049,0.06,0.0,0.002,0.044,0.039,0.0,0.032,0.02,0.0,0.0,0.034,0.042,0.0,0.015,0.002,0.016,0.016,0.027,0.02,0.013,0.0,0.0
151001,152000,12-17 20:31:29.514,12-17 20:31:41.289,1000,0,113,17,5.821022907342755,84.259,0.06,0.325,0.509,0.054,0.052,0.0,0.0,0.032,0.072,0.0,0.048,0.008,0.0,0.016,0.026,0.053,0.005,0.026,0.001,0.024,0.007,0.024,0.028,0.014,0.0,0.0
152001,153000,12-17 20:31:41.289,12-17 20:31:43.061,1000,0,167,12,6.1466812013373415,106.813,0.024,0.308,0.47,0.085,0.113,0.0,0.0,0.009,0.012,0.0,0.008,0.012,0.0,0.0,0.004,0.045,0.0,0.005,0.019,0.004,0.006,0.02,0.0,0.004,0.0,0.002
153001,154000,12-17 20:31:43.061,12-17 20:31:43.966,1000,0,144,9,5.841192233260019,95.484,0.01,0.173,0.454,0.093,0.27,0.0,0.0,0.0,0.0,0.0,0.0,0.0,0.0,0.0,0.004,0.022,0.0,0.0,0.008,0.0,0.0,0.012,0.0,0.0,0.0,0.0
154001,155000,12-17 20:31:43.966,12-17 20:31:44.586,1000,0,129,10,5.735488538991569,103.675,0.001,0.267,0.384,0.11,0.238,0.0,0.0,0.0,0.0,0.0,0.0,0.0,0.0,0.0,0.002,0.009,0.0,0.0,0.029,0.0,0.003,0.029,0.0,0.0,0.0,0.0
155001,156000,12-17 20:31:44.588,12-17 20:31:45.032,1000,0,62,9,3.0067767525229545,62.996,0.001,0.178,0.729,0.02,0.072,0.0,0.0,0.0,0.0,0.0,0.0,0.0,0.0,0.0,0.0,0.011,0.0,0.0,0.045,0.0,0.0,0.043,0.0,0.0,0.0,0.0
156001,157000,12-17 20:31:45.033,12-17 20:31:46.687,1000,0,109,10,5.575528268993592,100.109,0.013,0.324,0.452,0.089,0.122,0.0,0.0,0.005,0.0,0.0,0.0,0.0,0.0,0.0,0.002,0.034,0.0,0.0,0.039,0.0,0.0,0.024,0.004,0.0,0.0,0.0
157001,158000,12-17 20:31:46.862,12-17 20:31:48.242,1000,0,83,10,3.8760343324326,150.886,0.009,0.097,0.719,0.123,0.052,0.0,0.0,0.009,0.0,0.0,0.0,0.0,0.0,0.0,0.001,0.022,0.0,0.0,0.018,0.0,0.0,0.007,0.004,0.0,0.0,0.0
158001,159000,12-17 20:31:48.242,12-17 20:31:56.675,1000,0,105,20,4.459722196521002,158.659,0.005,0.194,0.625,0.097,0.079,0.0,0.002,0.013,0.0,0.0,0.0,0.008,0.0,0.0,0.003,0.037,0.01,0.002,0.004,0.0,0.007,0.005,0.008,0.004,0.001,0.0
159001,160000,12-17 20:31:56.728,12-17 20:32:15.235,1000,0,127,27,5.603695949747487,82.615,0.018,0.393,0.497,0.046,0.046,0.0,0.002,0.028,0.132,0.0,0.088,0.02,0.0,0.0,0.007,0.072,0.0,0.044,0.001,0.044,0.017,0.0,0.016,0.026,0.0,0.002
160001,161000,12-17 20:32:15.237,12-17 20:32:17.195,1000,0,156,15,5.785495020941561,90.843,0.015,0.338,0.402,0.035,0.21,0.0,0.0,0.012,0.012,0.0,0.008,0.0,0.0,0.0,0.001,0.018,0.05,0.001,0.004,0.004,0.0,0.006,0.0,0.001,0.0,0.002
161001,162000,12-17 20:32:17.195,12-17 20:32:17.816,1000,0,124,12,5.411987752162845,79.685,0.07,0.251,0.618,0.018,0.043,0.0,0.0,0.022,0.0,0.0,0.0,0.0,0.0,0.0,0.002,0.015,0.0,0.0,0.004,0.0,0.0,0.005,0.0,0.0,0.0,0.0
162001,163000,12-17 20:32:17.817,12-17 20:32:29.409,1000,0,138,23,6.172344088822842,72.672,0.054,0.355,0.461,0.064,0.066,0.0,0.002,0.027,0.048,0.0,0.032,0.016,0.04,0.0,0.017,0.035,0.0,0.018,0.007,0.016,0.011,0.012,0.004,0.011,0.0,0.002
163001,164000,12-17 20:32:29.409,12-17 20:32:51.833,1000,0,64,15,4.679031552119489,77.625,0.044,0.358,0.526,0.044,0.028,0.0,0.008,0.028,0.18,0.0,0.12,0.032,0.0,0.0,0.012,0.037,0.0,0.056,0.027,0.06,0.023,0.003,0.0,0.038,0.0,0.0
164001,165000,12-17 20:32:51.835,12-17 20:33:12.695,1000,0,83,18,5.1373437417346555,77.925,0.043,0.36,0.516,0.056,0.025,0.0,0.002,0.06,0.132,0.0,0.088,0.052,0.0,0.0,0.026,0.031,0.0,0.049,0.007,0.044,0.032,0.012,0.0,0.039,0.0,0.002
165001,166000,12-17 20:33:12.696,12-17 20:33:43.718,1000,0,75,14,5.172051787394634,71.738,0.065,0.358,0.491,0.055,0.031,0.0,0.002,0.054,0.096,0.0,0.064,0.056,0.0,0.0,0.024,0.053,0.0,0.03,0.0,0.032,0.037,0.008,0.0,0.033,0.0,0.0
166001,167000,12-17 20:33:43.718,12-17 20:34:07.666,1000,0,92,20,5.305455852289775,73.645,0.051,0.34,0.433,0.052,0.124,0.0,0.002,0.05,0.108,0.0,0.072,0.044,0.0,0.016,0.023,0.034,0.075,0.036,0.0,0.036,0.031,0.011,0.0,0.033,0.0,0.002
167001,168000,12-17 20:34:07.678,12-17 20:34:42.237,1000,0,58,16,4.929216457840558,76.459,0.07,0.389,0.452,0.057,0.032,0.0,0.004,0.051,0.108,0.0,0.072,0.058,0.0,0.0,0.03,0.048,0.0,0.039,0.0,0.036,0.041,0.012,0.0,0.039,0.0,0.0
168001,169000,12-17 20:34:42.238,12-17 20:35:10.890,1000,0,60,16,4.895412931684692,77.329,0.057,0.396,0.473,0.051,0.023,0.0,0.004,0.06,0.132,0.0,0.085,0.058,0.0,0.0,0.028,0.04,0.0,0.046,0.0,0.042,0.035,0.01,0.0,0.041,0.0,0.002
169001,170000,12-17 20:35:10.890,12-17 20:35:55.603,1000,0,58,18,4.8702640908170425,75.676,0.09,0.346,0.458,0.068,0.038,0.0,0.004,0.034,0.093,0.0,0.059,0.072,0.0,0.0,0.027,0.057,0.01,0.04,0.0,0.03,0.051,0.007,0.0,0.041,0.0,0.0
170001,171000,12-17 20:35:55.603,12-17 20:36:24.141,1000,0,62,17,4.990413544609103,76.405,0.059,0.359,0.504,0.047,0.031,0.0,0.061,0.041,0.111,0.0,0.08,0.06,0.0,0.0,0.026,0.039,0.0,0.038,0.0,0.04,0.036,0.009,0.0,0.037,0.0,0.002
171001,172000,12-17 20:36:24.143,12-17 20:36:48.964,1000,0,61,18,4.666013846210271,79.763,0.048,0.431,0.453,0.045,0.023,0.0,0.002,0.048,0.18,0.0,0.12,0.036,0.0,0.0,0.02,0.036,0.0,0.058,0.012,0.06,0.027,0.017,0.0,0.039,0.0,0.0
172001,173000,12-17 20:36:48.964,12-17 20:37:18.434,1000,0,56,15,4.770186319325385,77.764,0.061,0.411,0.456,0.052,0.02,0.0,0.004,0.047,0.144,0.0,0.096,0.048,0.0,0.0,0.027,0.043,0.0,0.049,0.0,0.048,0.033,0.01,0.0,0.04,0.0,0.002
173001,174000,12-17 20:37:18.435,12-17 20:38:03.277,1000,0,72,16,5.03949454058496,73.466,0.089,0.346,0.45,0.065,0.05,0.0,0.004,0.044,0.084,0.0,0.056,0.072,0.0,0.0,0.024,0.056,0.01,0.034,0.0,0.028,0.048,0.007,0.0,0.036,0.0,0.002
174001,175000,12-17 20:38:03.280,12-17 20:38:36.346,1000,0,52,13,4.798829085889469,77.087,0.066,0.42,0.443,0.051,0.02,0.0,0.004,0.046,0.132,0.0,0.088,0.052,0.0,0.0,0.025,0.043,0.0,0.048,0.0,0.044,0.038,0.009,0.0,0.04,0.0,0.0
175001,176000,12-17 20:38:36.346,12-17 20:39:15.948,1000,0,59,15,4.893606963983406,75.802,0.08,0.372,0.457,0.059,0.032,0.0,0.004,0.049,0.108,0.0,0.072,0.064,0.0,0.0,0.027,0.051,0.0,0.037,0.0,0.036,0.044,0.009,0.0,0.039,0.0,0.002
176001,177000,12-17 20:39:15.948,12-17 20:39:48.517,1000,0,70,18,4.964275014360192,76.789,0.065,0.403,0.447,0.052,0.033,0.0,0.002,0.053,0.12,0.0,0.08,0.056,0.0,0.0,0.029,0.044,0.0,0.044,0.0,0.04,0.037,0.011,0.0,0.038,0.0,0.0
177001,178000,12-17 20:39:48.517,12-17 20:39:59.843,1000,0,91,16,5.622853787113817,85.832,0.031,0.303,0.456,0.174,0.036,0.0,0.002,0.013,0.072,0.0,0.048,0.012,0.0,0.0,0.007,0.015,0.01,0.021,0.008,0.024,0.011,0.011,0.0,0.014,0.0,0.019
178001,179000,12-17 20:39:59.844,12-17 20:40:37.204,1000,0,66,17,5.049289753399048,74.787,0.077,0.367,0.458,0.07,0.028,0.0,0.004,0.036,0.096,0.0,0.064,0.068,0.0,0.0,0.025,0.048,0.0,0.039,0.0,0.032,0.044,0.006,0.0,0.039,0.0,0.006
179001,180000,12-17 20:40:37.716,12-17 20:41:06.088,1000,0,64,17,5.031520361524092,78.182,0.059,0.364,0.481,0.074,0.022,0.0,0.03,0.067,0.12,0.0,0.08,0.048,0.0,0.0,0.022,0.039,0.0,0.039,0.0,0.04,0.033,0.009,0.0,0.033,0.0,0.006
180001,181000,12-17 20:41:06.123,12-17 20:41:44.145,1000,0,93,17,5.309073026037624,72.059,0.08,0.258,0.406,0.081,0.175,0.0,0.035,0.025,0.048,0.0,0.032,0.052,0.0,0.016,0.018,0.051,0.12,0.022,0.033,0.016,0.035,0.004,0.0,0.025,0.0,0.0
181001,182000,12-17 20:41:44.161,12-17 20:42:07.866,1000,0,68,18,4.8563948946579645,75.667,0.049,0.407,0.46,0.053,0.031,0.0,0.002,0.048,0.156,0.0,0.104,0.048,0.0,0.0,0.026,0.034,0.01,0.054,0.0,0.052,0.035,0.01,0.0,0.042,0.0,0.006
182001,183000,12-17 20:42:07.866,12-17 20:42:44.255,1000,0,48,13,4.784952754441771,75.712,0.074,0.39,0.455,0.055,0.026,0.0,0.01,0.047,0.108,0.0,0.072,0.076,0.0,0.0,0.03,0.048,0.0,0.041,0.0,0.036,0.045,0.009,0.0,0.044,0.0,0.0
183001,184000,12-17 20:42:44.764,12-17 20:43:33.357,1000,0,68,16,5.042223277738521,75.516,0.099,0.328,0.452,0.084,0.037,0.0,0.006,0.036,0.072,0.0,0.048,0.064,0.0,0.0,0.024,0.062,0.0,0.03,0.0,0.024,0.047,0.006,0.0,0.034,0.0,0.006
184001,185000,12-17 20:43:33.358,12-17 20:43:59.690,1000,0,55,16,4.770119252078536,76.888,0.052,0.411,0.456,0.049,0.032,0.0,0.002,0.06,0.144,0.0,0.096,0.052,0.0,0.0,0.028,0.036,0.01,0.047,0.0,0.048,0.035,0.016,0.0,0.042,0.0,0.0
185001,186000,12-17 20:43:59.690,12-17 20:44:13.047,1000,0,93,17,5.322472605999159,70.452,0.028,0.394,0.421,0.059,0.098,0.0,0.002,0.051,0.12,0.0,0.076,0.04,0.0,0.0,0.014,0.024,0.0,0.04,0.009,0.038,0.019,0.007,0.0,0.028,0.0,0.006
186001,187000,12-17 20:44:13.048,12-17 20:44:57.004,1000,0,71,15,5.118415996908295,71.476,0.09,0.352,0.382,0.068,0.108,0.0,0.004,0.037,0.072,0.0,0.052,0.052,0.0,0.016,0.021,0.055,0.055,0.027,0.0,0.026,0.041,0.006,0.0,0.028,0.0,0.0
187001,188000,12-17 20:44:57.309,12-17 20:45:42.325,1000,0,65,17,5.0662693422361125,75.122,0.091,0.329,0.475,0.077,0.028,0.0,0.004,0.036,0.072,0.0,0.048,0.068,0.0,0.0,0.026,0.058,0.0,0.031,0.0,0.024,0.046,0.006,0.0,0.036,0.0,0.006
188001,189000,12-17 20:45:42.726,12-17 20:46:04.067,1000,0,66,16,4.640425424662963,75.98,0.043,0.31,0.537,0.047,0.063,0.0,0.223,0.045,0.096,0.0,0.064,0.046,0.0,0.0,0.023,0.029,0.01,0.034,0.0,0.032,0.03,0.007,0.0,0.029,0.0,0.006
189001,190000,12-17 20:46:04.068,12-17 20:46:45.332,1000,0,53,15,4.868114658901798,76.476,0.084,0.335,0.486,0.061,0.034,0.0,0.063,0.031,0.084,0.0,0.056,0.066,0.0,0.0,0.023,0.052,0.0,0.038,0.0,0.028,0.047,0.005,0.0,0.037,0.0,0.0
190001,191000,12-17 20:46:45.337,12-17 20:47:19.658,1000,0,72,14,5.02929366903471,75.919,0.07,0.389,0.456,0.065,0.02,0.0,0.006,0.039,0.132,0.0,0.088,0.04,0.0,0.0,0.023,0.047,0.0,0.044,0.0,0.044,0.029,0.007,0.0,0.034,0.0,0.009
191001,192000,12-17 20:47:19.659,12-17 20:48:00.251,1000,0,57,15,4.819999793703194,72.985,0.081,0.37,0.436,0.073,0.04,0.0,0.004,0.022,0.12,0.0,0.08,0.056,0.0,0.0,0.021,0.052,0.01,0.041,0.0,0.04,0.04,0.0,0.0,0.039,0.0,0.006
192001,193000,12-17 20:48:00.251,12-17 20:48:38.485,1000,0,43,12,4.61077445594405,76.392,0.078,0.385,0.452,0.057,0.028,0.0,0.004,0.018,0.132,0.0,0.088,0.061,0.0,0.0,0.022,0.049,0.0,0.056,0.0,0.044,0.044,0.0,0.0,0.042,0.0,0.0
193001,194000,12-17 20:48:38.487,12-17 20:49:06.446,1000,0,63,16,4.1888261250633665,78.242,0.057,0.202,0.651,0.063,0.027,0.0,0.385,0.024,0.024,0.0,0.016,0.027,0.0,0.0,0.011,0.04,0.0,0.01,0.018,0.008,0.021,0.003,0.0,0.009,0.0,0.006
194001,195000,12-17 20:49:06.446,12-17 20:49:18.492,1000,0,56,13,4.321117874097887,89.442,0.026,0.222,0.647,0.07,0.035,0.0,0.283,0.046,0.084,0.0,0.055,0.012,0.0,0.0,0.005,0.021,0.0,0.031,0.0,0.026,0.009,0.0,0.0,0.018,0.0,0.0
195001,196000,12-17 20:49:18.492,12-17 20:50:05.102,1000,0,58,14,4.867142970580535,73.555,0.093,0.35,0.437,0.082,0.038,0.0,0.004,0.027,0.091,0.0,0.057,0.064,0.0,0.0,0.024,0.061,0.01,0.042,0.0,0.03,0.044,0.0,0.0,0.034,0.0,0.006
196001,197000,12-17 20:50:05.102,12-17 20:51:02.971,1000,0,59,13,4.872287153035659,72.968,0.115,0.295,0.451,0.098,0.041,0.0,0.006,0.015,0.041,0.0,0.032,0.072,0.0,0.0,0.02,0.08,0.0,0.026,0.0,0.016,0.056,0.0,0.0,0.035,0.0,0.006
197001,198000,12-17 20:51:02.972,12-17 20:51:09.425,1000,0,48,14,2.594649559901779,80.61,0.014,0.105,0.822,0.02,0.039,0.0,0.658,0.01,0.036,0.0,0.024,0.016,0.0,0.0,0.007,0.01,0.0,0.015,0.0,0.012,0.009,0.0,0.0,0.01,0.0,0.0
198001,199000,12-17 20:51:09.425,12-17 20:51:42.997,1000,0,64,15,5.128489213890306,84.958,0.068,0.34,0.473,0.099,0.02,0.0,0.01,0.055,0.096,0.0,0.064,0.032,0.0,0.0,0.014,0.049,0.0,0.037,0.0,0.032,0.026,0.0,0.0,0.025,0.0,0.0
199001,200000,12-17 20:51:42.997,12-17 20:52:03.168,1000,0,96,19,5.205375093549099,72.362,0.047,0.289,0.427,0.072,0.165,0.0,0.002,0.021,0.108,0.0,0.072,0.044,0.0,0.016,0.018,0.034,0.125,0.041,0.033,0.036,0.027,0.002,0.0,0.031,0.0,0.006
200001,201000,12-17 20:52:03.168,12-17 20:52:45.288,1000,0,36,11,4.493736201437648,74.707,0.084,0.396,0.436,0.062,0.022,0.0,0.01,0.022,0.132,0.0,0.088,0.06,0.0,0.0,0.022,0.055,0.0,0.051,0.0,0.044,0.043,0.0,0.0,0.043,0.0,0.0
201001,202000,12-17 20:52:45.288,12-17 20:53:07.283,1000,0,57,15,4.053744116707461,78.248,0.045,0.228,0.652,0.053,0.022,0.0,0.373,0.021,0.084,0.0,0.056,0.016,0.0,0.0,0.009,0.032,0.0,0.021,0.0,0.028,0.016,0.0,0.0,0.018,0.0,0.006
202001,203000,12-17 20:53:07.283,12-17 20:53:19.324,1000,0,53,13,4.2999871870420705,89.504,0.026,0.201,0.672,0.069,0.032,0.0,0.295,0.044,0.072,0.0,0.04,0.02,0.0,0.0,0.007,0.021,0.0,0.029,0.0,0.02,0.013,0.0,0.0,0.02,0.0,0.0
203001,204000,12-17 20:53:19.325,12-17 20:54:03.295,1000,0,66,15,5.062933042500077,74.371,0.089,0.348,0.442,0.084,0.037,0.0,0.004,0.03,0.072,0.0,0.056,0.06,0.0,0.0,0.023,0.061,0.01,0.033,0.009,0.028,0.042,0.002,0.0,0.031,0.0,0.006
204001,205000,12-17 20:54:03.442,12-17 20:54:43.133,1000,0,54,12,4.769509339189285,73.371,0.078,0.396,0.445,0.059,0.022,0.0,0.004,0.021,0.12,0.0,0.08,0.058,0.0,0.0,0.021,0.051,0.0,0.052,0.0,0.04,0.042,0.0,0.0,0.043,0.0,0.0
205001,206000,12-17 20:54:43.134,12-17 20:55:06.381,1000,0,53,15,4.127049248126467,76.218,0.049,0.229,0.643,0.056,0.023,0.0,0.357,0.022,0.06,0.0,0.04,0.038,0.0,0.0,0.016,0.034,0.0,0.026,0.0,0.02,0.027,0.0,0.0,0.021,0.0,0.006
206001,207000,12-17 20:55:06.381,12-17 20:55:22.340,1000,0,54,14,4.1338742882627555,87.059,0.032,0.219,0.667,0.048,0.034,0.0,0.311,0.006,0.108,0.0,0.068,0.008,0.0,0.0,0.003,0.023,0.0,0.038,0.002,0.032,0.007,0.002,0.0,0.021,0.0,0.0
207001,208000,12-17 20:55:22.340,12-17 20:56:12.341,1000,0,60,14,4.861919191984938,73.277,0.101,0.304,0.46,0.083,0.052,0.0,0.065,0.017,0.072,0.0,0.052,0.061,0.0,0.0,0.019,0.063,0.01,0.03,0.0,0.028,0.047,0.0,0.0,0.029,0.0,0.006
208001,209000,12-17 20:56:12.341,12-17 20:57:00.050,1000,0,51,13,4.815026331184969,73.602,0.095,0.347,0.437,0.071,0.05,0.0,0.028,0.019,0.084,0.0,0.056,0.067,0.0,0.0,0.022,0.061,0.0,0.04,0.0,0.028,0.047,0.0,0.0,0.039,0.0,0.003
209001,210000,12-17 20:57:00.050,12-17 20:57:45.196,1000,0,42,13,4.581109755374372,75.916,0.092,0.345,0.466,0.077,0.02,0.0,0.004,0.027,0.108,0.0,0.072,0.076,0.0,0.0,0.025,0.06,0.0,0.045,0.0,0.036,0.05,0.0,0.0,0.044,0.0,0.003
210001,211000,12-17 20:57:45.197,12-17 20:58:21.193,1000,0,61,15,4.9037334644499895,77.136,0.073,0.375,0.429,0.091,0.032,0.0,0.004,0.05,0.12,0.0,0.08,0.036,0.0,0.0,0.013,0.05,0.01,0.044,0.0,0.04,0.03,0.0,0.0,0.031,0.0,0.006
211001,212000,12-17 20:58:21.441,12-17 20:59:05.592,1000,0,50,16,4.740510054461153,76.029,0.089,0.345,0.462,0.08,0.024,0.0,0.004,0.023,0.12,0.0,0.08,0.056,0.0,0.0,0.021,0.061,0.0,0.045,0.002,0.04,0.041,0.005,0.0,0.033,0.0,0.006
212001,213000,12-17 20:59:05.593,12-17 20:59:37.290,1000,0,78,15,4.989872551354436,70.854,0.065,0.306,0.405,0.057,0.167,0.0,0.004,0.022,0.096,0.0,0.064,0.048,0.0,0.032,0.018,0.046,0.115,0.042,0.0,0.032,0.035,0.0,0.0,0.035,0.0,0.0
213001,214000,12-17 20:59:37.291,12-17 20:59:48.965,1000,0,108,15,5.25201198205092,82.924,0.032,0.278,0.626,0.029,0.035,0.0,0.0,0.011,0.024,0.0,0.016,0.02,0.0,0.0,0.008,0.016,0.0,0.011,0.0,0.008,0.013,0.002,0.008,0.01,0.0,0.0
214001,215000,12-17 20:59:48.965,12-17 20:59:54.051,1000,0,163,15,5.9671853902395,85.687,0.075,0.309,0.532,0.028,0.056,0.0,0.002,0.008,0.0,0.0,0.0,0.008,0.0,0.0,0.004,0.006,0.01,0.002,0.0,0.0,0.004,0.002,0.008,0.004,0.0,0.0
215001,216000,12-17 20:59:54.055,12-17 21:00:03.394,1000,0,119,20,5.843555398596825,64.563,0.022,0.259,0.642,0.053,0.024,0.0,0.0,0.023,0.036,0.0,0.024,0.016,0.0,0.0,0.007,0.019,0.0,0.016,0.007,0.012,0.011,0.003,0.012,0.013,0.0,0.006
216001,217000,12-17 21:00:03.396,12-17 21:00:27.815,1000,0,65,15,4.809306205459573,78.343,0.048,0.367,0.498,0.059,0.028,0.0,0.002,0.041,0.156,0.0,0.104,0.044,0.0,0.0,0.02,0.036,0.0,0.059,0.007,0.052,0.031,0.002,0.0,0.038,0.0,0.0
217001,218000,12-17 21:00:28.076,12-17 21:01:00.176,1000,0,59,13,4.7748538866804475,75.165,0.065,0.394,0.45,0.065,0.026,0.0,0.004,0.029,0.144,0.0,0.096,0.044,0.0,0.0,0.02,0.045,0.0,0.057,0.0,0.048,0.031,0.0,0.0,0.04,0.0,0.006
218001,219000,12-17 21:01:00.176,12-17 21:01:25.211,1000,0,74,16,4.850201686837028,79.985,0.054,0.356,0.517,0.046,0.027,0.0,0.075,0.018,0.156,0.0,0.104,0.044,0.0,0.0,0.016,0.035,0.0,0.059,0.002,0.052,0.028,0.004,0.0,0.036,0.0,0.008
219001,220000,12-17 21:01:25.213,12-17 21:01:51.638,1000,0,62,13,4.62760548428636,75.094,0.052,0.359,0.437,0.115,0.037,0.0,0.004,0.011,0.179,0.0,0.112,0.04,0.0,0.0,0.012,0.037,0.01,0.068,0.0,0.056,0.029,0.0,0.0,0.041,0.0,0.006
220001,221000,12-17 21:01:51.638,12-17 21:02:19.384,1000,0,51,14,4.566246918476701,76.976,0.057,0.378,0.489,0.061,0.015,0.0,0.002,0.029,0.169,0.0,0.12,0.041,0.0,0.0,0.019,0.043,0.0,0.061,0.0,0.06,0.031,0.002,0.0,0.046,0.0,0.006
221001,222000,12-17 21:02:19.385,12-17 21:02:58.413,1000,0,37,11,4.4492584963921535,75.291,0.078,0.387,0.457,0.06,0.018,0.0,0.01,0.026,0.144,0.0,0.096,0.061,0.0,0.0,0.023,0.052,0.0,0.056,0.0,0.048,0.042,0.0,0.0,0.044,0.0,0.0
222001,223000,12-17 21:02:58.417,12-17 21:03:37.633,1000,0,73,17,5.136426147564869,75.402,0.079,0.355,0.428,0.103,0.035,0.0,0.004,0.022,0.084,0.0,0.056,0.05,0.0,0.0,0.02,0.075,0.0,0.033,0.0,0.028,0.036,0.0,0.0,0.031,0.0,0.006
223001,224000,12-17 21:03:37.635,12-17 21:04:11.015,1000,0,81,19,5.194516007563045,73.122,0.07,0.357,0.469,0.075,0.029,0.0,0.004,0.024,0.108,0.0,0.064,0.052,0.0,0.0,0.023,0.052,0.01,0.045,0.002,0.032,0.035,0.004,0.0,0.035,0.0,0.006
224001,225000,12-17 21:04:11.015,12-17 21:05:00.002,1000,0,51,12,4.777341946903818,75.256,0.098,0.349,0.449,0.072,0.032,0.0,0.004,0.024,0.084,0.0,0.064,0.064,0.0,0.0,0.022,0.062,0.0,0.04,0.0,0.032,0.047,0.0,0.0,0.037,0.0,0.0
225001,226000,12-17 21:05:00.003,12-17 21:05:22.402,1000,0,87,16,5.470536094334768,73.05,0.046,0.342,0.452,0.068,0.092,0.0,0.002,0.029,0.084,0.0,0.05,0.032,0.0,0.0,0.013,0.037,0.0,0.034,0.029,0.024,0.022,0.003,0.0,0.026,0.0,0.006
226001,227000,12-17 21:05:22.402,12-17 21:06:01.396,1000,0,59,15,4.90167374221167,73.243,0.079,0.358,0.454,0.076,0.033,0.0,0.004,0.024,0.102,0.0,0.07,0.064,0.0,0.0,0.025,0.052,0.01,0.048,0.0,0.036,0.044,0.001,0.0,0.039,0.0,0.006
227001,228000,12-17 21:06:01.396,12-17 21:06:46.509,1000,0,48,14,4.722335152567152,75.547,0.09,0.321,0.484,0.068,0.037,0.0,0.063,0.019,0.09,0.0,0.062,0.068,0.0,0.0,0.023,0.063,0.0,0.039,0.0,0.03,0.049,0.002,0.0,0.036,0.0,0.0
228001,229000,12-17 21:06:46.509,12-17 21:07:23.653,1000,0,52,14,4.770777337394311,76.012,0.075,0.356,0.473,0.075,0.021,0.0,0.004,0.025,0.132,0.0,0.09,0.048,0.0,0.0,0.019,0.05,0.0,0.054,0.0,0.046,0.033,0.0,0.0,0.04,0.0,0.006
229001,230000,12-17 21:07:23.654,12-17 21:08:11.713,1000,0,59,14,4.887746131351221,73.35,0.097,0.32,0.463,0.085,0.035,0.0,0.006,0.021,0.072,0.0,0.048,0.08,0.0,0.0,0.025,0.061,0.01,0.038,0.0,0.024,0.055,0.0,0.0,0.04,0.0,0.006
230001,231000,12-17 21:08:11.714,12-17 21:08:56.767,1000,0,39,12,4.66650838947512,75.444,0.091,0.369,0.434,0.083,0.023,0.0,0.004,0.036,0.096,0.0,0.064,0.064,0.0,0.0,0.024,0.059,0.0,0.044,0.0,0.032,0.047,0.0,0.0,0.04,0.0,0.0
231001,232000,12-17 21:08:56.767,12-17 21:09:36.145,1000,0,77,16,5.127825700085003,74.196,0.08,0.324,0.479,0.075,0.042,0.0,0.004,0.028,0.096,0.0,0.064,0.06,0.0,0.0,0.021,0.053,0.0,0.043,0.0,0.032,0.041,0.0,0.0,0.037,0.0,0.006
232001,233000,12-17 21:09:36.149,12-17 21:09:59.560,1000,0,87,15,4.995860181359302,71.907,0.05,0.323,0.408,0.06,0.159,0.0,0.002,0.024,0.12,0.0,0.08,0.04,0.0,0.016,0.017,0.035,0.125,0.048,0.033,0.04,0.027,0.001,0.0,0.035,0.0,0.0
233001,234000,12-17 21:09:59.560,12-17 21:10:52.925,1000,0,59,14,4.988801579873114,74.6,0.107,0.32,0.449,0.092,0.032,0.0,0.006,0.025,0.048,0.0,0.032,0.072,0.0,0.0,0.022,0.068,0.0,0.028,0.0,0.016,0.051,0.001,0.0,0.031,0.0,0.006
234001,235000,12-17 21:10:52.926,12-17 21:11:35.980,1000,0,70,15,5.0189445887103,75.296,0.089,0.325,0.468,0.082,0.036,0.0,0.063,0.019,0.096,0.0,0.064,0.048,0.0,0.0,0.016,0.055,0.005,0.04,0.0,0.032,0.036,0.0,0.0,0.031,0.0,0.006
235001,236000,12-17 21:11:35.980,12-17 21:11:56.323,1000,0,52,14,4.167111774987482,77.436,0.042,0.33,0.529,0.037,0.062,0.0,0.223,0.009,0.157,0.0,0.104,0.028,0.0,0.0,0.011,0.028,0.01,0.061,0.0,0.052,0.023,0.001,0.0,0.034,0.0,0.0
236001,237000,12-17 21:11:56.323,12-17 21:12:30.483,1000,0,55,14,4.864894663451728,74.605,0.069,0.381,0.457,0.069,0.024,0.0,0.004,0.03,0.119,0.0,0.08,0.06,0.0,0.0,0.024,0.047,0.0,0.048,0.0,0.04,0.039,0.0,0.0,0.041,0.0,0.006
237001,238000,12-17 21:12:30.484,12-17 21:13:11.506,1000,0,73,17,5.105313215915844,71.251,0.085,0.254,0.47,0.083,0.108,0.0,0.095,0.021,0.048,0.0,0.032,0.06,0.0,0.016,0.02,0.053,0.055,0.026,0.0,0.016,0.042,0.0,0.0,0.029,0.0,0.006
238001,239000,12-17 21:13:11.506,12-17 21:13:11.890,1000,0,5,4,0.07306903898424832,80.53,0.0,0.005,0.976,0.0,0.019,0.0,0.993,0.002,0.0,0.0,0.0,0.0,0.0,0.0,0.0,0.0,0.0,0.0,0.0,0.0,0.0,0.0,0.0,0.0,0.0,0.0
239001,240000,12-17 21:13:11.890,12-17 21:13:21.746,1000,0,59,14,3.8639442880519823,88.453,0.022,0.145,0.678,0.066,0.089,0.0,0.422,0.042,0.036,0.0,0.024,0.012,0.0,0.0,0.005,0.019,0.0,0.015,0.0,0.012,0.009,0.0,0.0,0.012,0.0,0.0
240001,241000,12-17 21:13:21.796,12-17 21:14:00.041,1000,0,54,12,4.674279247936715,73.372,0.077,0.386,0.442,0.058,0.037,0.0,0.004,0.019,0.144,0.0,0.096,0.052,0.0,0.0,0.019,0.048,0.01,0.051,0.0,0.048,0.038,0.0,0.0,0.039,0.0,0.003
241001,242000,12-17 21:14:00.041,12-17 21:14:40.109,1000,0,46,16,3.7723243054807063,75.715,0.08,0.177,0.642,0.07,0.031,0.0,0.39,0.013,0.012,0.0,0.008,0.052,0.0,0.0,0.015,0.052,0.0,0.013,0.0,0.004,0.038,0.0,0.0,0.02,0.0,0.003
242001,243000,12-17 21:14:40.109,12-17 21:14:50.339,1000,0,57,13,4.353846983477748,89.017,0.024,0.21,0.663,0.07,0.033,0.0,0.284,0.05,0.072,0.0,0.048,0.02,0.0,0.0,0.008,0.02,0.0,0.027,0.0,0.024,0.013,0.0,0.0,0.017,0.0,0.0
243001,244000,12-17 21:14:50.339,12-17 21:15:36.377,1000,0,66,15,5.053706860903096,75.159,0.093,0.319,0.463,0.088,0.037,0.0,0.004,0.024,0.072,0.0,0.048,0.064,0.0,0.0,0.021,0.065,0.0,0.036,0.009,0.024,0.044,0.001,0.0,0.035,0.0,0.006
244001,245000,12-17 21:15:36.377,12-17 21:16:19.352,1000,0,56,14,4.846418043570313,72.146,0.087,0.356,0.445,0.079,0.033,0.0,0.004,0.02,0.108,0.0,0.072,0.06,0.0,0.0,0.02,0.055,0.01,0.047,0.0,0.036,0.045,0.0,0.0,0.038,0.0,0.006
245001,246000,12-17 21:16:19.794,12-17 21:16:39.798,1000,0,71,16,4.455524599761961,72.423,0.042,0.211,0.548,0.042,0.157,0.0,0.278,0.02,0.06,0.0,0.04,0.032,0.0,0.016,0.013,0.027,0.115,0.026,0.0,0.02,0.022,0.0,0.0,0.022,0.0,0.0
246001,247000,12-17 21:16:39.798,12-17 21:16:49.475,1000,0,54,13,3.8985289965708985,88.969,0.022,0.168,0.722,0.055,0.033,0.0,0.39,0.043,0.06,0.0,0.04,0.017,0.0,0.0,0.007,0.019,0.0,0.023,0.0,0.02,0.013,0.0,0.0,0.012,0.0,0.0
247001,248000,12-17 21:16:49.475,12-17 21:17:31.056,1000,0,57,15,4.896661878467818,76.688,0.083,0.332,0.465,0.09,0.03,0.0,0.004,0.022,0.108,0.0,0.064,0.063,0.0,0.0,0.021,0.055,0.0,0.043,0.0,0.032,0.042,0.005,0.0,0.042,0.0,0.006
248001,249000,12-17 21:17:31.056,12-17 21:17:56.540,1000,0,79,16,4.812458617723685,75.726,0.053,0.391,0.477,0.055,0.024,0.0,0.002,0.031,0.168,0.0,0.12,0.036,0.0,0.0,0.016,0.036,0.01,0.059,0.006,0.06,0.024,0.002,0.004,0.041,0.0,0.0
249001,250000,12-17 21:17:56.540,12-17 21:18:43.970,1000,0,68,16,5.094515850042543,75.27,0.095,0.304,0.471,0.086,0.044,0.0,0.063,0.028,0.048,0.0,0.032,0.056,0.0,0.0,0.021,0.062,0.0,0.026,0.001,0.016,0.043,0.0,0.0,0.028,0.0,0.006
250001,251000,12-17 21:18:43.970,12-17 21:19:36.925,1000,0,61,14,4.905968032002248,73.665,0.107,0.31,0.463,0.091,0.029,0.0,0.006,0.027,0.06,0.0,0.04,0.072,0.0,0.0,0.023,0.068,0.0,0.032,0.0,0.02,0.054,0.0,0.0,0.033,0.0,0.006
251001,252000,12-17 21:19:37.206,12-17 21:20:12.646,1000,0,67,14,5.015032764698051,74.092,0.073,0.362,0.459,0.076,0.03,0.0,0.004,0.024,0.108,0.0,0.072,0.06,0.0,0.0,0.021,0.052,0.01,0.047,0.0,0.036,0.039,0.002,0.0,0.039,0.0,0.006
252001,253000,12-17 21:20:12.923,12-17 21:20:41.068,1000,0,46,15,3.252425196156775,77.627,0.056,0.144,0.724,0.045,0.031,0.0,0.528,0.011,0.012,0.0,0.008,0.032,0.0,0.0,0.011,0.036,0.0,0.01,0.0,0.004,0.025,0.0,0.0,0.014,0.0,0.0
253001,254000,12-17 21:20:41.068,12-17 21:21:04.394,1000,0,70,14,5.006700354216892,83.872,0.049,0.236,0.599,0.075,0.041,0.0,0.14,0.015,0.084,0.0,0.056,0.04,0.0,0.0,0.012,0.033,0.0,0.036,0.0,0.028,0.026,0.0,0.0,0.028,0.0,0.006
254001,255000,12-17 21:21:04.396,12-17 21:21:39.043,1000,0,42,11,4.525648057322086,75.519,0.07,0.404,0.443,0.055,0.028,0.0,0.004,0.025,0.144,0.0,0.096,0.057,0.0,0.0,0.024,0.046,0.0,0.055,0.0,0.048,0.042,0.0,0.0,0.044,0.0,0.0
255001,256000,12-17 21:21:39.043,12-17 21:22:17.241,1000,0,65,17,5.05165947754062,77.082,0.077,0.32,0.461,0.097,0.045,0.0,0.004,0.052,0.084,0.0,0.056,0.059,0.0,0.0,0.02,0.053,0.01,0.038,0.0,0.028,0.04,0.001,0.0,0.034,0.0,0.006
256001,257000,12-17 21:22:17.242,12-17 21:22:40.933,1000,0,74,12,4.8650764366778345,67.868,0.05,0.307,0.536,0.035,0.072,0.0,0.002,0.019,0.096,0.0,0.064,0.028,0.0,0.0,0.011,0.032,0.06,0.037,0.0,0.032,0.02,0.0,0.008,0.024,0.0,0.0
257001,258000,12-17 21:22:40.933,12-17 21:22:41.539,1000,0,125,23,5.174065225584713,131.931,0.038,0.173,0.62,0.041,0.128,0.0,0.0,0.006,0.0,0.0,0.0,0.0,0.0,0.0,0.001,0.006,0.05,0.001,0.005,0.0,0.0,0.006,0.0,0.0,0.0,0.003
258001,259000,12-17 21:22:41.540,12-17 21:22:44.155,1000,0,76,8,2.8445011615370803,193.613,0.008,0.123,0.86,0.006,0.003,0.0,0.006,0.012,0.012,0.0,0.008,0.0,0.0,0.0,0.0,0.02,0.0,0.0,0.0,0.004,0.0,0.0,0.008,0.001,0.0,0.0
259001,260000,12-17 21:22:44.157,12-17 21:22:55.876,1000,0,85,17,4.1381413459801655,143.122,0.007,0.191,0.736,0.029,0.037,0.0,0.002,0.052,0.06,0.0,0.04,0.036,0.0,0.0,0.009,0.018,0.0,0.023,0.002,0.02,0.013,0.002,0.016,0.014,0.0,0.0
260001,261000,12-17 21:22:55.876,12-17 21:23:05.970,1000,0,82,17,4.356899730445598,139.411,0.005,0.202,0.653,0.093,0.047,0.0,0.0,0.022,0.06,0.0,0.04,0.02,0.0,0.0,0.005,0.013,0.0,0.017,0.0,0.02,0.015,0.0,0.02,0.015,0.0,0.016
261001,262000,12-17 21:23:05.973,12-17 21:23:13.471,1000,0,129,12,5.876703309797992,94.774,0.009,0.289,0.674,0.016,0.012,0.0,0.002,0.018,0.048,0.0,0.032,0.008,0.0,0.0,0.003,0.011,0.0,0.018,0.004,0.016,0.007,0.006,0.016,0.012,0.0,0.003
262001,263000,12-17 21:23:13.474,12-17 21:23:16.386,1000,0,167,21,6.374707337857964,84.397,0.014,0.184,0.52,0.073,0.209,0.0,0.059,0.016,0.0,0.0,0.0,0.004,0.0,0.0,0.005,0.033,0.0,0.001,0.003,0.0,0.002,0.008,0.012,0.002,0.0,0.003
263001,264000,12-17 21:23:16.397,12-17 21:23:17.731,1000,0,164,15,5.947516045746673,83.461,0.016,0.336,0.397,0.073,0.178,0.0,0.0,0.037,0.0,0.0,0.0,0.0,0.064,0.0,0.003,0.013,0.0,0.0,0.012,0.0,0.003,0.016,0.006,0.0,0.0,0.0
264001,265000,12-17 21:23:17.731,12-17 21:23:18.551,1000,0,181,21,6.424019710947037,56.057,0.043,0.34,0.37,0.098,0.149,0.0,0.0,0.059,0.0,0.0,0.0,0.0,0.048,0.0,0.005,0.006,0.0,0.003,0.017,0.0,0.0,0.004,0.002,0.0,0.0,0.01
265001,266000,12-17 21:23:18.551,12-17 21:23:27.109,1000,0,139,24,5.88951433193664,75.876,0.005,0.434,0.426,0.055,0.08,0.0,0.0,0.028,0.0,0.0,0.0,0.012,0.0,0.0,0.005,0.008,0.0,0.001,0.018,0.0,0.009,0.022,0.006,0.002,0.0,0.008
266001,267000,12-17 21:23:27.112,12-17 21:25:54.116,1000,0,125,21,5.673273955184589,70.102,0.018,0.368,0.289,0.076,0.249,0.0,0.0,0.04,0.012,0.0,0.008,0.008,0.002,0.192,0.016,0.014,0.01,0.005,0.038,0.004,0.007,0.03,0.0,0.002,0.0,0.006
267001,268000,12-17 21:25:54.116,12-17 21:25:54.683,1000,0,176,24,6.373772548445293,65.431,0.027,0.301,0.435,0.112,0.125,0.0,0.0,0.048,0.0,0.0,0.0,0.004,0.094,0.0,0.013,0.006,0.0,0.005,0.024,0.0,0.002,0.01,0.002,0.002,0.0,0.01
268001,269000,12-17 21:25:54.685,12-17 21:25:54.890,1000,0,94,23,3.3483151333019636,74.155,0.001,0.092,0.761,0.011,0.135,0.0,0.587,0.014,0.012,0.0,0.008,0.0,0.016,0.0,0.004,0.003,0.05,0.008,0.014,0.004,0.0,0.002,0.0,0.002,0.0,0.003
269001,270000,12-17 21:25:54.890,12-17 21:25:59.444,1000,0,130,23,5.721080014739714,78.127,0.011,0.194,0.643,0.062,0.09,0.0,0.141,0.029,0.012,0.0,0.008,0.008,0.024,0.0,0.007,0.012,0.0,0.004,0.006,0.004,0.003,0.005,0.004,0.002,0.0,0.012
270001,271000,12-17 21:25:59.444,12-17 21:26:04.805,1000,0,153,17,6.184598484348546,73.806,0.072,0.338,0.507,0.037,0.046,0.0,0.093,0.022,0.058,0.0,0.032,0.008,0.0,0.0,0.007,0.046,0.01,0.022,0.0,0.016,0.004,0.003,0.004,0.011,0.0,0.012
271001,272000,12-17 21:26:04.805,12-17 21:26:08.716,1000,0,157,26,6.188586193276208,72.295,0.06,0.395,0.446,0.044,0.055,0.0,0.0,0.057,0.026,0.0,0.04,0.004,0.0,0.0,0.018,0.006,0.0,0.008,0.008,0.016,0.007,0.011,0.0,0.019,0.0,0.009
272001,273000,12-17 21:26:08.717,12-17 21:26:09.978,998,2,141,33,5.979275904468906,74.65531062124248,0.047094188376753505,0.2545090180360721,0.593186372745491,0.05911823647294589,0.04609218436873747,0.0,0.09318637274549098,0.05711422845691383,0.0,0.0,0.02404809619238477,0.02404809619238477,0.0,0.0,0.022044088176352707,0.026052104208416832,0.0,0.008016032064128256,0.06913827655310621,0.006012024048096192,0.004008016032064128,0.01002004008016032,0.0,0.017034068136272545,0.0,0.003006012024048096
273001,274000,12-17 21:26:09.978,12-17 21:26:10.329,998,2,102,22,4.203111520914902,75.062124248497,0.02905811623246493,0.17334669338677355,0.7374749498997996,0.026052104208416832,0.03406813627254509,0.0,0.44589178356713427,0.01002004008016032,0.0,0.0,0.0,0.0,0.0,0.0,0.01002004008016032,0.003006012024048096,0.0,0.0,0.018036072144288578,0.0,0.0,0.012024048096192385,0.0,0.0,0.0,0.003006012024048096
274001,275000,12-17 21:26:10.330,12-17 21:26:12.677,1000,0,137,17,5.70789456507748,73.015,0.104,0.38,0.459,0.025,0.032,0.0,0.008,0.028,0.0,0.0,0.0,0.004,0.0,0.0,0.015,0.021,0.0,0.001,0.005,0.0,0.002,0.015,0.004,0.002,0.0,0.024
275001,276000,12-17 21:26:12.701,12-17 21:26:21.168,1000,0,120,22,6.008326640279685,74.224,0.044,0.308,0.586,0.022,0.04,0.0,0.02,0.067,0.0,0.0,0.008,0.024,0.0,0.0,0.027,0.004,0.0,0.003,0.004,0.002,0.011,0.014,0.0,0.009,0.0,0.018
276001,277000,12-17 21:26:21.170,12-17 21:26:38.657,1000,0,56,10,4.7344426650032405,62.497,0.017,0.182,0.786,0.005,0.01,0.0,0.036,0.015,0.0,0.0,0.0,0.016,0.0,0.0,0.038,0.003,0.0,0.002,0.0,0.0,0.014,0.017,0.0,0.004,0.0,0.054
277001,278000,12-17 21:26:38.658,12-17 21:26:43.708,1000,0,169,28,6.336913319376906,60.671,0.023,0.26,0.564,0.048,0.105,0.0,0.01,0.048,0.0,0.0,0.0,0.004,0.064,0.0,0.017,0.003,0.0,0.004,0.018,0.0,0.002,0.011,0.002,0.002,0.0,0.02
278001,279000,12-17 21:26:43.712,12-17 21:26:50.112,1000,0,163,26,6.482698172565462,66.231,0.027,0.335,0.49,0.042,0.106,0.0,0.016,0.057,0.0,0.0,0.0,0.004,0.032,0.032,0.014,0.012,0.005,0.001,0.019,0.0,0.005,0.011,0.002,0.002,0.0,0.023
279001,280000,12-17 21:26:50.112,12-17 21:26:51.141,1000,0,163,27,6.391170860149882,68.338,0.021,0.369,0.491,0.051,0.068,0.0,0.002,0.063,0.0,0.0,0.0,0.0,0.0,0.0,0.013,0.003,0.0,0.007,0.037,0.0,0.0,0.01,0.004,0.0,0.0,0.007
280001,281000,12-17 21:26:51.142,12-17 21:26:52.967,1000,0,159,28,6.285028726362141,60.167,0.033,0.311,0.446,0.062,0.148,0.0,0.004,0.044,0.0,0.0,0.0,0.0,0.096,0.0,0.01,0.003,0.0,0.008,0.035,0.0,0.0,0.01,0.004,0.0,0.0,0.014
281001,282000,12-17 21:26:52.968,12-17 21:26:54.641,1000,0,179,31,6.416949439563295,65.667,0.024,0.304,0.496,0.052,0.124,0.0,0.004,0.067,0.0,0.0,0.0,0.008,0.064,0.0,0.014,0.002,0.0,0.007,0.038,0.0,0.004,0.012,0.002,0.0,0.0,0.017
282001,283000,12-17 21:26:54.642,12-17 21:26:55.417,1000,0,163,27,6.119958012224836,57.989,0.04,0.284,0.442,0.045,0.189,0.0,0.0,0.053,0.0,0.0,0.0,0.0,0.128,0.0,0.009,0.003,0.0,0.004,0.016,0.0,0.0,0.005,0.002,0.0,0.0,0.017
283001,284000,12-17 21:26:55.417,12-17 21:26:56.364,1000,0,170,25,6.469094329164123,67.762,0.026,0.338,0.525,0.049,0.062,0.0,0.002,0.056,0.0,0.0,0.0,0.008,0.0,0.0,0.013,0.002,0.0,0.009,0.028,0.0,0.004,0.009,0.004,0.004,0.0,0.013
284001,285000,12-17 21:26:56.365,12-17 21:26:57.582,1000,0,168,28,6.483958954962872,66.42,0.02,0.338,0.526,0.053,0.063,0.0,0.004,0.056,0.0,0.0,0.0,0.012,0.0,0.0,0.013,0.004,0.0,0.009,0.046,0.0,0.005,0.011,0.004,0.002,0.0,0.017
285001,286000,12-17 21:26:57.585,12-17 21:26:58.657,1000,0,158,27,6.17043352043888,62.31,0.025,0.317,0.448,0.061,0.149,0.0,0.004,0.053,0.0,0.0,0.0,0.004,0.096,0.0,0.01,0.002,0.0,0.005,0.018,0.0,0.002,0.007,0.004,0.002,0.0,0.01
286001,287000,12-17 21:26:58.660,12-17 21:26:59.870,1000,0,173,29,6.502895253892187,69.058,0.025,0.345,0.52,0.048,0.062,0.0,0.002,0.06,0.0,0.0,0.0,0.004,0.0,0.0,0.012,0.004,0.0,0.008,0.036,0.0,0.002,0.009,0.004,0.002,0.0,0.013
287001,288000,12-17 21:26:59.870,12-17 21:27:03.706,1000,0,164,28,6.465846999752661,65.978,0.026,0.306,0.547,0.06,0.061,0.0,0.008,0.053,0.0,0.0,0.0,0.008,0.0,0.0,0.021,0.003,0.0,0.007,0.018,0.0,0.004,0.013,0.002,0.006,0.0,0.022
288001,289000,12-17 21:27:03.707,12-17 21:27:04.136,996,4,153,19,6.100992512574178,69.81024096385542,0.09939759036144578,0.40763052208835343,0.4367469879518072,0.025100401606425703,0.03112449799196787,0.0,0.0,0.03413654618473896,0.0,0.0,0.008032128514056224,0.0,0.0,0.0,0.01706827309236948,0.002008032128514056,0.0,0.0,0.004016064257028112,0.002008032128514056,0.0,0.012048192771084338,0.002008032128514056,0.0030120481927710845,0.0,0.008032128514056224
289001,290000,12-17 21:27:04.137,12-17 21:27:04.822,1000,0,181,28,6.516806675216786,71.04,0.071,0.32,0.541,0.017,0.051,0.0,0.002,0.045,0.0,0.0,0.016,0.008,0.0,0.0,0.031,0.005,0.0,0.021,0.038,0.004,0.005,0.02,0.0,0.012,0.0,0.006
290001,291000,12-17 21:27:04.825,12-17 21:27:05.368,1000,0,192,29,6.0920389240235195,72.961,0.027,0.407,0.487,0.031,0.048,0.0,0.0,0.039,0.024,0.0,0.04,0.0,0.0,0.0,0.007,0.011,0.0,0.01,0.064,0.014,0.005,0.012,0.0,0.02,0.0,0.003
291001,292000,12-17 21:27:05.368,12-17 21:27:06.297,1000,0,173,34,6.438341404166442,77.723,0.023,0.285,0.588,0.044,0.06,0.0,0.058,0.03,0.012,0.0,0.008,0.02,0.0,0.0,0.013,0.049,0.0,0.005,0.029,0.004,0.002,0.014,0.004,0.003,0.0,0.006
292001,293000,12-17 21:27:06.297,12-17 21:27:06.811,1000,0,64,13,3.269601725617016,76.041,0.001,0.142,0.804,0.023,0.03,0.0,0.55,0.002,0.0,0.0,0.0,0.004,0.0,0.0,0.004,0.005,0.0,0.001,0.026,0.0,0.005,0.016,0.002,0.002,0.0,0.0
293001,294000,12-17 21:27:06.811,12-17 21:27:08.612,1000,0,140,24,5.818775506012172,74.978,0.008,0.245,0.566,0.052,0.129,0.0,0.098,0.021,0.012,0.0,0.008,0.008,0.0,0.0,0.011,0.036,0.0,0.004,0.003,0.004,0.0,0.011,0.006,0.002,0.0,0.006
294001,295000,12-17 21:27:08.612,12-17 21:27:16.490,1000,0,134,19,6.045432867872613,65.171,0.035,0.192,0.662,0.044,0.067,0.0,0.002,0.021,0.012,0.0,0.0,0.016,0.028,0.0,0.022,0.004,0.0,0.002,0.0,0.0,0.011,0.01,0.012,0.005,0.0,0.099
295001,296000,12-17 21:27:16.491,12-17 21:27:20.420,1000,0,136,17,6.046375642942113,59.913,0.021,0.198,0.636,0.048,0.097,0.0,0.002,0.03,0.0,0.0,0.0,0.004,0.083,0.0,0.011,0.003,0.0,0.001,0.0,0.0,0.002,0.008,0.016,0.002,0.0,0.056
296001,297000,12-17 21:27:20.420,12-17 21:27:45.552,1000,0,181,23,6.602726219465815,57.875,0.037,0.26,0.507,0.092,0.104,0.0,0.0,0.037,0.012,0.0,0.008,0.004,0.0,0.064,0.013,0.05,0.005,0.01,0.017,0.004,0.002,0.007,0.002,0.004,0.0,0.016
297001,298000,12-17 21:27:45.552,12-17 21:28:17.137,1000,0,161,23,6.30557447451504,62.833,0.02,0.309,0.403,0.069,0.199,0.0,0.006,0.051,0.0,0.0,0.0,0.0,0.088,0.08,0.015,0.003,0.0,0.0,0.009,0.0,0.003,0.009,0.002,0.0,0.0,0.01
298001,299000,12-17 21:28:17.138,12-17 21:28:19.733,1000,0,159,27,6.190105945686123,65.803,0.02,0.218,0.544,0.028,0.19,0.0,0.111,0.021,0.024,0.0,0.016,0.004,0.04,0.0,0.015,0.029,0.06,0.013,0.026,0.008,0.002,0.01,0.004,0.006,0.0,0.012
299001,300000,12-17 21:28:19.735,12-17 21:28:24.824,1000,0,131,17,6.138744286620031,70.721,0.047,0.251,0.623,0.046,0.033,0.0,0.0,0.041,0.012,0.0,0.008,0.016,0.018,0.0,0.032,0.024,0.0,0.006,0.001,0.004,0.011,0.021,0.014,0.006,0.0,0.012
300001,301000,12-17 21:28:24.824,12-17 21:28:31.685,1000,0,197,26,6.67826423295624,58.774,0.034,0.311,0.436,0.093,0.126,0.0,0.002,0.073,0.024,0.0,0.016,0.008,0.046,0.032,0.017,0.004,0.005,0.007,0.017,0.008,0.0,0.01,0.004,0.002,0.0,0.016
301001,302000,12-17 21:28:31.686,12-17 21:29:19.383,1000,0,72,14,2.798843228841038,77.46,0.001,0.13,0.782,0.011,0.076,0.0,0.652,0.027,0.024,0.0,0.016,0.0,0.0,0.032,0.012,0.0,0.0,0.006,0.002,0.008,0.0,0.006,0.0,0.003,0.0,0.004
302001,303000,12-17 21:29:19.383,12-17 21:30:19.189,1000,0,79,16,3.5767672735047342,73.731,0.004,0.18,0.688,0.021,0.107,0.0,0.512,0.051,0.024,0.0,0.016,0.008,0.0,0.032,0.022,0.002,0.055,0.002,0.0,0.008,0.0,0.008,0.0,0.002,0.0,0.004
303001,304000,12-17 21:30:19.189,12-17 21:31:26.175,1000,0,79,16,4.189381968882677,82.503,0.006,0.198,0.629,0.024,0.143,0.0,0.369,0.06,0.024,0.0,0.016,0.012,0.0,0.096,0.023,0.004,0.0,0.003,0.0,0.008,0.005,0.008,0.0,0.004,0.0,0.004
304001,305000,12-17 21:31:26.175,12-17 21:31:34.229,1000,0,68,14,3.9920084857441274,73.904,0.005,0.177,0.71,0.023,0.085,0.0,0.435,0.057,0.024,0.0,0.016,0.012,0.0,0.048,0.025,0.0,0.0,0.003,0.0,0.008,0.002,0.01,0.0,0.004,0.0,0.008
305001,306000,12-17 21:31:34.229,12-17 21:32:15.692,1000,0,139,22,5.9656343828591485,71.657,0.026,0.352,0.464,0.051,0.107,0.0,0.004,0.035,0.0,0.0,0.032,0.004,0.0,0.032,0.024,0.007,0.0,0.007,0.033,0.008,0.004,0.014,0.0,0.021,0.0,0.004
306001,307000,12-17 21:32:15.692,12-17 21:32:17.262,1000,0,122,28,4.9856478159924995,75.804,0.052,0.263,0.608,0.031,0.046,0.0,0.31,0.068,0.0,0.0,0.008,0.016,0.0,0.016,0.018,0.015,0.005,0.003,0.024,0.002,0.0,0.005,0.0,0.005,0.0,0.0
307001,308000,12-17 21:32:17.263,12-17 21:32:22.274,1000,0,126,22,5.38129031403988,63.5,0.044,0.159,0.709,0.04,0.048,0.0,0.228,0.019,0.0,0.0,0.0,0.008,0.0,0.016,0.017,0.004,0.005,0.0,0.015,0.0,0.007,0.009,0.0,0.0,0.0,0.016
308001,309000,12-17 21:32:22.275,12-17 21:32:22.840,1000,0,150,21,5.719603598920548,73.212,0.022,0.343,0.516,0.069,0.05,0.0,0.006,0.012,0.0,0.0,0.0,0.0,0.0,0.0,0.01,0.007,0.0,0.0,0.005,0.0,0.0,0.009,0.0,0.0,0.0,0.012
309001,310000,12-17 21:32:22.840,12-17 21:32:24.811,1000,0,187,24,6.647261160360542,66.045,0.033,0.362,0.468,0.029,0.108,0.0,0.006,0.04,0.0,0.0,0.008,0.012,0.0,0.0,0.012,0.018,0.05,0.006,0.003,0.002,0.002,0.007,0.024,0.005,0.0,0.015
310001,311000,12-17 21:32:24.848,12-17 21:32:31.971,1000,0,87,14,5.140493029075064,58.613,0.018,0.383,0.476,0.066,0.057,0.0,0.014,0.041,0.0,0.0,0.0,0.004,0.0,0.016,0.018,0.002,0.015,0.001,0.0,0.0,0.005,0.009,0.152,0.002,0.0,0.021
311001,312000,12-17 21:32:31.971,12-17 21:32:39.672,1000,0,86,16,4.953306808126072,70.833,0.029,0.469,0.483,0.006,0.013,0.0,0.016,0.032,0.0,0.0,0.0,0.012,0.0,0.0,0.02,0.003,0.0,0.001,0.0,0.0,0.006,0.009,0.07,0.002,0.0,0.024
312001,313000,12-17 21:32:39.672,12-17 21:32:40.034,1000,0,127,18,5.593756489977607,75.0,0.046,0.38,0.528,0.018,0.028,0.0,0.0,0.031,0.0,0.0,0.008,0.0,0.0,0.0,0.025,0.022,0.0,0.001,0.005,0.002,0.0,0.021,0.007,0.005,0.0,0.004
313001,314000,12-17 21:32:40.034,12-17 21:32:40.974,1000,0,152,21,6.38409439005072,84.246,0.027,0.313,0.509,0.095,0.056,0.0,0.002,0.056,0.0,0.0,0.032,0.004,0.0,0.0,0.022,0.005,0.0,0.018,0.005,0.008,0.007,0.016,0.007,0.023,0.0,0.012
314001,315000,12-17 21:32:40.974,12-17 21:32:41.552,1000,0,183,32,6.348692065322779,74.383,0.024,0.229,0.586,0.111,0.05,0.0,0.008,0.018,0.012,0.0,0.008,0.024,0.0,0.0,0.01,0.02,0.0,0.005,0.061,0.004,0.006,0.007,0.006,0.005,0.0,0.024
315001,316000,12-17 21:32:41.552,12-17 21:32:45.924,996,4,110,25,5.761121879253553,81.65763052208835,0.04216867469879518,0.1857429718875502,0.6586345381526104,0.0783132530120482,0.035140562248995984,0.0,0.05923694779116466,0.03313253012048193,0.012048192771084338,0.0,0.008032128514056224,0.008032128514056224,0.0,0.0,0.01104417670682731,0.020080321285140562,0.0,0.006024096385542169,0.013052208835341365,0.004016064257028112,0.007028112449799197,0.006024096385542169,0.028112449799196786,0.006024096385542169,0.0,0.01606425702811245
316001,317000,12-17 21:32:45.924,12-17 21:32:47.914,1000,0,60,11,2.7818036821571566,75.891,0.026,0.099,0.812,0.024,0.039,0.0,0.649,0.028,0.0,0.0,0.0,0.0,0.0,0.0,0.006,0.007,0.0,0.0,0.019,0.0,0.0,0.019,0.018,0.0,0.0,0.008
317001,318000,12-17 21:32:47.914,12-17 21:32:54.883,1000,0,82,14,5.434351932534294,52.717,0.036,0.319,0.507,0.036,0.102,0.0,0.0,0.069,0.0,0.0,0.0,0.012,0.047,0.002,0.021,0.002,0.0,0.003,0.003,0.0,0.009,0.011,0.076,0.006,0.0,0.036
318001,319000,12-17 21:32:54.884,12-17 21:33:02.521,1000,0,90,16,5.542643670915574,61.823,0.036,0.287,0.561,0.045,0.071,0.0,0.0,0.094,0.0,0.0,0.0,0.012,0.0,0.0,0.026,0.013,0.0,0.001,0.003,0.0,0.009,0.021,0.054,0.002,0.0,0.036
319001,320000,12-17 21:33:02.522,12-17 21:33:12.687,1000,0,68,10,5.293779919709653,59.446,0.037,0.31,0.578,0.039,0.036,0.0,0.002,0.071,0.036,0.0,0.024,0.008,0.0,0.001,0.024,0.007,0.0,0.014,0.0,0.012,0.007,0.013,0.054,0.009,0.0,0.044
320001,321000,12-17 21:33:12.687,12-17 21:33:23.633,1000,0,77,10,5.440602537153332,58.401,0.031,0.3,0.601,0.039,0.029,0.0,0.006,0.086,0.012,0.0,0.008,0.016,0.0,0.001,0.027,0.003,0.0,0.005,0.0,0.004,0.011,0.011,0.04,0.006,0.0,0.044
321001,322000,12-17 21:33:23.635,12-17 21:33:35.675,1000,0,60,10,5.214428069204603,62.216,0.022,0.283,0.634,0.042,0.019,0.0,0.002,0.039,0.06,0.0,0.04,0.008,0.0,0.0,0.029,0.004,0.0,0.022,0.0,0.02,0.007,0.012,0.02,0.014,0.0,0.048
322001,323000,12-17 21:33:35.675,12-17 21:33:48.625,1000,0,58,12,5.149141794647449,59.81,0.023,0.239,0.609,0.098,0.031,0.0,0.002,0.055,0.0,0.0,0.0,0.02,0.0,0.0,0.034,0.003,0.0,0.003,0.0,0.0,0.013,0.014,0.02,0.006,0.0,0.052
323001,324000,12-17 21:33:48.629,12-17 21:34:00.621,1000,0,73,9,5.268097203197597,58.208,0.041,0.259,0.623,0.06,0.017,0.0,0.0,0.046,0.0,0.0,0.0,0.016,0.0,0.001,0.029,0.002,0.0,0.002,0.0,0.0,0.011,0.013,0.05,0.004,0.0,0.058
324001,325000,12-17 21:34:00.621,12-17 21:34:14.540,1000,0,47,6,4.934750571548684,56.933,0.044,0.257,0.628,0.062,0.009,0.0,0.002,0.03,0.0,0.0,0.0,0.012,0.0,0.0,0.031,0.003,0.0,0.003,0.0,0.0,0.012,0.014,0.07,0.006,0.0,0.058
325001,326000,12-17 21:34:14.541,12-17 21:34:29.176,1000,0,63,12,5.119576006415026,57.347,0.028,0.234,0.657,0.059,0.022,0.0,0.009,0.025,0.0,0.0,0.0,0.02,0.0,0.0,0.034,0.004,0.01,0.007,0.0,0.0,0.013,0.014,0.052,0.007,0.0,0.056
326001,327000,12-17 21:34:29.176,12-17 21:34:32.205,1000,0,60,9,2.768650241767779,76.383,0.003,0.102,0.849,0.014,0.032,0.0,0.649,0.003,0.036,0.0,0.024,0.0,0.0,0.0,0.007,0.001,0.0,0.008,0.0,0.012,0.003,0.003,0.0,0.005,0.0,0.012
327001,328000,12-17 21:34:32.207,12-17 21:34:38.653,1000,0,122,15,6.107100707251705,71.755,0.018,0.276,0.618,0.069,0.019,0.0,0.008,0.029,0.036,0.0,0.024,0.008,0.0,0.0,0.017,0.004,0.0,0.014,0.0,0.012,0.004,0.008,0.008,0.009,0.0,0.028
328001,329000,12-17 21:34:38.653,12-17 21:35:42.216,1000,0,138,21,4.344749318111469,68.306,0.019,0.137,0.685,0.045,0.114,0.0,0.453,0.017,0.012,0.0,0.008,0.008,0.0,0.032,0.008,0.002,0.065,0.009,0.004,0.004,0.004,0.003,0.0,0.002,0.0,0.012
329001,330000,12-17 21:35:42.216,12-17 21:36:43.642,1000,0,82,15,3.7378525182985207,75.891,0.006,0.2,0.681,0.017,0.096,0.0,0.485,0.069,0.024,0.0,0.016,0.012,0.0,0.048,0.025,0.001,0.0,0.003,0.0,0.008,0.002,0.01,0.0,0.004,0.0,0.004
330001,331000,12-17 21:36:43.642,12-17 21:36:45.561,1000,0,81,14,3.1866791461083044,81.191,0.003,0.119,0.794,0.022,0.062,0.0,0.599,0.037,0.012,0.0,0.008,0.0,0.0,0.0,0.015,0.012,0.0,0.001,0.0,0.004,0.003,0.007,0.0,0.001,0.0,0.006
331001,332000,12-17 21:36:45.562,12-17 21:37:47.045,1000,0,85,18,4.735752365044201,79.531,0.009,0.197,0.686,0.036,0.072,0.0,0.307,0.075,0.012,0.0,0.008,0.004,0.0,0.048,0.023,0.007,0.0,0.002,0.031,0.004,0.002,0.013,0.0,0.003,0.0,0.014
332001,333000,12-17 21:37:47.045,12-17 21:38:47.808,1000,0,69,12,2.1625149436367646,73.862,0.007,0.057,0.764,0.014,0.158,0.0,0.733,0.01,0.0,0.0,0.0,0.0,0.0,0.032,0.003,0.0,0.055,0.0,0.0,0.0,0.0,0.001,0.0,0.0,0.0,0.002
333001,334000,12-17 21:38:47.808,12-17 21:38:50.657,1000,0,73,12,3.3370276498458433,82.538,0.005,0.114,0.812,0.025,0.044,0.0,0.566,0.031,0.012,0.0,0.008,0.012,0.0,0.009,0.016,0.004,0.0,0.002,0.0,0.004,0.005,0.006,0.0,0.003,0.0,0.006
334001,335000,12-17 21:38:50.657,12-17 21:39:53.050,1000,0,66,14,2.7595811624937516,78.403,0.004,0.11,0.803,0.012,0.071,0.0,0.652,0.026,0.012,0.0,0.008,0.004,0.0,0.039,0.015,0.0,0.0,0.002,0.0,0.004,0.002,0.005,0.0,0.003,0.0,0.004
335001,336000,12-17 21:39:53.051,12-17 21:40:05.202,1000,0,92,17,5.385861677264643,77.003,0.008,0.367,0.426,0.039,0.16,0.0,0.012,0.124,0.048,0.0,0.032,0.016,0.0,0.064,0.046,0.004,0.065,0.004,0.0,0.016,0.0,0.018,0.0,0.004,0.0,0.008
336001,337000,12-17 21:40:05.202,12-17 21:40:16.367,1000,0,82,15,5.269912349717024,72.583,0.013,0.409,0.431,0.039,0.108,0.0,0.0,0.148,0.06,0.0,0.04,0.028,0.0,0.064,0.054,0.0,0.005,0.006,0.0,0.02,0.009,0.019,0.0,0.007,0.0,0.01
337001,338000,12-17 21:40:16.368,12-17 21:41:10.290,1000,0,54,11,1.7277939208338968,79.087,0.001,0.086,0.863,0.007,0.043,0.0,0.797,0.015,0.012,0.0,0.008,0.0,0.0,0.016,0.009,0.001,0.0,0.001,0.0,0.004,0.0,0.003,0.0,0.001,0.0,0.002
338001,339000,12-17 21:41:10.290,12-17 21:41:31.279,1000,0,48,12,2.302618047708455,76.032,0.005,0.058,0.781,0.014,0.142,0.0,0.701,0.0,0.0,0.0,0.0,0.004,0.0,0.064,0.009,0.0,0.0,0.001,0.0,0.0,0.002,0.003,0.0,0.002,0.0,0.006
339001,340000,12-17 21:41:31.280,12-17 21:42:34.386,1000,0,88,14,4.163153929789628,78.907,0.011,0.102,0.709,0.034,0.144,0.0,0.407,0.009,0.0,0.0,0.0,0.0,0.0,0.064,0.007,0.005,0.055,0.0,0.006,0.0,0.0,0.002,0.0,0.0,0.0,0.01
340001,341000,12-17 21:42:34.386,12-17 21:44:40.278,1000,0,91,14,4.807052026370178,64.706,0.014,0.177,0.492,0.043,0.274,0.0,0.145,0.018,0.0,0.0,0.0,0.016,0.0,0.248,0.021,0.001,0.005,0.002,0.0,0.0,0.012,0.007,0.0,0.004,0.0,0.012
341001,342000,12-17 21:44:40.278,12-17 21:47:09.126,1000,0,93,17,5.631222301510831,68.447,0.013,0.296,0.549,0.046,0.096,0.0,0.0,0.092,0.024,0.0,0.016,0.012,0.0,0.072,0.036,0.002,0.0,0.003,0.021,0.008,0.004,0.015,0.0,0.004,0.0,0.024
342001,343000,12-17 21:47:09.126,12-17 21:47:17.948,1000,0,106,16,5.623000819437055,64.62,0.016,0.315,0.432,0.046,0.191,0.0,0.0,0.084,0.024,0.0,0.016,0.028,0.0,0.032,0.043,0.003,0.12,0.007,0.0,0.008,0.011,0.019,0.0,0.013,0.0,0.01
343001,344000,12-17 21:47:17.948,12-17 21:47:19.139,1000,0,139,24,5.8972682760008945,73.236,0.066,0.395,0.426,0.05,0.063,0.0,0.0,0.049,0.0,0.0,0.04,0.0,0.0,0.0,0.022,0.003,0.0,0.007,0.045,0.01,0.0,0.01,0.0,0.019,0.0,0.002
344001,345000,12-17 21:47:19.139,12-17 21:47:24.521,1000,0,134,25,6.15307879675714,68.114,0.058,0.283,0.57,0.05,0.039,0.0,0.014,0.034,0.0,0.0,0.0,0.016,0.0,0.0,0.023,0.02,0.0,0.0,0.028,0.0,0.0,0.015,0.0,0.0,0.0,0.012
345001,346000,12-17 21:47:24.521,12-17 21:47:25.037,1000,0,165,19,5.996602216696628,71.47,0.022,0.355,0.509,0.072,0.042,0.0,0.01,0.024,0.0,0.0,0.0,0.008,0.0,0.0,0.011,0.005,0.0,0.001,0.001,0.0,0.006,0.005,0.002,0.002,0.0,0.017
346001,347000,12-17 21:47:25.038,12-17 21:47:32.981,1000,0,141,23,5.917470894340467,66.937,0.021,0.228,0.678,0.015,0.058,0.0,0.002,0.016,0.0,0.0,0.008,0.008,0.0,0.0,0.021,0.018,0.0,0.006,0.006,0.002,0.005,0.012,0.0,0.005,0.0,0.03
347001,348000,12-17 21:47:32.981,12-17 21:47:44.708,1000,0,78,15,4.963332971415184,62.597,0.012,0.162,0.791,0.011,0.024,0.0,0.0,0.035,0.0,0.0,0.0,0.027,0.0,0.0,0.031,0.003,0.0,0.003,0.0,0.0,0.013,0.012,0.0,0.006,0.0,0.036
348001,349000,12-17 21:47:44.710,12-17 21:47:58.037,1000,0,75,13,4.994661298495194,59.62,0.014,0.178,0.787,0.006,0.015,0.0,0.002,0.0,0.0,0.0,0.0,0.005,0.0,0.0,0.03,0.003,0.0,0.001,0.0,0.0,0.008,0.015,0.0,0.002,0.0,0.039
349001,350000,12-17 21:47:58.037,12-17 21:48:10.878,1000,0,67,15,5.051620585782052,66.888,0.013,0.139,0.782,0.013,0.053,0.0,0.01,0.008,0.0,0.0,0.0,0.016,0.0,0.0,0.028,0.006,0.0,0.002,0.01,0.0,0.011,0.012,0.004,0.004,0.0,0.042
350001,351000,12-17 21:48:10.880,12-17 21:48:19.857,1000,0,101,18,5.564032465836354,67.724,0.044,0.259,0.666,0.005,0.026,0.0,0.0,0.041,0.0,0.0,0.008,0.004,0.0,0.0,0.033,0.003,0.01,0.002,0.0,0.002,0.005,0.015,0.0,0.007,0.0,0.027
351001,352000,12-17 21:48:19.857,12-17 21:48:20.086,996,4,161,21,5.961086432277029,67.54618473895583,0.035140562248995984,0.35441767068273095,0.5070281124497992,0.04417670682730924,0.05923694779116466,0.0,0.0,0.03112449799196787,0.0,0.0,0.0,0.0,0.0,0.0,0.013052208835341365,0.004016064257028112,0.0,0.0,0.0050200803212851405,0.0,0.0,0.01104417670682731,0.0,0.0,0.0,0.004016064257028112
352001,353000,12-17 21:48:20.086,12-17 21:48:20.589,1000,0,193,19,6.730005636808008,63.565,0.035,0.281,0.523,0.113,0.048,0.0,0.0,0.009,0.0,0.0,0.0,0.004,0.0,0.0,0.012,0.022,0.0,0.007,0.008,0.0,0.003,0.013,0.0,0.004,0.0,0.006
353001,354000,12-17 21:48:20.594,12-17 21:48:21.238,1000,0,177,25,6.306981259062995,74.297,0.031,0.318,0.551,0.039,0.061,0.0,0.0,0.057,0.0,0.0,0.032,0.004,0.0,0.0,0.015,0.005,0.0,0.011,0.043,0.008,0.005,0.011,0.0,0.02,0.0,0.008
354001,355000,12-17 21:48:21.238,12-17 21:48:23.496,1000,0,140,34,5.945516972975502,74.238,0.01,0.215,0.663,0.05,0.062,0.0,0.008,0.037,0.048,0.0,0.032,0.028,0.0,0.0,0.014,0.025,0.0,0.014,0.024,0.016,0.008,0.006,0.0,0.013,0.0,0.006
355001,356000,12-17 21:48:23.499,12-17 21:48:25.935,1000,0,110,19,5.205088141702668,72.044,0.029,0.205,0.695,0.042,0.029,0.0,0.164,0.085,0.0,0.0,0.0,0.012,0.0,0.0,0.01,0.013,0.0,0.001,0.019,0.0,0.006,0.029,0.0,0.002,0.0,0.004
356001,357000,12-17 21:48:25.945,12-17 21:48:34.789,1000,0,173,25,6.5333782654091115,59.434,0.025,0.296,0.557,0.078,0.044,0.0,0.002,0.054,0.036,0.0,0.024,0.004,0.0,0.008,0.014,0.002,0.0,0.009,0.007,0.012,0.005,0.008,0.002,0.008,0.0,0.02
357001,358000,12-17 21:48:34.789,12-17 21:50:13.987,1000,0,76,15,3.3609188117330753,71.327,0.009,0.151,0.605,0.022,0.213,0.0,0.505,0.01,0.012,0.0,0.008,0.0,0.047,0.136,0.006,0.001,0.01,0.003,0.0,0.004,0.0,0.001,0.0,0.002,0.0,0.004
358001,359000,12-17 21:50:13.987,12-17 21:50:28.456,1000,0,154,20,5.967419897265671,65.299,0.021,0.234,0.525,0.064,0.156,0.0,0.147,0.056,0.0,0.0,0.0,0.004,0.08,0.032,0.015,0.001,0.0,0.001,0.0,0.0,0.005,0.007,0.002,0.002,0.0,0.018
359001,360000,12-17 21:50:28.456,12-17 21:50:29.096,1000,0,155,27,6.202069599041664,64.044,0.009,0.241,0.506,0.051,0.193,0.0,0.099,0.027,0.012,0.0,0.008,0.0,0.048,0.0,0.01,0.023,0.05,0.008,0.038,0.004,0.0,0.014,0.0,0.002,0.0,0.015
360001,361000,12-17 21:50:29.096,12-17 21:50:32.743,1000,0,150,17,5.9986618758081915,86.071,0.017,0.167,0.723,0.04,0.053,0.0,0.06,0.009,0.036,0.0,0.016,0.0,0.0,0.0,0.007,0.015,0.0,0.008,0.02,0.008,0.0,0.024,0.012,0.005,0.0,0.137
361001,362000,12-17 21:50:32.747,12-17 21:50:37.158,984,16,133,15,5.529227823836981,73.01829268292683,0.03353658536585366,0.29878048780487804,0.625,0.024390243902439025,0.018292682926829267,0.0,0.0,0.018292682926829267,0.024390243902439025,0.0,0.016260162601626018,0.012195121951219513,0.0,0.0,0.006097560975609756,0.031504065040650404,0.0,0.009146341463414634,0.0010162601626016261,0.008130081300813009,0.006097560975609756,0.003048780487804878,0.0040650406504065045,0.00508130081300813,0.0,0.06707317073170732
362001,363000,12-17 21:50:37.158,12-17 21:50:43.741,992,8,145,17,6.303371320538531,75.41532258064517,0.08266129032258064,0.33064516129032256,0.5352822580645161,0.021169354838709676,0.03024193548387097,0.0,0.012096774193548387,0.03024193548387097,0.036290322580645164,0.0,0.024193548387096774,0.004032258064516129,0.0,0.0,0.014112903225806451,0.057459677419354836,0.0,0.01310483870967742,0.0010080645161290322,0.012096774193548387,0.005040322580645161,0.006048387096774193,0.008064516129032258,0.008064516129032258,0.0,0.010080645161290322
363001,364000,12-17 21:50:43.741,12-17 21:50:47.864,1000,0,116,17,5.230563919568719,75.131,0.039,0.404,0.51,0.023,0.024,0.0,0.083,0.031,0.036,0.0,0.032,0.016,0.0,0.0,0.014,0.003,0.0,0.014,0.002,0.012,0.013,0.01,0.0,0.022,0.0,0.0
364001,365000,12-17 21:50:47.864,12-17 21:50:48.544,1000,0,132,30,5.735852018925537,67.362,0.046,0.283,0.54,0.056,0.075,0.0,0.146,0.058,0.0,0.0,0.024,0.02,0.0,0.0,0.018,0.016,0.0,0.006,0.05,0.006,0.002,0.006,0.0,0.015,0.0,0.0
365001,366000,12-17 21:50:48.544,12-17 21:50:48.993,996,4,104,19,4.332251941629806,78.52309236947791,0.04317269076305221,0.2178714859437751,0.6887550200803213,0.02208835341365462,0.028112449799196786,0.0,0.39357429718875503,0.01606425702811245,0.0,0.0,0.008032128514056224,0.0,0.0,0.0,0.010040160642570281,0.006024096385542169,0.0,0.002008032128514056,0.023092369477911646,0.002008032128514056,0.0,0.012048192771084338,0.0,0.0030120481927710845,0.0,0.0
366001,367000,12-17 21:50:48.993,12-17 21:50:50.860,1000,0,132,15,5.707415883796261,71.942,0.102,0.372,0.449,0.036,0.041,0.0,0.004,0.018,0.0,0.0,0.0,0.0,0.0,0.0,0.013,0.025,0.0,0.0,0.016,0.0,0.0,0.023,0.004,0.0,0.0,0.012
367001,368000,12-17 21:50:50.860,12-17 21:50:54.576,1000,0,130,23,5.98601004389787,77.628,0.047,0.353,0.53,0.02,0.05,0.0,0.01,0.094,0.0,0.0,0.008,0.008,0.0,0.0,0.022,0.003,0.0,0.002,0.004,0.002,0.006,0.011,0.0,0.007,0.0,0.01
368001,369000,12-17 21:50:54.576,12-17 21:50:57.448,1000,0,166,29,6.468776357846031,64.365,0.022,0.342,0.528,0.047,0.061,0.0,0.006,0.057,0.0,0.0,0.0,0.012,0.0,0.0,0.015,0.001,0.0,0.008,0.034,0.0,0.003,0.009,0.004,0.0,0.0,0.013
369001,370000,12-17 21:50:57.449,12-17 21:51:00.921,1000,0,162,25,6.3046813659943775,61.43,0.029,0.295,0.515,0.051,0.11,0.0,0.01,0.071,0.0,0.0,0.0,0.004,0.07,0.0,0.013,0.001,0.0,0.005,0.018,0.0,0.002,0.008,0.002,0.002,0.0,0.014
370001,371000,12-17 21:51:00.921,12-17 21:51:06.124,1000,0,134,27,6.1386598369165855,63.39,0.019,0.324,0.578,0.016,0.063,0.0,0.01,0.027,0.0,0.0,0.0,0.004,0.026,0.0,0.017,0.002,0.0,0.004,0.016,0.0,0.002,0.008,0.002,0.002,0.0,0.015
371001,372000,12-17 21:51:06.125,12-17 21:51:21.466,1000,0,69,10,5.263250623570023,64.422,0.014,0.263,0.634,0.062,0.027,0.0,0.032,0.035,0.0,0.0,0.0,0.024,0.0,0.0,0.033,0.004,0.0,0.004,0.0,0.0,0.018,0.015,0.0,0.008,0.0,0.028
372001,373000,12-17 21:51:21.466,12-17 21:51:29.776,1000,0,165,28,6.3221053856107545,61.831,0.025,0.257,0.573,0.049,0.096,0.0,0.02,0.028,0.0,0.0,0.0,0.004,0.064,0.0,0.023,0.004,0.0,0.005,0.018,0.0,0.005,0.012,0.002,0.002,0.0,0.024
373001,374000,12-17 21:51:29.776,12-17 21:51:50.379,1000,0,175,28,6.498209841621379,64.645,0.028,0.342,0.442,0.07,0.118,0.0,0.002,0.055,0.0,0.0,0.0,0.0,0.033,0.016,0.011,0.001,0.005,0.004,0.016,0.0,0.0,0.006,0.004,0.0,0.0,0.012
374001,375000,12-17 21:51:50.380,12-17 21:52:11.443,1000,0,179,28,6.496985986465587,60.322,0.036,0.322,0.434,0.034,0.174,0.0,0.018,0.053,0.0,0.0,0.0,0.012,0.095,0.016,0.012,0.002,0.005,0.008,0.033,0.0,0.009,0.005,0.002,0.002,0.0,0.008
375001,376000,12-17 21:52:11.443,12-17 21:52:15.455,1000,0,158,28,6.252325133187282,65.864,0.018,0.323,0.467,0.053,0.139,0.0,0.008,0.057,0.0,0.0,0.0,0.016,0.0,0.016,0.011,0.002,0.065,0.008,0.019,0.0,0.008,0.004,0.004,0.008,0.0,0.009
376001,377000,12-17 21:52:15.455,12-17 21:52:23.540,1000,0,174,31,6.4502040327492125,62.961,0.03,0.322,0.459,0.054,0.135,0.0,0.016,0.055,0.0,0.0,0.0,0.008,0.064,0.016,0.009,0.003,0.0,0.01,0.034,0.0,0.007,0.005,0.002,0.004,0.0,0.005
377001,378000,12-17 21:52:23.540,12-17 21:52:24.463,1000,0,161,26,6.198303628331543,61.46,0.029,0.32,0.441,0.06,0.15,0.0,0.002,0.057,0.0,0.0,0.0,0.0,0.096,0.0,0.008,0.001,0.0,0.003,0.02,0.0,0.0,0.006,0.004,0.0,0.0,0.012
378001,379000,12-17 21:52:24.464,12-17 21:52:25.340,1000,0,171,29,6.405349596932638,63.812,0.033,0.321,0.464,0.064,0.118,0.0,0.002,0.06,0.0,0.0,0.0,0.0,0.055,0.0,0.009,0.001,0.0,0.008,0.029,0.0,0.0,0.006,0.004,0.0,0.0,0.01
379001,380000,12-17 21:52:25.340,12-17 21:52:32.775,1000,0,165,29,6.350962273770699,63.669,0.029,0.314,0.496,0.029,0.132,0.0,0.02,0.054,0.0,0.0,0.0,0.012,0.073,0.0,0.012,0.004,0.0,0.009,0.035,0.0,0.009,0.006,0.002,0.002,0.0,0.007
380001,381000,12-17 21:52:32.775,12-17 21:52:43.006,1000,0,165,27,6.180818622325839,58.956,0.032,0.32,0.426,0.063,0.159,0.0,0.02,0.074,0.0,0.0,0.0,0.004,0.096,0.0,0.008,0.003,0.01,0.005,0.018,0.0,0.005,0.006,0.004,0.002,0.0,0.003
381001,382000,12-17 21:52:43.007,12-17 21:52:47.384,1000,0,163,30,6.321674989731541,65.9,0.025,0.313,0.485,0.047,0.13,0.0,0.008,0.059,0.0,0.0,0.0,0.016,0.064,0.0,0.01,0.001,0.0,0.009,0.034,0.0,0.008,0.005,0.01,0.004,0.0,0.01
382001,383000,12-17 21:52:47.384,12-17 21:52:48.286,1000,0,157,25,6.462462036638514,62.597,0.037,0.363,0.469,0.035,0.096,0.0,0.002,0.059,0.0,0.0,0.0,0.0,0.032,0.0,0.013,0.001,0.0,0.012,0.045,0.0,0.0,0.009,0.002,0.0,0.0,0.009
383001,384000,12-17 21:52:48.286,12-17 21:53:02.348,1000,0,161,29,6.231603108375332,60.908,0.029,0.318,0.432,0.067,0.154,0.0,0.034,0.051,0.0,0.0,0.0,0.012,0.096,0.0,0.008,0.006,0.0,0.007,0.023,0.0,0.012,0.005,0.004,0.006,0.0,0.005
384001,385000,12-17 21:53:02.348,12-17 21:53:06.168,1000,0,159,29,6.322562652543852,67.488,0.019,0.296,0.559,0.044,0.082,0.0,0.008,0.052,0.0,0.0,0.0,0.004,0.018,0.0,0.01,0.0,0.0,0.005,0.016,0.0,0.002,0.005,0.002,0.002,0.0,0.014
385001,386000,12-17 21:53:06.168,12-17 21:53:18.847,1000,0,177,29,6.53430794578038,60.476,0.032,0.329,0.442,0.036,0.161,0.0,0.018,0.048,0.0,0.0,0.0,0.012,0.078,0.016,0.015,0.003,0.005,0.008,0.034,0.0,0.009,0.006,0.004,0.002,0.0,0.009
386001,387000,12-17 21:53:18.848,12-17 21:53:27.915,1000,0,162,27,6.266139878489151,58.255,0.031,0.286,0.466,0.063,0.154,0.0,0.016,0.042,0.0,0.0,0.0,0.004,0.096,0.016,0.01,0.004,0.0,0.005,0.018,0.0,0.005,0.006,0.006,0.002,0.0,0.009
387001,388000,12-17 21:53:27.916,12-17 21:53:30.161,1000,0,163,30,6.250147042001421,64.384,0.024,0.28,0.472,0.047,0.177,0.0,0.008,0.065,0.0,0.0,0.0,0.004,0.064,0.0,0.009,0.001,0.05,0.008,0.034,0.0,0.002,0.006,0.002,0.002,0.0,0.01
388001,389000,12-17 21:53:30.184,12-17 21:53:31.902,1000,0,156,29,6.1615066037777035,62.265,0.028,0.343,0.426,0.06,0.143,0.0,0.002,0.064,0.0,0.0,0.0,0.004,0.082,0.0,0.01,0.001,0.0,0.004,0.016,0.0,0.002,0.006,0.004,0.002,0.0,0.01
389001,390000,12-17 21:53:31.902,12-17 21:53:35.245,1000,0,158,27,6.439307111509353,64.226,0.03,0.336,0.497,0.028,0.109,0.0,0.008,0.053,0.0,0.0,0.0,0.012,0.046,0.0,0.015,0.002,0.0,0.008,0.034,0.0,0.006,0.007,0.002,0.002,0.0,0.011
390001,391000,12-17 21:53:35.245,12-17 21:53:36.888,1000,0,167,30,6.305921181394991,60.43,0.033,0.324,0.434,0.061,0.148,0.0,0.002,0.058,0.0,0.0,0.0,0.0,0.088,0.0,0.01,0.001,0.0,0.007,0.034,0.0,0.003,0.007,0.004,0.0,0.0,0.01
391001,392000,12-17 21:53:36.888,12-17 21:53:39.913,1000,0,158,24,6.093145702675349,69.323,0.022,0.385,0.467,0.06,0.066,0.0,0.008,0.077,0.0,0.0,0.0,0.004,0.002,0.0,0.007,0.002,0.0,0.004,0.018,0.0,0.002,0.004,0.006,0.002,0.0,0.007
392001,393000,12-17 21:53:39.913,12-17 21:54:58.903,1000,0,182,29,6.528482507756357,58.464,0.038,0.312,0.429,0.058,0.163,0.0,0.014,0.046,0.0,0.0,0.008,0.004,0.094,0.016,0.01,0.002,0.005,0.009,0.034,0.002,0.005,0.007,0.002,0.006,0.0,0.006
393001,394000,12-17 21:54:58.903,12-17 21:54:59.644,1000,0,174,27,6.3230234046007725,63.783,0.035,0.251,0.497,0.064,0.153,0.0,0.002,0.044,0.0,0.0,0.016,0.0,0.096,0.0,0.007,0.001,0.0,0.004,0.016,0.004,0.0,0.003,0.0,0.008,0.0,0.013
394001,395000,12-17 21:54:59.644,12-17 21:56:33.895,1000,0,147,28,6.292473282203102,59.52,0.03,0.291,0.481,0.028,0.17,0.0,0.014,0.047,0.0,0.0,0.048,0.012,0.064,0.016,0.011,0.001,0.031,0.013,0.052,0.012,0.006,0.007,0.002,0.026,0.0,0.009
395001,396000,12-17 21:56:33.895,12-17 21:57:58.488,1000,0,146,25,6.035164488639196,59.729,0.023,0.348,0.336,0.041,0.252,0.0,0.024,0.04,0.0,0.0,0.0,0.004,0.032,0.08,0.011,0.008,0.089,0.004,0.021,0.0,0.005,0.003,0.002,0.002,0.0,0.008
396001,397000,12-17 21:57:58.488,12-17 21:58:03.458,1000,0,175,30,6.379463172152968,62.561,0.031,0.307,0.442,0.063,0.157,0.0,0.01,0.048,0.0,0.0,0.008,0.008,0.096,0.0,0.009,0.001,0.0,0.007,0.022,0.002,0.007,0.005,0.002,0.008,0.0,0.007
397001,398000,12-17 21:58:03.458,12-17 21:58:07.690,1000,0,156,29,6.280893420515351,63.726,0.023,0.338,0.466,0.051,0.122,0.0,0.01,0.06,0.0,0.0,0.0,0.012,0.058,0.0,0.011,0.002,0.0,0.005,0.016,0.0,0.006,0.005,0.004,0.002,0.0,0.012
398001,399000,12-17 21:58:07.690,12-17 21:58:22.271,1000,0,183,29,6.553532869058571,65.314,0.029,0.349,0.452,0.038,0.132,0.0,0.016,0.06,0.0,0.0,0.0,0.008,0.038,0.016,0.012,0.002,0.005,0.01,0.034,0.0,0.007,0.005,0.002,0.004,0.0,0.009
399001,400000,12-17 21:58:22.271,12-17 21:58:28.376,1000,0,166,28,6.331354494942059,58.733,0.035,0.317,0.443,0.063,0.142,0.0,0.014,0.061,0.0,0.0,0.0,0.012,0.096,0.0,0.011,0.004,0.0,0.007,0.019,0.0,0.009,0.006,0.004,0.006,0.0,0.008
400001,401000,12-17 21:58:28.376,12-17 21:58:30.824,1000,0,161,26,6.29436731149212,68.472,0.025,0.357,0.515,0.044,0.059,0.0,0.004,0.073,0.0,0.0,0.0,0.0,0.0,0.0,0.008,0.001,0.0,0.008,0.033,0.0,0.0,0.005,0.004,0.0,0.0,0.007
401001,402000,12-17 21:58:30.828,12-17 21:58:32.905,1000,0,154,26,6.299197685590767,67.332,0.021,0.377,0.474,0.048,0.08,0.0,0.004,0.074,0.0,0.0,0.0,0.0,0.0,0.0,0.01,0.001,0.0,0.011,0.042,0.0,0.0,0.007,0.008,0.0,0.0,0.007
402001,403000,12-17 21:58:32.905,12-17 21:58:34.516,1000,0,180,26,6.440284700212468,71.378,0.018,0.319,0.56,0.053,0.05,0.0,0.008,0.068,0.0,0.0,0.0,0.012,0.0,0.0,0.012,0.003,0.0,0.003,0.02,0.0,0.006,0.006,0.012,0.005,0.0,0.022
403001,404000,12-17 21:58:34.516,12-17 21:58:35.598,1000,0,169,27,6.461884736146791,67.967,0.027,0.349,0.51,0.051,0.063,0.0,0.002,0.06,0.0,0.0,0.0,0.004,0.0,0.0,0.011,0.001,0.0,0.01,0.03,0.0,0.002,0.007,0.004,0.002,0.0,0.007
404001,405000,12-17 21:58:35.598,12-17 21:58:38.177,1000,0,161,27,6.348809961470035,67.624,0.025,0.367,0.49,0.048,0.07,0.0,0.006,0.062,0.0,0.0,0.0,0.004,0.0,0.0,0.011,0.002,0.0,0.008,0.044,0.0,0.005,0.007,0.004,0.002,0.0,0.007
405001,406000,12-17 21:58:38.177,12-17 21:58:42.004,1000,0,161,28,6.2864983132135155,59.523,0.03,0.351,0.387,0.063,0.169,0.0,0.008,0.049,0.0,0.0,0.0,0.0,0.096,0.0,0.007,0.0,0.01,0.008,0.034,0.0,0.0,0.006,0.002,0.0,0.0,0.005
406001,407000,12-17 21:58:42.004,12-17 21:58:46.173,1000,0,163,29,6.2808320874869485,65.897,0.022,0.332,0.463,0.053,0.13,0.0,0.008,0.067,0.0,0.0,0.0,0.004,0.064,0.0,0.01,0.002,0.0,0.008,0.034,0.0,0.002,0.006,0.004,0.002,0.0,0.01
407001,408000,12-17 21:58:46.173,12-17 21:58:47.164,1000,0,182,28,6.357664384381761,63.471,0.036,0.317,0.434,0.064,0.149,0.0,0.002,0.056,0.0,0.0,0.0,0.0,0.09,0.0,0.009,0.001,0.0,0.003,0.016,0.0,0.003,0.006,0.004,0.003,0.0,0.012
408001,409000,12-17 21:58:47.166,12-17 21:58:53.710,1000,0,165,28,6.30836421308787,66.211,0.025,0.346,0.479,0.029,0.121,0.0,0.044,0.065,0.0,0.0,0.0,0.016,0.038,0.0,0.012,0.003,0.0,0.009,0.034,0.0,0.008,0.005,0.002,0.004,0.0,0.007
409001,410000,12-17 21:58:53.710,12-17 21:58:59.595,1000,0,165,28,6.42051874237411,67.742,0.021,0.37,0.488,0.048,0.073,0.0,0.012,0.06,0.0,0.0,0.0,0.004,0.0,0.0,0.011,0.003,0.0,0.008,0.034,0.0,0.005,0.007,0.004,0.002,0.0,0.007
410001,411000,12-17 21:58:59.595,12-17 21:59:18.940,1000,0,162,28,6.303622529856759,58.434,0.034,0.306,0.396,0.07,0.194,0.0,0.02,0.054,0.0,0.0,0.0,0.008,0.096,0.016,0.011,0.003,0.005,0.009,0.029,0.0,0.007,0.006,0.004,0.004,0.0,0.008
411001,412000,12-17 21:59:18.944,12-17 21:59:20.732,1000,0,176,27,6.434418265781521,61.629,0.033,0.292,0.463,0.07,0.142,0.0,0.002,0.048,0.0,0.0,0.0,0.0,0.09,0.0,0.006,0.001,0.0,0.003,0.023,0.0,0.0,0.005,0.002,0.0,0.0,0.009
412001,413000,12-17 21:59:20.733,12-17 21:59:44.675,1000,0,144,28,5.9385180371693895,69.454,0.01,0.363,0.521,0.015,0.091,0.0,0.054,0.045,0.0,0.0,0.008,0.024,0.006,0.0,0.013,0.007,0.0,0.008,0.016,0.002,0.018,0.003,0.002,0.012,0.0,0.007
413001,414000,12-17 21:59:44.675,12-17 22:00:49.978,1000,0,179,29,6.281077103101301,59.827,0.023,0.272,0.454,0.06,0.191,0.0,0.018,0.072,0.0,0.0,0.0,0.012,0.064,0.032,0.008,0.003,0.055,0.005,0.018,0.0,0.009,0.005,0.002,0.002,0.0,0.006
414001,415000,12-17 22:00:49.979,12-17 22:01:42.364,1000,0,116,20,5.71520769505514,57.495,0.034,0.296,0.461,0.048,0.161,0.0,0.092,0.047,0.0,0.0,0.0,0.016,0.032,0.032,0.008,0.013,0.01,0.0,0.0,0.0,0.02,0.002,0.002,0.0,0.0,0.0
415001,416000,12-17 22:01:42.364,12-17 22:01:46.953,1000,0,170,31,6.422045489783431,68.952,0.025,0.336,0.49,0.047,0.102,0.0,0.008,0.057,0.0,0.0,0.0,0.004,0.034,0.0,0.01,0.002,0.0,0.004,0.016,0.0,0.002,0.006,0.002,0.002,0.0,0.012
416001,417000,12-17 22:01:46.954,12-17 22:02:01.919,1000,0,175,31,6.376923834463423,62.441,0.029,0.31,0.477,0.036,0.148,0.0,0.016,0.059,0.0,0.0,0.0,0.012,0.062,0.016,0.012,0.004,0.0,0.009,0.034,0.0,0.009,0.006,0.004,0.002,0.0,0.007
417001,418000,12-17 22:02:01.920,12-17 22:05:42.493,1000,0,160,22,5.991798417318678,55.123,0.03,0.202,0.353,0.071,0.344,0.0,0.022,0.026,0.0,0.0,0.0,0.0,0.082,0.08,0.006,0.003,0.125,0.004,0.018,0.0,0.003,0.004,0.0,0.0,0.0,0.01
418001,419000,12-17 22:05:42.493,12-17 22:05:44.733,1000,0,162,31,6.27816130558851,67.213,0.019,0.341,0.475,0.053,0.112,0.0,0.004,0.064,0.0,0.0,0.0,0.004,0.048,0.0,0.01,0.005,0.0,0.005,0.043,0.0,0.002,0.006,0.004,0.002,0.0,0.01
419001,420000,12-17 22:05:44.734,12-17 22:07:58.514,1000,0,186,31,6.632317061113442,60.081,0.031,0.292,0.462,0.048,0.167,0.0,0.018,0.051,0.0,0.0,0.0,0.004,0.062,0.032,0.01,0.002,0.005,0.009,0.034,0.0,0.005,0.005,0.002,0.002,0.0,0.009
420001,421000,12-17 22:07:58.514,12-17 22:08:00.637,1000,0,171,28,6.315299990798097,58.681,0.036,0.327,0.429,0.067,0.141,0.0,0.004,0.059,0.0,0.0,0.0,0.012,0.096,0.0,0.011,0.002,0.0,0.004,0.018,0.0,0.006,0.005,0.004,0.002,0.0,0.008
421001,422000,12-17 22:08:00.637,12-17 22:09:17.886,1000,0,192,31,6.615959641583428,62.415,0.026,0.243,0.463,0.065,0.203,0.0,0.016,0.041,0.0,0.0,0.0,0.004,0.064,0.016,0.008,0.004,0.039,0.008,0.034,0.0,0.005,0.006,0.002,0.002,0.0,0.013
422001,423000,12-17 22:09:17.886,12-17 22:13:12.575,1000,0,149,24,5.926501117319341,59.166,0.027,0.318,0.351,0.038,0.266,0.0,0.024,0.05,0.0,0.0,0.0,0.008,0.032,0.064,0.014,0.004,0.131,0.002,0.006,0.0,0.007,0.003,0.002,0.004,0.0,0.006
423001,424000,12-17 22:13:12.575,12-17 22:13:21.345,1000,0,211,32,6.600449974574144,70.694,0.026,0.307,0.488,0.059,0.12,0.0,0.02,0.088,0.0,0.0,0.0,0.008,0.064,0.0,0.011,0.003,0.0,0.006,0.037,0.0,0.007,0.007,0.002,0.003,0.0,0.007
424001,425000,12-17 22:13:21.347,12-17 22:21:06.662,1000,0,121,23,5.561760565703553,77.251,0.024,0.399,0.38,0.046,0.151,0.0,0.042,0.109,0.0,0.0,0.01,0.008,0.0,0.048,0.014,0.016,0.055,0.004,0.014,0.004,0.012,0.008,0.0,0.003,0.0,0.006
425001,426000,12-17 22:21:06.664,12-17 22:21:39.764,1000,0,107,30,5.027801828200852,75.682,0.019,0.291,0.388,0.107,0.195,0.0,0.078,0.171,0.0,0.0,0.0,0.011,0.0,0.016,0.014,0.096,0.11,0.0,0.037,0.0,0.013,0.006,0.0,0.0,0.0,0.0
426001,427000,12-17 22:21:39.765,12-17 22:24:41.098,1000,0,142,25,5.895243217815714,61.7,0.021,0.408,0.36,0.077,0.134,0.0,0.034,0.096,0.0,0.0,0.0,0.005,0.026,0.032,0.009,0.022,0.005,0.0,0.0,0.0,0.0,0.005,0.002,0.0,0.0,0.003
427001,428000,12-17 22:24:41.098,12-17 22:24:41.962,1000,0,205,30,6.662243368419043,61.743,0.027,0.317,0.465,0.063,0.128,0.0,0.0,0.056,0.0,0.0,0.0,0.004,0.023,0.0,0.01,0.005,0.05,0.005,0.018,0.0,0.004,0.007,0.002,0.002,0.0,0.008
428001,429000,12-17 22:24:41.962,12-17 22:24:50.541,1000,0,144,27,5.445171741657118,62.79,0.023,0.243,0.528,0.036,0.17,0.0,0.233,0.039,0.0,0.0,0.0,0.012,0.079,0.016,0.011,0.006,0.005,0.006,0.009,0.0,0.009,0.005,0.002,0.002,0.0,0.006
429001,430000,12-17 22:24:50.541,12-17 22:25:15.025,1000,0,172,32,6.395569287580451,62.168,0.027,0.326,0.436,0.057,0.154,0.0,0.02,0.056,0.0,0.0,0.0,0.004,0.064,0.016,0.009,0.007,0.01,0.011,0.024,0.0,0.007,0.007,0.002,0.002,0.0,0.007
430001,431000,12-17 22:25:15.025,12-17 22:25:18.311,1000,0,164,29,6.329075515532227,65.462,0.022,0.385,0.445,0.059,0.089,0.0,0.006,0.048,0.0,0.0,0.0,0.004,0.032,0.0,0.012,0.006,0.0,0.005,0.011,0.0,0.004,0.006,0.002,0.002,0.0,0.012
431001,432000,12-17 22:25:18.311,12-17 22:25:19.945,1000,0,164,29,6.325639160579727,66.325,0.02,0.419,0.45,0.053,0.058,0.0,0.004,0.069,0.0,0.0,0.0,0.004,0.0,0.0,0.012,0.003,0.0,0.009,0.024,0.0,0.008,0.008,0.006,0.002,0.0,0.007
432001,433000,12-17 22:25:19.945,12-17 22:25:29.187,1000,0,159,27,6.199395448598752,56.233,0.034,0.361,0.402,0.044,0.159,0.0,0.016,0.059,0.0,0.0,0.0,0.016,0.096,0.016,0.017,0.004,0.0,0.012,0.023,0.0,0.013,0.008,0.002,0.004,0.0,0.005
433001,434000,12-17 22:25:29.187,12-17 22:25:41.479,1000,0,160,30,6.148200831975744,62.207,0.028,0.327,0.436,0.075,0.134,0.0,0.024,0.046,0.0,0.0,0.0,0.004,0.09,0.0,0.005,0.006,0.0,0.005,0.014,0.0,0.002,0.013,0.002,0.002,0.0,0.005
434001,435000,12-17 22:25:41.479,12-17 22:26:05.614,1000,0,149,30,6.0732588341508205,70.451,0.011,0.324,0.542,0.046,0.077,0.0,0.05,0.078,0.0,0.0,0.008,0.04,0.006,0.0,0.017,0.013,0.0,0.011,0.011,0.002,0.02,0.004,0.004,0.016,0.0,0.012
435001,436000,12-17 22:26:05.614,12-17 22:26:09.675,1000,0,163,28,6.254558618792547,56.078,0.036,0.311,0.406,0.038,0.209,0.0,0.01,0.06,0.0,0.0,0.0,0.0,0.096,0.0,0.009,0.004,0.06,0.007,0.024,0.0,0.0,0.006,0.002,0.0,0.0,0.007
436001,437000,12-17 22:26:09.675,12-17 22:26:26.244,1000,0,159,26,6.149253331518704,60.617,0.029,0.362,0.391,0.064,0.154,0.0,0.037,0.053,0.0,0.0,0.032,0.016,0.09,0.0,0.009,0.005,0.0,0.009,0.013,0.008,0.01,0.005,0.002,0.02,0.0,0.003
437001,438000,12-17 22:26:26.245,12-17 22:26:52.015,1000,0,154,28,5.9670416733507885,70.374,0.01,0.398,0.498,0.025,0.069,0.0,0.054,0.062,0.0,0.0,0.0,0.028,0.006,0.0,0.015,0.013,0.0,0.009,0.011,0.0,0.017,0.004,0.002,0.01,0.0,0.007
438001,439000,12-17 22:26:52.016,12-17 22:26:55.170,1000,0,156,30,6.242169106350204,58.899,0.034,0.321,0.427,0.063,0.155,0.0,0.006,0.06,0.0,0.0,0.0,0.008,0.096,0.0,0.012,0.004,0.0,0.009,0.024,0.0,0.004,0.007,0.004,0.004,0.0,0.01
439001,440000,12-17 22:26:55.170,12-17 22:27:01.972,1000,0,164,27,6.205589866338027,56.248,0.034,0.365,0.394,0.069,0.138,0.0,0.014,0.054,0.0,0.0,0.0,0.0,0.096,0.0,0.01,0.003,0.0,0.006,0.013,0.0,0.005,0.007,0.004,0.0,0.0,0.009
440001,441000,12-17 22:27:01.974,12-17 22:27:13.400,1000,0,167,29,6.198431651422886,63.582,0.017,0.341,0.455,0.054,0.133,0.0,0.024,0.064,0.0,0.0,0.0,0.012,0.064,0.0,0.009,0.007,0.01,0.005,0.015,0.0,0.006,0.005,0.002,0.002,0.0,0.007
441001,442000,12-17 22:27:13.400,12-17 22:27:30.269,1000,0,178,30,6.484239576264717,61.314,0.028,0.422,0.387,0.039,0.124,0.0,0.016,0.066,0.0,0.0,0.0,0.004,0.032,0.032,0.011,0.008,0.005,0.011,0.019,0.0,0.006,0.006,0.002,0.002,0.0,0.005
442001,443000,12-17 22:27:30.270,12-17 22:27:38.757,1000,0,160,30,6.144939637905867,60.547,0.027,0.328,0.437,0.068,0.14,0.0,0.018,0.052,0.0,0.0,0.008,0.02,0.096,0.0,0.01,0.007,0.0,0.008,0.014,0.002,0.01,0.006,0.004,0.01,0.0,0.005
443001,444000,12-17 22:27:38.757,12-17 22:27:50.522,1000,0,154,28,6.194070802100989,65.93,0.022,0.361,0.447,0.051,0.119,0.0,0.024,0.055,0.0,0.0,0.0,0.012,0.058,0.0,0.011,0.006,0.0,0.006,0.011,0.0,0.006,0.005,0.002,0.006,0.0,0.01
444001,445000,12-17 22:27:50.522,12-17 22:27:55.342,1000,0,176,30,6.403393742503319,62.814,0.025,0.316,0.46,0.055,0.144,0.0,0.01,0.062,0.0,0.0,0.0,0.016,0.038,0.0,0.013,0.004,0.05,0.009,0.024,0.0,0.008,0.005,0.004,0.004,0.0,0.009
445001,446000,12-17 22:27:55.342,12-17 22:28:00.948,1000,0,169,27,6.315086038367876,57.21,0.035,0.355,0.434,0.046,0.13,0.0,0.012,0.052,0.0,0.0,0.016,0.008,0.096,0.0,0.011,0.004,0.0,0.009,0.013,0.004,0.009,0.007,0.002,0.012,0.0,0.011
446001,447000,12-17 22:28:00.948,12-17 22:28:19.755,1000,0,179,30,6.481783348788909,61.501,0.03,0.357,0.397,0.065,0.151,0.0,0.018,0.058,0.0,0.0,0.0,0.004,0.07,0.016,0.009,0.005,0.005,0.011,0.024,0.0,0.005,0.007,0.002,0.002,0.0,0.005
447001,448000,12-17 22:28:19.755,12-17 22:28:48.893,1000,0,154,29,6.018883767093257,68.215,0.013,0.36,0.514,0.031,0.082,0.0,0.062,0.064,0.0,0.0,0.024,0.028,0.026,0.0,0.015,0.014,0.0,0.008,0.011,0.006,0.016,0.004,0.002,0.018,0.0,0.007
448001,449000,12-17 22:28:48.893,12-17 22:28:54.120,1000,0,158,27,6.225854956771564,60.429,0.035,0.347,0.408,0.065,0.145,0.0,0.01,0.069,0.0,0.0,0.016,0.004,0.096,0.0,0.008,0.004,0.0,0.005,0.014,0.004,0.002,0.005,0.004,0.01,0.0,0.008
449001,450000,12-17 22:28:54.121,12-17 22:29:21.389,1000,0,166,29,6.263400719850264,66.52,0.019,0.286,0.494,0.059,0.142,0.0,0.056,0.052,0.0,0.0,0.024,0.024,0.064,0.0,0.012,0.013,0.0,0.013,0.023,0.006,0.012,0.005,0.002,0.02,0.0,0.007
450001,451000,12-17 22:29:21.389,12-17 22:29:31.552,1000,0,157,28,6.257915691747872,64.948,0.024,0.354,0.451,0.063,0.108,0.0,0.022,0.062,0.0,0.0,0.0,0.02,0.037,0.0,0.013,0.005,0.01,0.006,0.011,0.0,0.01,0.005,0.004,0.006,0.0,0.01
451001,452000,12-17 22:29:31.552,12-17 22:29:41.608,1000,0,159,28,6.268031552945264,61.717,0.032,0.358,0.428,0.035,0.147,0.0,0.02,0.055,0.0,0.0,0.008,0.008,0.091,0.0,0.011,0.007,0.0,0.01,0.024,0.002,0.004,0.006,0.002,0.008,0.0,0.007
452001,453000,12-17 22:29:41.608,12-17 22:29:44.361,1000,0,158,27,6.226673952377463,59.213,0.033,0.323,0.438,0.061,0.145,0.0,0.006,0.065,0.0,0.0,0.024,0.008,0.096,0.0,0.012,0.003,0.0,0.007,0.023,0.006,0.004,0.007,0.004,0.012,0.0,0.008
453001,454000,12-17 22:29:44.361,12-17 22:29:49.597,1000,0,162,31,6.18494184886265,59.461,0.032,0.354,0.402,0.067,0.145,0.0,0.012,0.064,0.0,0.0,0.0,0.007,0.096,0.0,0.009,0.008,0.0,0.006,0.014,0.0,0.002,0.005,0.004,0.003,0.0,0.008
454001,455000,12-17 22:29:49.597,12-17 22:30:19.862,1000,0,157,30,6.151946396374153,70.667,0.017,0.353,0.478,0.06,0.092,0.0,0.062,0.069,0.0,0.0,0.0,0.017,0.026,0.0,0.01,0.014,0.0,0.005,0.011,0.0,0.01,0.005,0.002,0.005,0.0,0.009
455001,456000,12-17 22:30:19.862,12-17 22:30:32.559,1000,0,174,22,6.31203060744093,62.121,0.07,0.409,0.357,0.036,0.128,0.0,0.008,0.054,0.0,0.0,0.008,0.008,0.07,0.032,0.019,0.003,0.005,0.007,0.013,0.002,0.006,0.008,0.0,0.005,0.0,0.002
456001,457000,12-17 22:30:32.559,12-17 22:30:33.032,996,4,175,24,6.377270444772109,67.02510040160642,0.08734939759036145,0.392570281124498,0.43172690763052207,0.024096385542168676,0.0642570281124498,0.0,0.0,0.0321285140562249,0.0,0.0,0.008032128514056224,0.004016064257028112,0.0,0.0,0.02208835341365462,0.002008032128514056,0.0,0.008032128514056224,0.018072289156626505,0.002008032128514056,0.006024096385542169,0.018072289156626505,0.002008032128514056,0.007028112449799197,0.0,0.002008032128514056
457001,458000,12-17 22:30:33.032,12-17 22:30:33.899,1000,0,166,28,5.901950983346194,70.162,0.04,0.441,0.441,0.022,0.056,0.0,0.002,0.057,0.0,0.0,0.024,0.004,0.0,0.0,0.028,0.027,0.0,0.008,0.003,0.006,0.006,0.018,0.0,0.018,0.0,0.002
458001,459000,12-17 22:30:33.899,12-17 22:30:34.441,1000,0,108,25,5.546472759938406,77.581,0.016,0.447,0.467,0.044,0.026,0.0,0.004,0.067,0.06,0.0,0.042,0.032,0.0,0.0,0.015,0.009,0.0,0.012,0.037,0.024,0.005,0.012,0.0,0.013,0.0,0.0
459001,460000,12-17 22:30:34.442,12-17 22:30:35.552,1000,0,84,24,4.587566910519338,84.91,0.006,0.141,0.756,0.045,0.052,0.0,0.263,0.03,0.0,0.0,0.0,0.0,0.0,0.0,0.005,0.026,0.0,0.0,0.025,0.0,0.0,0.003,0.0,0.0,0.0,0.0
460001,461000,12-17 22:30:35.552,12-17 22:30:35.902,1000,0,53,8,1.3927730020716578,77.419,0.01,0.014,0.928,0.02,0.028,0.0,0.85,0.0,0.0,0.0,0.0,0.004,0.0,0.0,0.001,0.002,0.0,0.001,0.0,0.0,0.002,0.0,0.0,0.002,0.0,0.003
461001,462000,12-17 22:30:35.902,12-17 22:30:37.574,1000,0,113,15,4.082263613529922,83.216,0.01,0.139,0.698,0.037,0.116,0.0,0.478,0.008,0.012,0.0,0.008,0.0,0.0,0.0,0.007,0.034,0.0,0.004,0.001,0.004,0.0,0.008,0.004,0.002,0.0,0.012
462001,463000,12-17 22:30:37.574,12-17 22:30:45.152,1000,0,145,21,5.719809563528078,76.183,0.063,0.221,0.581,0.045,0.09,0.0,0.192,0.015,0.048,0.0,0.028,0.004,0.012,0.0,0.015,0.042,0.0,0.017,0.011,0.014,0.002,0.024,0.012,0.008,0.0,0.01
463001,464000,12-17 22:30:45.152,12-17 22:31:04.635,1000,0,89,19,5.094676327524157,68.074,0.014,0.423,0.341,0.033,0.189,0.0,0.004,0.074,0.084,0.0,0.06,0.028,0.035,0.0,0.014,0.013,0.05,0.033,0.002,0.03,0.017,0.005,0.135,0.023,0.0,0.002
464001,465000,12-17 22:31:04.636,12-17 22:31:27.697,1000,0,62,13,4.289997518492025,67.289,0.002,0.512,0.369,0.016,0.101,0.0,0.002,0.096,0.12,0.0,0.08,0.04,0.0,0.016,0.013,0.008,0.065,0.051,0.0,0.04,0.026,0.001,0.205,0.034,0.0,0.0
465001,466000,12-17 22:31:27.697,12-17 22:31:43.795,1000,0,91,18,5.317326497958165,82.744,0.068,0.366,0.407,0.08,0.079,0.0,0.004,0.057,0.11,0.0,0.072,0.024,0.0,0.016,0.03,0.036,0.01,0.041,0.0,0.036,0.015,0.022,0.032,0.025,0.0,0.0
466001,467000,12-17 22:31:43.795,12-17 22:32:11.179,1000,0,53,14,4.4128925370507535,76.254,0.001,0.428,0.482,0.017,0.072,0.0,0.008,0.049,0.19,0.0,0.128,0.056,0.0,0.0,0.017,0.012,0.0,0.067,0.0,0.064,0.037,0.002,0.046,0.049,0.0,0.002
467001,468000,12-17 22:32:11.179,12-17 22:33:00.004,1000,0,49,12,4.44438177052062,79.27,0.003,0.438,0.501,0.023,0.035,0.0,0.006,0.067,0.18,0.0,0.12,0.06,0.0,0.0,0.023,0.015,0.0,0.06,0.0,0.06,0.045,0.0,0.026,0.052,0.0,0.0
468001,469000,12-17 22:33:00.004,12-17 22:33:12.338,1000,0,119,21,5.8004419434627765,71.421,0.009,0.293,0.554,0.067,0.077,0.0,0.0,0.044,0.096,0.0,0.064,0.028,0.0,0.0,0.016,0.017,0.0,0.037,0.03,0.032,0.017,0.005,0.008,0.026,0.0,0.012
469001,470000,12-17 22:33:12.344,12-17 22:33:24.803,1000,0,114,17,5.743009059318537,73.956,0.037,0.261,0.65,0.04,0.012,0.0,0.002,0.024,0.06,0.0,0.04,0.016,0.0,0.0,0.02,0.033,0.0,0.017,0.0,0.02,0.014,0.014,0.02,0.018,0.0,0.113
470001,471000,12-17 22:33:24.819,12-17 22:33:29.350,1000,0,156,14,6.047985380856121,75.422,0.034,0.299,0.522,0.108,0.037,0.0,0.0,0.014,0.036,0.0,0.02,0.0,0.0,0.0,0.01,0.033,0.0,0.012,0.001,0.01,0.0,0.007,0.004,0.006,0.0,0.148
471001,472000,12-17 22:33:29.351,12-17 22:33:36.228,992,8,128,17,6.028180494670169,80.88608870967742,0.034274193548387094,0.3235887096774194,0.5836693548387096,0.03024193548387097,0.028225806451612902,0.0,0.0020161290322580645,0.038306451612903226,0.024193548387096774,0.0,0.020161290322580645,0.012096774193548387,0.0,0.0,0.020161290322580645,0.046370967741935484,0.0,0.009072580645161291,0.0030241935483870967,0.010080645161290322,0.009072580645161291,0.018145161290322582,0.018145161290322582,0.005040322580645161,0.0,0.0
472001,473000,12-17 22:33:36.229,12-17 22:33:44.205,1000,0,153,28,5.997854880452804,71.807,0.02,0.354,0.428,0.047,0.151,0.0,0.0,0.051,0.096,0.0,0.064,0.008,0.0,0.073,0.012,0.023,0.035,0.02,0.005,0.032,0.004,0.01,0.002,0.018,0.0,0.0
473001,474000,12-17 22:33:44.206,12-17 22:34:09.817,1000,0,118,23,5.684995882944166,74.858,0.017,0.415,0.439,0.048,0.081,0.0,0.002,0.049,0.084,0.0,0.056,0.032,0.0,0.0,0.014,0.023,0.0,0.031,0.042,0.028,0.025,0.031,0.0,0.025,0.0,0.002
474001,475000,12-17 22:34:09.834,12-17 22:34:19.182,1000,0,166,25,6.172618905855275,59.501,0.031,0.354,0.369,0.073,0.173,0.0,0.002,0.056,0.036,0.0,0.024,0.016,0.064,0.016,0.007,0.01,0.055,0.018,0.035,0.012,0.011,0.002,0.002,0.009,0.0,0.0
475001,476000,12-17 22:34:19.184,12-17 22:34:44.313,1000,0,114,19,5.587799382980441,72.376,0.027,0.258,0.55,0.118,0.047,0.0,0.002,0.04,0.048,0.0,0.032,0.032,0.0,0.0,0.019,0.019,0.0,0.022,0.084,0.016,0.024,0.005,0.0,0.02,0.0,0.006
476001,477000,12-17 22:34:44.313,12-17 22:35:38.060,1000,0,88,20,5.304270124270957,68.564,0.024,0.159,0.666,0.053,0.098,0.0,0.065,0.038,0.036,0.0,0.024,0.072,0.0,0.016,0.023,0.021,0.015,0.024,0.068,0.012,0.052,0.0,0.0,0.03,0.0,0.008
477001,478000,12-17 22:35:39.387,12-17 22:36:05.882,1000,0,178,23,6.481035770194932,64.144,0.03,0.27,0.442,0.085,0.173,0.0,0.002,0.045,0.012,0.0,0.008,0.036,0.088,0.032,0.016,0.007,0.005,0.011,0.012,0.004,0.027,0.006,0.002,0.016,0.0,0.008
478001,479000,12-17 22:36:05.882,12-17 22:36:09.678,1000,0,162,28,6.018186561810442,65.491,0.012,0.235,0.598,0.036,0.119,0.0,0.147,0.021,0.036,0.0,0.024,0.004,0.04,0.0,0.008,0.013,0.0,0.017,0.025,0.012,0.002,0.004,0.008,0.008,0.0,0.07
479001,480000,12-17 22:36:09.679,12-17 22:36:40.955,1000,0,123,14,5.605245732151374,78.67,0.004,0.367,0.576,0.025,0.028,0.0,0.004,0.04,0.132,0.0,0.08,0.044,0.0,0.0,0.023,0.01,0.0,0.037,0.0,0.04,0.033,0.008,0.016,0.034,0.0,0.044
480001,481000,12-17 22:36:40.972,12-17 22:36:50.879,1000,0,143,26,5.576071517529121,60.19,0.024,0.421,0.335,0.055,0.165,0.0,0.0,0.038,0.072,0.0,0.048,0.016,0.064,0.0,0.007,0.003,0.06,0.02,0.024,0.024,0.011,0.002,0.002,0.019,0.0,0.0
481001,482000,12-17 22:36:50.992,12-17 22:37:36.731,1000,0,108,15,4.685327566754273,67.272,0.034,0.142,0.694,0.068,0.062,0.0,0.369,0.029,0.012,0.0,0.008,0.048,0.0,0.016,0.017,0.013,0.005,0.01,0.001,0.004,0.039,0.002,0.0,0.014,0.0,0.008
482001,483000,12-17 22:37:36.731,12-17 22:37:54.735,1000,0,93,16,4.561070015403262,81.099,0.013,0.124,0.658,0.068,0.137,0.0,0.303,0.069,0.012,0.0,0.008,0.02,0.0,0.016,0.009,0.012,0.065,0.007,0.0,0.004,0.016,0.0,0.0,0.008,0.0,0.008
483001,484000,12-17 22:37:55.699,12-17 22:38:47.235,1000,0,100,19,5.047439448512934,71.673,0.023,0.209,0.614,0.054,0.1,0.0,0.245,0.059,0.036,0.0,0.024,0.056,0.0,0.032,0.023,0.016,0.005,0.02,0.0,0.012,0.039,0.003,0.0,0.022,0.0,0.008
484001,485000,12-17 22:38:47.235,12-17 22:39:11.329,1000,0,55,14,3.759646297303709,87.092,0.012,0.153,0.74,0.055,0.04,0.0,0.425,0.069,0.024,0.0,0.016,0.021,0.0,0.0,0.012,0.014,0.0,0.011,0.0,0.008,0.018,0.0,0.0,0.01,0.0,0.0
485001,486000,12-17 22:39:11.330,12-17 22:39:57.817,1000,0,42,14,2.8888863838246372,73.975,0.02,0.102,0.787,0.029,0.062,0.0,0.584,0.027,0.024,0.0,0.016,0.055,0.0,0.0,0.018,0.012,0.01,0.016,0.0,0.008,0.041,0.0,0.0,0.02,0.0,0.0
486001,487000,12-17 22:39:57.817,12-17 22:41:10.935,1000,0,75,13,5.12079440811682,76.795,0.033,0.188,0.607,0.065,0.107,0.0,0.155,0.042,0.036,0.0,0.024,0.056,0.0,0.036,0.02,0.02,0.01,0.02,0.0,0.012,0.049,0.0,0.0,0.022,0.0,0.004
487001,488000,12-17 22:41:10.935,12-17 22:41:38.788,1000,0,67,13,3.336976581192,70.117,0.015,0.087,0.728,0.031,0.139,0.0,0.544,0.021,0.012,0.0,0.008,0.036,0.0,0.028,0.011,0.007,0.07,0.009,0.0,0.004,0.027,0.0,0.0,0.012,0.0,0.004
488001,489000,12-17 22:41:38.789,12-17 22:42:47.722,1000,0,82,14,5.095803606145158,75.055,0.032,0.189,0.556,0.059,0.164,0.0,0.152,0.042,0.036,0.0,0.024,0.044,0.0,0.016,0.019,0.021,0.065,0.021,0.0,0.012,0.043,0.0,0.0,0.017,0.0,0.002
489001,490000,12-17 22:42:47.722,12-17 22:43:02.925,1000,0,40,12,2.457787248791022,85.662,0.008,0.058,0.878,0.021,0.035,0.0,0.65,0.014,0.024,0.0,0.016,0.016,0.0,0.0,0.005,0.007,0.0,0.006,0.0,0.008,0.011,0.0,0.0,0.007,0.0,0.0
490001,491000,12-17 22:43:03.222,12-17 22:43:56.761,1000,0,96,18,5.658527496636863,68.435,0.025,0.271,0.49,0.101,0.113,0.0,0.006,0.077,0.048,0.0,0.032,0.06,0.0,0.032,0.026,0.02,0.025,0.025,0.006,0.016,0.048,0.004,0.0,0.026,0.0,0.012
491001,492000,12-17 22:43:56.761,12-17 22:45:30.102,1000,0,69,14,5.112659495103394,65.636,0.041,0.297,0.442,0.064,0.156,0.0,0.008,0.073,0.072,0.0,0.048,0.069,0.0,0.032,0.029,0.024,0.06,0.033,0.0,0.024,0.063,0.0,0.0,0.03,0.0,0.004
492001,493000,12-17 22:45:30.103,12-17 22:46:38.180,1000,0,71,13,4.572912084066447,69.366,0.031,0.188,0.604,0.055,0.122,0.0,0.305,0.05,0.036,0.0,0.024,0.051,0.0,0.032,0.019,0.018,0.02,0.017,0.0,0.012,0.045,0.0,0.0,0.016,0.0,0.004
493001,494000,12-17 22:46:38.180,12-17 22:47:16.626,1000,0,48,11,3.731943054495163,83.29,0.016,0.145,0.752,0.034,0.053,0.0,0.43,0.033,0.036,0.0,0.024,0.036,0.0,0.0,0.015,0.014,0.0,0.017,0.0,0.012,0.03,0.0,0.0,0.016,0.0,0.0
494001,495000,12-17 22:47:16.627,12-17 22:48:17.985,1000,0,85,16,5.252518289696781,63.133,0.03,0.183,0.518,0.051,0.218,0.0,0.097,0.044,0.036,0.0,0.024,0.06,0.0,0.032,0.022,0.017,0.13,0.021,0.032,0.012,0.048,0.004,0.0,0.024,0.0,0.01
495001,496000,12-17 22:48:17.985,12-17 22:48:24.439,1000,0,31,10,1.4999307433409883,87.149,0.004,0.011,0.906,0.013,0.066,0.0,0.794,0.003,0.0,0.0,0.0,0.008,0.0,0.0,0.002,0.004,0.0,0.002,0.0,0.0,0.004,0.0,0.0,0.004,0.0,0.0
496001,497000,12-17 22:48:24.439,12-17 22:49:51.331,1000,0,79,14,5.162253365910491,68.582,0.036,0.268,0.531,0.073,0.092,0.0,0.01,0.086,0.06,0.0,0.04,0.088,0.0,0.016,0.032,0.026,0.01,0.034,0.0,0.02,0.071,0.0,0.0,0.038,0.0,0.006
497001,498000,12-17 22:49:51.331,12-17 22:50:01.622,1000,0,64,13,2.66838028385686,81.125,0.006,0.073,0.822,0.029,0.07,0.0,0.668,0.021,0.012,0.0,0.008,0.012,0.0,0.016,0.006,0.007,0.01,0.005,0.0,0.004,0.009,0.0,0.0,0.004,0.0,0.004
498001,499000,12-17 22:50:01.624,12-17 22:51:14.189,1000,0,105,16,5.718334892385645,67.984,0.041,0.242,0.467,0.061,0.189,0.0,0.067,0.057,0.036,0.0,0.024,0.048,0.0,0.048,0.019,0.018,0.06,0.016,0.001,0.012,0.045,0.002,0.0,0.014,0.0,0.004
499001,500000,12-17 22:51:14.189,12-17 22:51:16.382,1000,0,169,31,6.637427215086605,63.484,0.015,0.316,0.478,0.053,0.138,0.0,0.002,0.035,0.036,0.0,0.016,0.012,0.0,0.041,0.009,0.001,0.01,0.017,0.016,0.008,0.005,0.004,0.002,0.008,0.0,0.016
500001,501000,12-17 22:51:16.382,12-17 22:51:28.130,1000,0,156,22,6.214751746411656,64.966,0.096,0.348,0.298,0.056,0.202,0.0,0.0,0.023,0.012,0.0,0.016,0.008,0.0,0.105,0.006,0.005,0.015,0.005,0.012,0.008,0.007,0.004,0.0,0.006,0.0,0.006
501001,502000,12-17 22:51:28.156,12-17 22:52:08.157,1000,0,164,24,6.286489000530798,59.259,0.036,0.316,0.478,0.089,0.081,0.0,0.01,0.046,0.024,0.0,0.016,0.06,0.0,0.016,0.019,0.01,0.015,0.023,0.012,0.008,0.042,0.001,0.002,0.025,0.0,0.01
502001,503000,12-17 22:52:08.163,12-17 22:53:03.465,1000,0,69,15,3.4873746821211427,71.722,0.024,0.097,0.77,0.034,0.075,0.0,0.502,0.023,0.012,0.0,0.008,0.072,0.0,0.016,0.021,0.012,0.005,0.016,0.003,0.004,0.051,0.0,0.0,0.027,0.0,0.002
503001,504000,12-17 22:53:03.465,12-17 22:53:52.378,1000,0,92,16,5.050879894169641,73.164,0.024,0.11,0.655,0.058,0.153,0.0,0.172,0.036,0.012,0.0,0.008,0.08,0.0,0.016,0.023,0.016,0.075,0.018,0.0,0.004,0.055,0.0,0.0,0.03,0.0,0.006
504001,505000,12-17 22:53:52.378,12-17 22:54:58.664,1000,0,69,14,4.8176174778364755,72.067,0.028,0.243,0.589,0.067,0.073,0.0,0.135,0.08,0.06,0.0,0.04,0.088,0.0,0.016,0.032,0.021,0.005,0.036,0.0,0.02,0.065,0.0,0.0,0.042,0.0,0.004
505001,506000,12-17 22:54:58.664,12-17 22:55:14.662,1000,0,68,14,3.284356350082743,81.092,0.009,0.064,0.785,0.03,0.112,0.0,0.539,0.021,0.012,0.0,0.008,0.024,0.0,0.016,0.007,0.007,0.055,0.008,0.0,0.004,0.015,0.0,0.0,0.01,0.0,0.002
506001,507000,12-17 22:55:15.067,12-17 22:56:07.262,1000,0,89,15,5.301690532400701,59.934,0.025,0.239,0.614,0.047,0.075,0.0,0.063,0.043,0.048,0.0,0.032,0.068,0.0,0.016,0.025,0.016,0.015,0.029,0.006,0.016,0.052,0.001,0.0,0.034,0.0,0.008
507001,508000,12-17 22:56:07.262,12-17 22:57:20.485,1000,0,84,12,5.159115042449096,67.566,0.032,0.331,0.472,0.051,0.114,0.0,0.008,0.069,0.072,0.0,0.048,0.088,0.0,0.032,0.035,0.02,0.005,0.039,0.0,0.024,0.065,0.0,0.0,0.04,0.0,0.002
508001,509000,12-17 22:57:20.485,12-17 22:58:28.346,1000,0,68,18,5.116733644743647,67.324,0.027,0.294,0.519,0.095,0.065,0.0,0.006,0.059,0.072,0.0,0.048,0.085,0.0,0.0,0.032,0.028,0.01,0.038,0.002,0.024,0.065,0.008,0.0,0.042,0.0,0.006
509001,510000,12-17 22:58:28.346,12-17 22:59:25.467,1000,0,86,16,5.28369737084828,65.094,0.028,0.225,0.467,0.077,0.203,0.0,0.006,0.082,0.033,0.0,0.016,0.079,0.0,0.032,0.028,0.018,0.12,0.026,0.0,0.008,0.053,0.0,0.0,0.033,0.0,0.01
510001,511000,12-17 22:59:25.467,12-17 23:00:23.537,1000,0,92,17,5.514210944051623,59.675,0.025,0.204,0.617,0.048,0.106,0.0,0.03,0.057,0.039,0.0,0.032,0.08,0.0,0.016,0.027,0.016,0.015,0.027,0.0,0.016,0.06,0.0,0.0,0.035,0.0,0.008
511001,512000,12-17 23:00:23.537,12-17 23:00:58.253,1000,0,54,12,2.9890723224998186,71.907,0.015,0.114,0.776,0.026,0.069,0.0,0.587,0.023,0.024,0.0,0.016,0.052,0.0,0.016,0.016,0.009,0.005,0.016,0.0,0.008,0.036,0.0,0.0,0.022,0.0,0.002
512001,513000,12-17 23:00:58.253,12-17 23:01:03.836,1000,0,68,14,2.2413387275276047,73.933,0.007,0.107,0.802,0.025,0.059,0.0,0.743,0.019,0.012,0.0,0.008,0.008,0.018,0.0,0.004,0.002,0.0,0.006,0.0,0.004,0.004,0.0,0.002,0.006,0.0,0.002
513001,514000,12-17 23:01:03.836,12-17 23:01:06.095,1000,0,175,21,6.400153549069832,62.198,0.065,0.301,0.44,0.071,0.123,0.0,0.064,0.03,0.0,0.0,0.0,0.0,0.086,0.0,0.006,0.005,0.0,0.0,0.015,0.0,0.003,0.007,0.0,0.0,0.0,0.012
514001,515000,12-17 23:01:06.095,12-17 23:01:11.601,1000,0,171,30,6.3258160299707145,72.74,0.053,0.268,0.49,0.047,0.142,0.0,0.077,0.023,0.048,0.0,0.032,0.004,0.048,0.0,0.016,0.042,0.0,0.021,0.028,0.016,0.002,0.022,0.024,0.008,0.0,0.004
515001,516000,12-17 23:01:11.603,12-17 23:01:45.552,1000,0,99,20,5.098814536984399,74.061,0.007,0.477,0.416,0.035,0.065,0.0,0.004,0.045,0.084,0.0,0.056,0.056,0.0,0.0,0.019,0.018,0.015,0.038,0.002,0.028,0.037,0.005,0.052,0.033,0.0,0.0
516001,517000,12-17 23:01:45.552,12-17 23:01:51.685,1000,0,192,29,6.574224036002909,54.86,0.055,0.235,0.463,0.096,0.151,0.0,0.006,0.04,0.012,0.0,0.008,0.008,0.064,0.0,0.014,0.008,0.05,0.01,0.024,0.004,0.007,0.01,0.002,0.006,0.0,0.006
517001,518000,12-17 23:01:51.719,12-17 23:02:47.179,1000,0,75,17,4.4364393649409415,70.797,0.025,0.146,0.682,0.051,0.096,0.0,0.331,0.036,0.024,0.0,0.016,0.076,0.0,0.032,0.025,0.017,0.01,0.021,0.001,0.008,0.056,0.001,0.0,0.03,0.0,0.004
518001,519000,12-17 23:02:47.179,12-17 23:03:16.338,1000,0,79,18,4.446940277068317,82.609,0.013,0.101,0.78,0.055,0.051,0.0,0.343,0.035,0.012,0.0,0.008,0.049,0.0,0.0,0.018,0.017,0.0,0.012,0.026,0.004,0.035,0.007,0.0,0.018,0.0,0.006
519001,520000,12-17 23:03:16.340,12-17 23:04:28.376,1000,0,90,17,5.300698898882648,65.813,0.033,0.254,0.457,0.082,0.174,0.0,0.006,0.1,0.048,0.0,0.032,0.075,0.0,0.024,0.026,0.024,0.075,0.027,0.0,0.016,0.053,0.0,0.0,0.03,0.0,0.008
520001,521000,12-17 23:04:28.376,12-17 23:05:16.488,1000,0,113,17,5.802765242193407,56.496,0.035,0.314,0.34,0.087,0.224,0.0,0.006,0.072,0.024,0.0,0.016,0.04,0.098,0.024,0.014,0.011,0.06,0.012,0.0,0.008,0.035,0.0,0.002,0.012,0.0,0.01
521001,522000,12-17 23:05:16.491,12-17 23:05:16.924,1000,0,190,25,6.548496599663697,66.476,0.063,0.279,0.507,0.063,0.088,0.0,0.089,0.027,0.012,0.0,0.008,0.0,0.046,0.0,0.015,0.005,0.0,0.008,0.027,0.004,0.0,0.013,0.0,0.002,0.0,0.01
522001,523000,12-17 23:05:16.925,12-17 23:05:37.555,1000,0,118,26,5.753553778272376,70.92,0.042,0.395,0.392,0.052,0.119,0.0,0.055,0.071,0.048,0.0,0.032,0.028,0.032,0.0,0.02,0.018,0.0,0.016,0.009,0.016,0.017,0.013,0.104,0.014,0.0,0.004
523001,524000,12-17 23:05:37.555,12-17 23:05:50.509,1000,0,103,16,5.51631459900865,80.158,0.035,0.391,0.502,0.036,0.036,0.0,0.058,0.046,0.096,0.0,0.064,0.016,0.0,0.0,0.018,0.027,0.01,0.033,0.001,0.032,0.012,0.012,0.084,0.022,0.0,0.0
524001,525000,12-17 23:05:50.579,12-17 23:06:16.945,1000,0,107,15,5.439205220202883,80.445,0.037,0.375,0.458,0.03,0.1,0.0,0.004,0.047,0.12,0.0,0.08,0.04,0.0,0.0,0.015,0.037,0.0,0.045,0.001,0.04,0.029,0.001,0.028,0.031,0.0,0.002
525001,526000,12-17 23:06:16.945,12-17 23:06:53.473,1000,0,75,15,5.026163223528592,74.961,0.003,0.395,0.464,0.06,0.078,0.0,0.002,0.055,0.132,0.0,0.086,0.06,0.0,0.016,0.023,0.037,0.005,0.052,0.0,0.042,0.039,0.0,0.04,0.041,0.0,0.0
526001,527000,12-17 23:06:53.473,12-17 23:07:23.473,1000,0,139,18,6.013871823722003,71.657,0.066,0.341,0.49,0.057,0.046,0.0,0.004,0.042,0.084,0.0,0.058,0.04,0.0,0.0,0.015,0.02,0.0,0.036,0.0,0.03,0.029,0.002,0.024,0.028,0.0,0.013
527001,528000,12-17 23:07:23.477,12-17 23:07:40.209,1000,0,157,22,6.206567739656467,73.844,0.047,0.306,0.528,0.054,0.065,0.0,0.002,0.043,0.087,0.0,0.056,0.028,0.0,0.016,0.021,0.035,0.015,0.033,0.001,0.028,0.02,0.012,0.02,0.024,0.0,0.022
528001,529000,12-17 23:07:40.209,12-17 23:08:02.966,1000,0,58,14,4.303703813581313,76.076,0.009,0.486,0.46,0.022,0.023,0.0,0.002,0.064,0.177,0.0,0.12,0.044,0.0,0.0,0.014,0.016,0.0,0.065,0.0,0.06,0.028,0.003,0.136,0.04,0.0,0.002
529001,530000,12-17 23:08:02.967,12-17 23:08:27.104,1000,0,48,11,4.1433192906439995,77.654,0.007,0.506,0.435,0.022,0.03,0.0,0.002,0.06,0.192,0.0,0.128,0.028,0.0,0.0,0.016,0.019,0.0,0.069,0.0,0.064,0.023,0.009,0.14,0.036,0.0,0.0
530001,531000,12-17 23:08:27.183,12-17 23:08:52.648,1000,0,40,13,3.930057000432479,75.689,0.003,0.559,0.408,0.017,0.013,0.0,0.002,0.081,0.18,0.0,0.12,0.028,0.0,0.0,0.012,0.015,0.0,0.065,0.0,0.06,0.022,0.003,0.192,0.038,0.0,0.0
531001,532000,12-17 23:08:52.649,12-17 23:09:10.614,1000,0,86,17,4.982501084757819,69.598,0.011,0.347,0.422,0.035,0.185,0.0,0.002,0.041,0.132,0.0,0.088,0.036,0.0,0.032,0.017,0.015,0.12,0.051,0.0,0.044,0.022,0.008,0.06,0.032,0.0,0.002
532001,533000,12-17 23:09:10.739,12-17 23:09:33.089,1000,0,48,12,4.247927877380132,80.406,0.008,0.484,0.456,0.029,0.023,0.0,0.002,0.065,0.168,0.0,0.112,0.036,0.0,0.0,0.014,0.024,0.0,0.063,0.0,0.056,0.024,0.005,0.152,0.038,0.0,0.0
533001,534000,12-17 23:09:33.095,12-17 23:10:00.018,1000,0,70,14,4.815924060080152,72.672,0.022,0.492,0.437,0.023,0.026,0.0,0.004,0.098,0.108,0.0,0.072,0.04,0.0,0.0,0.022,0.015,0.01,0.042,0.0,0.036,0.029,0.006,0.156,0.029,0.0,0.0
534001,535000,12-17 23:10:00.018,12-17 23:10:17.167,1000,0,55,12,3.3374375574220516,79.115,0.0,0.302,0.656,0.017,0.025,0.0,0.451,0.027,0.048,0.0,0.032,0.024,0.0,0.0,0.009,0.006,0.0,0.01,0.0,0.016,0.018,0.0,0.0,0.016,0.0,0.002
535001,536000,12-17 23:10:17.167,12-17 23:10:19.386,1000,0,27,7,0.8179501169997411,80.908,0.0,0.036,0.864,0.004,0.096,0.0,0.908,0.002,0.012,0.0,0.008,0.0,0.0,0.0,0.0,0.001,0.0,0.004,0.0,0.004,0.0,0.0,0.0,0.002,0.0,0.0
536001,537000,12-17 23:10:19.386,12-17 23:10:25.553,1000,0,165,30,5.841318375618861,74.03,0.036,0.195,0.57,0.088,0.111,0.0,0.147,0.056,0.0,0.0,0.0,0.004,0.064,0.0,0.011,0.01,0.0,0.005,0.024,0.0,0.002,0.008,0.002,0.002,0.0,0.0
537001,538000,12-17 23:10:25.553,12-17 23:11:26.804,1000,0,124,19,5.729907716663164,67.424,0.036,0.209,0.551,0.094,0.11,0.0,0.109,0.059,0.024,0.0,0.016,0.068,0.0,0.032,0.025,0.02,0.01,0.021,0.001,0.008,0.055,0.003,0.0,0.026,0.0,0.01
538001,539000,12-17 23:11:26.804,12-17 23:11:29.674,1000,0,76,14,3.306862640838695,65.059,0.02,0.164,0.64,0.054,0.122,0.0,0.549,0.031,0.0,0.0,0.0,0.004,0.082,0.0,0.001,0.001,0.0,0.001,0.0,0.0,0.002,0.0,0.002,0.002,0.0,0.006
539001,540000,12-17 23:11:29.674,12-17 23:11:30.153,1000,0,173,25,6.210795759792611,67.973,0.057,0.234,0.519,0.062,0.128,0.0,0.099,0.027,0.0,0.0,0.0,0.0,0.086,0.0,0.014,0.011,0.0,0.004,0.027,0.0,0.0,0.012,0.0,0.0,0.0,0.01
540001,541000,12-17 23:11:30.155,12-17 23:11:43.841,1000,0,128,27,5.789041342152016,87.051,0.03,0.299,0.528,0.066,0.077,0.0,0.062,0.055,0.084,0.0,0.056,0.016,0.0,0.0,0.013,0.023,0.01,0.03,0.009,0.028,0.011,0.011,0.03,0.016,0.0,0.004
541001,542000,12-17 23:11:43.843,12-17 23:12:12.411,1000,0,49,15,4.247977758940506,75.308,0.002,0.516,0.431,0.023,0.028,0.0,0.008,0.075,0.18,0.0,0.12,0.028,0.0,0.0,0.012,0.018,0.0,0.065,0.0,0.06,0.023,0.003,0.146,0.035,0.0,0.002
542001,543000,12-17 23:12:12.416,12-17 23:12:35.655,1000,0,58,14,4.486184482372803,74.691,0.01,0.469,0.467,0.022,0.032,0.0,0.091,0.085,0.12,0.0,0.08,0.044,0.0,0.0,0.019,0.013,0.0,0.039,0.006,0.04,0.028,0.002,0.156,0.034,0.0,0.0
543001,544000,12-17 23:12:35.655,12-17 23:12:42.283,1000,0,47,12,2.898224224588864,85.618,0.014,0.131,0.807,0.019,0.029,0.0,0.577,0.021,0.036,0.0,0.024,0.008,0.0,0.0,0.003,0.005,0.0,0.017,0.0,0.012,0.007,0.001,0.044,0.01,0.0,0.0
544001,545000,12-17 23:12:42.283,12-17 23:13:14.283,1000,0,63,15,4.548379414376434,71.181,0.03,0.515,0.406,0.024,0.025,0.0,0.002,0.089,0.12,0.0,0.08,0.044,0.0,0.0,0.019,0.015,0.0,0.04,0.0,0.04,0.031,0.001,0.188,0.033,0.0,0.002
545001,546000,12-17 23:13:14.301,12-17 23:13:37.919,1000,0,131,22,5.521363801554603,65.864,0.028,0.403,0.329,0.056,0.184,0.0,0.004,0.042,0.048,0.0,0.032,0.024,0.064,0.016,0.016,0.007,0.065,0.016,0.0,0.016,0.021,0.007,0.002,0.015,0.0,0.0
546001,547000,12-17 23:13:37.919,12-17 23:13:44.252,1000,0,191,25,6.647117646890765,58.101,0.12,0.323,0.407,0.096,0.054,0.0,0.0,0.047,0.024,0.0,0.016,0.004,0.001,0.0,0.008,0.011,0.0,0.013,0.024,0.008,0.002,0.005,0.0,0.006,0.0,0.011
547001,548000,12-17 23:13:44.252,12-17 23:13:44.880,1000,0,180,24,6.445425949738645,61.684,0.059,0.308,0.421,0.065,0.147,0.0,0.054,0.034,0.0,0.0,0.0,0.004,0.095,0.0,0.012,0.003,0.0,0.008,0.017,0.0,0.002,0.011,0.002,0.002,0.0,0.006
548001,549000,12-17 23:13:44.880,12-17 23:13:45.325,1000,0,93,23,2.777523377139948,76.305,0.017,0.061,0.837,0.015,0.07,0.0,0.672,0.006,0.012,0.0,0.008,0.0,0.032,0.0,0.004,0.007,0.0,0.001,0.017,0.004,0.0,0.003,0.0,0.002,0.0,0.012
549001,550000,12-17 23:13:45.325,12-17 23:13:48.238,1000,0,34,7,1.730055878729784,82.092,0.0,0.074,0.835,0.012,0.079,0.0,0.776,0.0,0.024,0.0,0.016,0.0,0.0,0.0,0.0,0.006,0.0,0.008,0.0,0.008,0.003,0.0,0.0,0.004,0.0,0.0
550001,551000,12-17 23:13:48.238,12-17 23:13:53.892,1000,0,54,13,2.4179574416350587,85.404,0.006,0.082,0.851,0.017,0.044,0.0,0.685,0.007,0.038,0.0,0.024,0.012,0.0,0.0,0.004,0.004,0.0,0.014,0.0,0.012,0.007,0.001,0.004,0.009,0.0,0.0
551001,552000,12-17 23:13:53.892,12-17 23:14:16.315,1000,0,79,18,4.808684439900412,67.088,0.006,0.461,0.383,0.032,0.118,0.0,0.006,0.071,0.106,0.0,0.072,0.032,0.0,0.016,0.011,0.013,0.07,0.035,0.001,0.036,0.026,0.002,0.184,0.029,0.0,0.002
552001,553000,12-17 23:14:16.457,12-17 23:14:55.399,1000,0,57,15,4.691131249098685,76.13,0.015,0.499,0.411,0.032,0.043,0.0,0.02,0.079,0.099,0.0,0.064,0.04,0.0,0.0,0.026,0.023,0.0,0.042,0.0,0.032,0.029,0.009,0.18,0.028,0.0,0.0
553001,554000,12-17 23:14:55.399,12-17 23:14:59.476,1000,0,41,9,2.4337816441828153,84.915,0.002,0.124,0.833,0.013,0.028,0.0,0.65,0.013,0.045,0.0,0.032,0.004,0.0,0.0,0.001,0.004,0.0,0.013,0.0,0.016,0.005,0.0,0.036,0.009,0.0,0.0
554001,555000,12-17 23:14:59.476,12-17 23:15:21.445,1000,0,67,15,4.600776639632191,77.476,0.008,0.45,0.483,0.025,0.034,0.0,0.061,0.067,0.144,0.0,0.096,0.028,0.0,0.0,0.012,0.015,0.0,0.053,0.0,0.048,0.02,0.003,0.142,0.032,0.0,0.002
555001,556000,12-17 23:15:21.448,12-17 23:15:57.451,1000,0,96,17,5.196191272821113,74.121,0.021,0.47,0.396,0.048,0.065,0.0,0.004,0.057,0.072,0.0,0.048,0.044,0.018,0.0,0.023,0.023,0.01,0.031,0.0,0.024,0.034,0.008,0.042,0.026,0.0,0.0
556001,557000,12-17 23:15:57.451,12-17 23:16:13.276,1000,0,200,30,6.762610057068288,59.043,0.046,0.287,0.436,0.109,0.122,0.0,0.0,0.049,0.024,0.0,0.016,0.012,0.046,0.016,0.012,0.013,0.01,0.015,0.024,0.008,0.009,0.005,0.002,0.01,0.0,0.014
557001,558000,12-17 23:16:13.417,12-17 23:16:26.402,1000,0,50,13,2.4598021806675834,84.73,0.008,0.058,0.865,0.019,0.05,0.0,0.67,0.011,0.012,0.0,0.008,0.016,0.0,0.0,0.006,0.006,0.0,0.006,0.002,0.004,0.014,0.002,0.0,0.006,0.0,0.0
558001,559000,12-17 23:16:26.701,12-17 23:17:30.657,1000,0,110,19,5.560378704913272,65.709,0.03,0.256,0.473,0.085,0.156,0.0,0.006,0.085,0.036,0.0,0.024,0.084,0.034,0.016,0.027,0.021,0.055,0.027,0.001,0.012,0.06,0.0,0.002,0.036,0.0,0.002
559001,560000,12-17 23:17:30.657,12-17 23:17:31.093,1000,0,191,25,6.465878800179092,64.992,0.057,0.28,0.491,0.059,0.113,0.0,0.089,0.028,0.012,0.0,0.008,0.0,0.07,0.0,0.012,0.008,0.0,0.008,0.027,0.004,0.0,0.01,0.0,0.002,0.0,0.008
560001,561000,12-17 23:17:31.093,12-17 23:17:47.099,1000,0,117,28,5.726700987377228,74.781,0.03,0.364,0.434,0.056,0.116,0.0,0.054,0.049,0.072,0.0,0.047,0.02,0.032,0.0,0.013,0.032,0.01,0.027,0.009,0.023,0.016,0.012,0.088,0.016,0.0,0.002
561001,562000,12-17 23:17:47.100,12-17 23:18:08.812,1000,0,73,16,4.877470697360042,77.363,0.008,0.456,0.434,0.063,0.039,0.0,0.002,0.06,0.12,0.0,0.081,0.028,0.0,0.0,0.015,0.045,0.0,0.042,0.0,0.041,0.021,0.006,0.135,0.029,0.0,0.002
562001,563000,12-17 23:18:08.812,12-17 23:18:33.545,1000,0,94,16,4.910031313127864,73.443,0.008,0.465,0.435,0.035,0.057,0.0,0.002,0.078,0.156,0.0,0.104,0.035,0.0,0.016,0.018,0.018,0.005,0.047,0.0,0.052,0.027,0.002,0.093,0.037,0.0,0.0
563001,564000,12-17 23:18:33.545,12-17 23:19:08.788,1000,0,117,15,5.501496841624234,62.604,0.039,0.38,0.369,0.046,0.166,0.0,0.004,0.035,0.024,0.0,0.016,0.037,0.064,0.0,0.018,0.008,0.06,0.008,0.0,0.008,0.03,0.007,0.032,0.016,0.0,0.004
564001,565000,12-17 23:19:08.788,12-17 23:19:26.854,1000,0,170,30,6.116587170333359,67.379,0.034,0.282,0.547,0.083,0.054,0.0,0.151,0.054,0.036,0.0,0.024,0.028,0.0,0.0,0.019,0.014,0.0,0.021,0.024,0.012,0.02,0.005,0.002,0.016,0.0,0.006
565001,566000,12-17 23:19:26.854,12-17 23:19:58.889,1000,0,56,16,3.3011701531430155,82.255,0.014,0.068,0.834,0.032,0.052,0.0,0.519,0.021,0.012,0.0,0.008,0.052,0.0,0.0,0.015,0.011,0.01,0.013,0.001,0.004,0.035,0.0,0.0,0.02,0.0,0.0
566001,567000,12-17 23:19:59.736,12-17 23:20:58.258,1000,0,108,18,5.588780924966607,61.1,0.086,0.254,0.457,0.056,0.147,0.0,0.065,0.039,0.036,0.0,0.024,0.08,0.0,0.016,0.027,0.017,0.055,0.026,0.0,0.012,0.058,0.001,0.0,0.034,0.0,0.002
567001,568000,12-17 23:20:58.259,12-17 23:21:03.287,1000,0,179,25,6.451889183783469,61.337,0.083,0.328,0.385,0.08,0.124,0.0,0.0,0.055,0.012,0.0,0.008,0.02,0.088,0.0,0.011,0.006,0.0,0.007,0.009,0.004,0.006,0.006,0.002,0.008,0.0,0.011
568001,569000,12-17 23:21:03.289,12-17 23:21:08.432,1000,0,166,31,6.063739437697923,68.638,0.027,0.25,0.536,0.051,0.136,0.0,0.147,0.034,0.036,0.0,0.024,0.008,0.04,0.0,0.013,0.024,0.0,0.016,0.025,0.012,0.003,0.009,0.002,0.006,0.0,0.009
569001,570000,12-17 23:21:08.454,12-17 23:21:38.234,1000,0,83,15,4.861467171001865,71.947,0.007,0.483,0.383,0.051,0.076,0.0,0.004,0.116,0.072,0.0,0.048,0.052,0.0,0.0,0.019,0.012,0.015,0.033,0.0,0.024,0.035,0.0,0.158,0.029,0.0,0.0
570001,571000,12-17 23:21:38.455,12-17 23:22:18.712,1000,0,89,17,5.087886077242195,75.641,0.013,0.49,0.4,0.032,0.065,0.0,0.01,0.066,0.06,0.0,0.04,0.06,0.0,0.016,0.023,0.016,0.005,0.031,0.0,0.02,0.042,0.002,0.048,0.032,0.0,0.002
571001,572000,12-17 23:22:18.713,12-17 23:22:35.067,1000,0,192,30,6.599929003690922,58.757,0.059,0.273,0.432,0.105,0.131,0.0,0.002,0.051,0.024,0.0,0.016,0.024,0.064,0.0,0.021,0.015,0.0,0.016,0.024,0.008,0.015,0.011,0.002,0.012,0.0,0.006
572001,573000,12-17 23:22:35.067,12-17 23:22:44.981,1000,0,49,14,2.476971576418772,85.954,0.006,0.057,0.871,0.026,0.04,0.0,0.664,0.014,0.012,0.0,0.008,0.012,0.0,0.0,0.007,0.007,0.0,0.008,0.0,0.004,0.011,0.0,0.0,0.009,0.0,0.0
573001,574000,12-17 23:22:44.981,12-17 23:23:47.932,1000,0,47,15,3.509314042111522,71.298,0.024,0.106,0.779,0.032,0.059,0.0,0.446,0.024,0.024,0.0,0.016,0.088,0.0,0.0,0.025,0.016,0.01,0.023,0.001,0.008,0.063,0.0,0.0,0.035,0.0,0.0
574001,575000,12-17 23:23:47.932,12-17 23:24:02.593,1000,0,131,19,5.373424166186199,72.294,0.098,0.203,0.562,0.07,0.067,0.0,0.226,0.027,0.0,0.0,0.0,0.016,0.002,0.0,0.005,0.007,0.0,0.002,0.0,0.0,0.011,0.001,0.002,0.004,0.0,0.002
575001,576000,12-17 23:24:02.594,12-17 23:24:03.483,1000,0,173,23,6.287126300427054,62.149,0.063,0.287,0.422,0.073,0.155,0.0,0.065,0.028,0.0,0.0,0.0,0.0,0.11,0.0,0.01,0.007,0.0,0.0,0.018,0.0,0.0,0.013,0.0,0.0,0.0,0.014
576001,577000,12-17 23:24:03.483,12-17 23:24:15.760,1000,0,151,31,6.090086870676357,66.637,0.025,0.243,0.467,0.041,0.224,0.0,0.054,0.033,0.036,0.0,0.024,0.02,0.04,0.0,0.016,0.024,0.11,0.019,0.018,0.012,0.013,0.007,0.026,0.011,0.0,0.008
577001,578000,12-17 23:24:15.760,12-17 23:24:40.648,1000,0,87,14,4.9415451853153565,71.237,0.028,0.509,0.382,0.026,0.055,0.0,0.002,0.079,0.096,0.0,0.064,0.036,0.0,0.016,0.018,0.011,0.005,0.039,0.0,0.032,0.027,0.002,0.194,0.03,0.0,0.0
578001,579000,12-17 23:24:40.649,12-17 23:25:03.441,1000,0,74,15,3.7195020767233893,79.001,0.008,0.189,0.755,0.018,0.03,0.0,0.492,0.028,0.048,0.0,0.032,0.028,0.0,0.0,0.015,0.012,0.0,0.017,0.0,0.016,0.02,0.003,0.028,0.018,0.0,0.006
579001,580000,12-17 23:25:03.441,12-17 23:25:13.420,1000,0,89,13,4.767142905451336,78.466,0.026,0.32,0.508,0.042,0.104,0.0,0.174,0.022,0.048,0.0,0.032,0.008,0.064,0.0,0.008,0.005,0.0,0.018,0.0,0.016,0.007,0.006,0.0,0.012,0.0,0.0
580001,581000,12-17 23:25:13.420,12-17 23:25:34.331,1000,0,187,30,6.490539250368869,63.088,0.036,0.326,0.483,0.095,0.06,0.0,0.061,0.062,0.048,0.0,0.032,0.04,0.002,0.0,0.017,0.015,0.0,0.02,0.024,0.016,0.026,0.005,0.002,0.02,0.0,0.006
581001,582000,12-17 23:25:34.331,12-17 23:25:34.915,1000,0,191,29,6.481163161487314,63.056,0.059,0.281,0.465,0.06,0.135,0.0,0.067,0.027,0.007,0.0,0.0,0.004,0.094,0.0,0.013,0.004,0.0,0.009,0.021,0.0,0.002,0.01,0.002,0.003,0.0,0.008
582001,583000,12-17 23:25:34.915,12-17 23:25:46.972,1000,0,131,28,5.849027571203779,79.126,0.057,0.343,0.45,0.029,0.121,0.0,0.082,0.024,0.089,0.0,0.064,0.008,0.024,0.0,0.019,0.033,0.01,0.03,0.014,0.032,0.01,0.017,0.02,0.016,0.0,0.002
583001,584000,12-17 23:25:46.974,12-17 23:25:58.843,1000,0,145,22,5.9376965307874086,70.074,0.019,0.446,0.404,0.053,0.078,0.0,0.002,0.038,0.06,0.0,0.04,0.016,0.0,0.016,0.021,0.026,0.005,0.015,0.006,0.02,0.012,0.013,0.012,0.014,0.0,0.002
584001,585000,12-17 23:25:58.844,12-17 23:26:25.073,1000,0,125,24,5.48428052108268,66.425,0.018,0.416,0.408,0.05,0.108,0.0,0.002,0.041,0.06,0.0,0.04,0.036,0.064,0.0,0.018,0.007,0.0,0.024,0.0,0.02,0.025,0.007,0.002,0.024,0.0,0.002
585001,586000,12-17 23:26:25.073,12-17 23:26:31.180,1000,0,188,25,6.6144526881178205,59.122,0.116,0.319,0.424,0.095,0.046,0.0,0.0,0.054,0.024,0.0,0.016,0.008,0.0,0.0,0.009,0.011,0.0,0.014,0.024,0.008,0.007,0.004,0.0,0.008,0.0,0.011
586001,587000,12-17 23:26:31.181,12-17 23:26:40.539,1000,0,171,24,6.338206159857492,65.887,0.053,0.328,0.421,0.09,0.108,0.0,0.002,0.074,0.012,0.0,0.008,0.024,0.08,0.0,0.015,0.01,0.0,0.008,0.004,0.004,0.015,0.007,0.002,0.01,0.0,0.011
587001,588000,12-17 23:26:40.539,12-17 23:26:42.605,1000,0,174,32,6.199144771260819,66.094,0.092,0.233,0.519,0.04,0.116,0.0,0.141,0.015,0.012,0.0,0.008,0.004,0.032,0.0,0.014,0.007,0.0,0.009,0.03,0.004,0.002,0.012,0.004,0.004,0.0,0.017
588001,589000,12-17 23:26:42.607,12-17 23:27:00.136,1000,0,111,19,5.259009618429398,69.865,0.038,0.459,0.44,0.036,0.027,0.0,0.002,0.059,0.132,0.0,0.088,0.024,0.0,0.0,0.012,0.014,0.0,0.044,0.001,0.044,0.018,0.004,0.102,0.028,0.0,0.012
589001,590000,12-17 23:27:00.138,12-17 23:27:25.634,1000,0,61,12,4.369322026465576,78.585,0.011,0.474,0.453,0.025,0.037,0.0,0.002,0.05,0.188,0.0,0.12,0.032,0.0,0.0,0.023,0.021,0.0,0.07,0.0,0.06,0.022,0.015,0.118,0.036,0.0,0.0
590001,591000,12-17 23:27:25.634,12-17 23:28:06.133,1000,0,64,16,4.905637978341588,79.147,0.006,0.45,0.466,0.037,0.041,0.0,0.004,0.064,0.088,0.0,0.064,0.06,0.0,0.0,0.024,0.025,0.01,0.039,0.0,0.032,0.042,0.005,0.068,0.036,0.0,0.002
591001,592000,12-17 23:28:06.134,12-17 23:28:34.663,1000,0,46,15,4.372021303157079,78.308,0.009,0.404,0.528,0.027,0.032,0.0,0.172,0.075,0.117,0.0,0.072,0.04,0.0,0.0,0.021,0.018,0.0,0.046,0.0,0.036,0.029,0.003,0.104,0.029,0.0,0.0
592001,593000,12-17 23:28:34.663,12-17 23:28:41.337,1000,0,46,10,3.2183182064260367,82.925,0.002,0.186,0.765,0.017,0.03,0.0,0.496,0.023,0.051,0.0,0.04,0.012,0.0,0.0,0.003,0.004,0.0,0.016,0.0,0.02,0.01,0.0,0.074,0.014,0.0,0.0
593001,594000,12-17 23:28:41.368,12-17 23:29:06.575,1000,0,88,16,4.846075606143377,68.282,0.009,0.484,0.367,0.027,0.113,0.0,0.002,0.078,0.108,0.0,0.072,0.032,0.0,0.016,0.013,0.012,0.055,0.039,0.0,0.036,0.023,0.001,0.182,0.029,0.0,0.002
594001,595000,12-17 23:29:06.576,12-17 23:29:33.568,1000,0,136,21,5.645087127883456,64.689,0.032,0.401,0.327,0.064,0.176,0.0,0.002,0.04,0.012,0.0,0.008,0.032,0.064,0.016,0.02,0.008,0.06,0.01,0.002,0.004,0.025,0.011,0.002,0.014,0.0,0.002
595001,596000,12-17 23:29:33.569,12-17 23:29:43.824,1000,0,138,24,4.6548815401574775,70.104,0.024,0.17,0.715,0.051,0.04,0.0,0.408,0.037,0.036,0.0,0.024,0.016,0.0,0.0,0.011,0.011,0.01,0.018,0.024,0.012,0.011,0.003,0.0,0.01,0.0,0.006
596001,597000,12-17 23:29:43.824,12-17 23:29:48.996,1000,0,96,17,4.853143574635999,69.349,0.026,0.231,0.532,0.074,0.137,0.0,0.258,0.049,0.0,0.0,0.0,0.012,0.088,0.0,0.004,0.005,0.0,0.003,0.0,0.0,0.009,0.001,0.002,0.006,0.0,0.006
597001,598000,12-17 23:29:48.997,12-17 23:29:49.674,1000,0,184,27,6.337565764364633,62.988,0.062,0.259,0.467,0.064,0.148,0.0,0.077,0.03,0.0,0.0,0.0,0.0,0.104,0.0,0.013,0.006,0.0,0.004,0.028,0.0,0.0,0.013,0.0,0.0,0.0,0.01
598001,599000,12-17 23:29:49.674,12-17 23:29:59.637,1000,0,146,26,6.180769132901005,70.246,0.11,0.284,0.456,0.065,0.085,0.0,0.054,0.02,0.06,0.0,0.04,0.012,0.024,0.0,0.01,0.018,0.0,0.024,0.006,0.02,0.009,0.007,0.004,0.011,0.0,0.013
599001,600000,12-17 23:29:59.637,12-17 23:30:18.957,1000,0,116,20,5.550592428329212,72.282,0.021,0.426,0.479,0.042,0.032,0.0,0.002,0.065,0.108,0.0,0.072,0.028,0.0,0.0,0.019,0.02,0.0,0.028,0.001,0.036,0.022,0.009,0.088,0.027,0.0,0.018
600001,601000,12-17 23:30:19.163,12-17 23:30:52.371,1000,0,56,12,4.490037173529772,78.618,0.006,0.5,0.44,0.021,0.033,0.0,0.061,0.047,0.156,0.0,0.104,0.036,0.0,0.0,0.016,0.017,0.0,0.059,0.0,0.052,0.027,0.003,0.06,0.037,0.0,0.0
601001,602000,12-17 23:30:52.387,12-17 23:31:02.042,1000,0,190,30,6.511400340492367,60.811,0.054,0.32,0.42,0.098,0.108,0.0,0.002,0.053,0.012,0.0,0.008,0.016,0.064,0.0,0.016,0.01,0.0,0.01,0.025,0.004,0.011,0.009,0.002,0.006,0.0,0.004
602001,603000,12-17 23:31:02.042,12-17 23:31:59.222,1000,0,83,18,5.119136605059189,70.879,0.025,0.283,0.542,0.074,0.076,0.0,0.012,0.096,0.06,0.0,0.04,0.098,0.0,0.0,0.037,0.023,0.015,0.039,0.0,0.02,0.068,0.002,0.0,0.047,0.0,0.006
603001,604000,12-17 23:31:59.224,12-17 23:32:50.992,1000,0,37,12,2.8214786195953234,74.541,0.02,0.078,0.815,0.028,0.059,0.0,0.583,0.021,0.012,0.0,0.008,0.066,0.0,0.0,0.02,0.012,0.0,0.016,0.0,0.004,0.047,0.0,0.0,0.027,0.0,0.0
604001,605000,12-17 23:32:50.992,12-17 23:33:54.426,1000,0,60,15,4.163956773773461,77.566,0.028,0.086,0.734,0.043,0.109,0.0,0.314,0.027,0.012,0.0,0.008,0.095,0.0,0.0,0.026,0.017,0.01,0.02,0.0,0.004,0.066,0.0,0.0,0.034,0.0,0.0
605001,606000,12-17 23:33:54.427,12-17 23:34:09.029,1000,0,44,12,2.4225493647998677,84.758,0.008,0.049,0.882,0.024,0.037,0.0,0.666,0.006,0.012,0.0,0.008,0.013,0.0,0.0,0.005,0.007,0.0,0.007,0.0,0.004,0.012,0.0,0.0,0.008,0.0,0.0
606001,607000,12-17 23:34:09.029,12-17 23:34:27.975,1000,0,170,23,6.35529813611422,60.918,0.064,0.323,0.389,0.076,0.148,0.0,0.002,0.048,0.012,0.0,0.008,0.032,0.104,0.0,0.015,0.007,0.0,0.01,0.008,0.004,0.022,0.006,0.002,0.014,0.0,0.008
607001,608000,12-17 23:34:27.975,12-17 23:34:31.254,1000,0,170,31,6.090042818005861,67.462,0.028,0.242,0.488,0.043,0.199,0.0,0.147,0.037,0.036,0.0,0.024,0.012,0.04,0.016,0.014,0.011,0.055,0.017,0.026,0.012,0.002,0.008,0.002,0.008,0.0,0.006
608001,609000,12-17 23:34:31.387,12-17 23:35:01.317,1000,0,110,18,5.224363953030875,73.831,0.021,0.51,0.354,0.045,0.07,0.0,0.004,0.077,0.024,0.0,0.016,0.048,0.0,0.016,0.025,0.013,0.0,0.01,0.028,0.008,0.029,0.015,0.002,0.016,0.0,0.002
609001,610000,12-17 23:35:01.317,12-17 23:35:12.486,1000,0,184,29,6.461207307344827,54.291,0.038,0.248,0.456,0.096,0.162,0.0,0.0,0.043,0.024,0.0,0.016,0.012,0.064,0.0,0.012,0.013,0.06,0.015,0.025,0.008,0.009,0.006,0.002,0.01,0.0,0.006
610001,611000,12-17 23:35:12.486,12-17 23:36:33.084,1000,0,64,17,5.000246785651736,70.252,0.033,0.263,0.559,0.061,0.084,0.0,0.067,0.07,0.06,0.0,0.04,0.092,0.0,0.0,0.036,0.026,0.01,0.035,0.0,0.02,0.07,0.0,0.0,0.04,0.0,0.006
611001,612000,12-17 23:36:33.084,12-17 23:37:38.676,1000,0,50,14,3.977303822622851,72.159,0.026,0.14,0.715,0.054,0.065,0.0,0.334,0.059,0.024,0.0,0.016,0.096,0.0,0.0,0.029,0.018,0.01,0.024,0.0,0.008,0.069,0.0,0.0,0.036,0.0,0.0
612001,613000,12-17 23:37:38.677,12-17 23:38:47.481,1000,0,47,12,3.9033881429583888,78.677,0.03,0.084,0.78,0.043,0.063,0.0,0.344,0.026,0.012,0.0,0.008,0.096,0.0,0.0,0.026,0.017,0.0,0.022,0.0,0.004,0.067,0.0,0.0,0.038,0.0,0.0
613001,614000,12-17 23:38:47.481,12-17 23:38:57.910,1000,0,42,12,2.4016451589180794,85.252,0.006,0.052,0.885,0.022,0.035,0.0,0.666,0.011,0.012,0.0,0.008,0.017,0.0,0.0,0.007,0.006,0.0,0.007,0.0,0.004,0.015,0.0,0.0,0.007,0.0,0.0
614001,615000,12-17 23:38:57.910,12-17 23:39:59.985,1000,0,72,12,4.640086124626467,67.497,0.026,0.2,0.602,0.041,0.131,0.0,0.228,0.041,0.048,0.0,0.032,0.079,0.0,0.016,0.027,0.017,0.065,0.029,0.0,0.016,0.056,0.0,0.0,0.035,0.0,0.002
615001,616000,12-17 23:39:59.985,12-17 23:40:19.393,1000,0,70,13,3.785680214373135,81.31,0.011,0.148,0.756,0.034,0.051,0.0,0.466,0.03,0.012,0.0,0.008,0.024,0.0,0.0,0.008,0.01,0.0,0.008,0.0,0.004,0.018,0.002,0.0,0.01,0.0,0.006
616001,617000,12-17 23:40:19.394,12-17 23:41:22.645,1000,0,62,12,4.120247728437156,67.241,0.027,0.15,0.665,0.037,0.121,0.0,0.33,0.031,0.036,0.0,0.024,0.08,0.0,0.0,0.026,0.015,0.065,0.026,0.0,0.012,0.058,0.0,0.0,0.034,0.0,0.002
617001,618000,12-17 23:41:22.645,12-17 23:41:24.173,1000,0,15,6,0.35970584216005824,80.524,0.0,0.005,0.932,0.004,0.059,0.0,0.961,0.003,0.0,0.0,0.0,0.004,0.0,0.0,0.001,0.001,0.0,0.001,0.0,0.0,0.002,0.0,0.0,0.002,0.0,0.0
618001,619000,12-17 23:41:24.173,12-17 23:42:10.659,1000,0,90,16,4.825490334431031,79.759,0.022,0.135,0.669,0.073,0.101,0.0,0.262,0.061,0.012,0.0,0.008,0.048,0.0,0.016,0.016,0.018,0.015,0.012,0.0,0.004,0.039,0.0,0.0,0.018,0.0,0.008
619001,620000,12-17 23:42:10.662,12-17 23:42:42.462,1000,0,42,12,2.5050651617618884,77.193,0.014,0.063,0.845,0.024,0.054,0.0,0.66,0.021,0.012,0.0,0.008,0.044,0.0,0.0,0.014,0.009,0.0,0.011,0.0,0.004,0.031,0.0,0.0,0.016,0.0,0.0
620001,621000,12-17 23:42:42.494,12-17 23:43:49.840,1000,0,55,15,4.1545444277115395,77.711,0.028,0.113,0.753,0.043,0.063,0.0,0.32,0.027,0.024,0.0,0.016,0.084,0.0,0.0,0.026,0.018,0.01,0.023,0.0,0.008,0.063,0.0,0.0,0.034,0.0,0.0
621001,622000,12-17 23:43:49.840,12-17 23:44:43.394,1000,0,51,14,3.9858208407017703,80.346,0.024,0.109,0.763,0.038,0.066,0.0,0.368,0.024,0.036,0.0,0.024,0.064,0.0,0.0,0.018,0.014,0.0,0.015,0.0,0.012,0.048,0.0,0.0,0.025,0.0,0.0
622001,623000,12-17 23:44:43.399,12-17 23:45:02.265,1000,0,54,12,2.686302736770746,78.374,0.007,0.056,0.876,0.022,0.039,0.0,0.658,0.013,0.012,0.0,0.008,0.024,0.0,0.0,0.008,0.007,0.0,0.008,0.006,0.004,0.018,0.004,0.0,0.011,0.0,0.004
623001,624000,12-17 23:45:02.265,12-17 23:46:09.368,1000,0,62,15,4.13570163253246,76.776,0.03,0.113,0.754,0.039,0.064,0.0,0.351,0.026,0.024,0.0,0.016,0.072,0.0,0.0,0.022,0.019,0.01,0.02,0.0,0.008,0.057,0.0,0.0,0.028,0.0,0.002
624001,625000,12-17 23:46:09.368,12-17 23:46:33.769,1000,0,60,13,4.020339853725546,82.059,0.013,0.133,0.757,0.04,0.057,0.0,0.388,0.041,0.048,0.0,0.028,0.032,0.0,0.0,0.013,0.015,0.0,0.022,0.0,0.014,0.022,0.0,0.0,0.02,0.0,0.006
625001,626000,12-17 23:46:33.771,12-17 23:47:38.946,1000,0,73,13,4.839845754503285,65.529,0.027,0.207,0.508,0.058,0.2,0.0,0.081,0.073,0.048,0.0,0.036,0.084,0.0,0.016,0.029,0.02,0.125,0.029,0.0,0.018,0.063,0.0,0.0,0.034,0.0,0.002
626001,627000,12-17 23:47:38.946,12-17 23:48:07.120,1000,0,49,13,2.8896384418463654,84.677,0.012,0.065,0.855,0.024,0.044,0.0,0.593,0.016,0.012,0.0,0.008,0.032,0.0,0.0,0.01,0.009,0.0,0.01,0.002,0.004,0.022,0.002,0.0,0.014,0.0,0.0
627001,628000,12-17 23:48:07.120,12-17 23:48:37.039,1000,0,135,22,6.1078283344894455,63.46,0.109,0.281,0.444,0.091,0.075,0.0,0.004,0.072,0.012,0.0,0.008,0.056,0.002,0.0,0.018,0.015,0.0,0.01,0.014,0.004,0.029,0.005,0.0,0.014,0.0,0.01
628001,629000,12-17 23:48:37.039,12-17 23:48:39.324,1000,0,126,16,5.206600027218778,52.115,0.05,0.325,0.263,0.109,0.253,0.0,0.0,0.075,0.0,0.0,0.0,0.004,0.23,0.0,0.004,0.002,0.0,0.001,0.002,0.0,0.005,0.006,0.002,0.002,0.0,0.012
629001,630000,12-17 23:48:39.324,12-17 23:48:40.871,1000,0,161,28,5.942331368213444,63.795,0.054,0.254,0.454,0.037,0.201,0.0,0.123,0.017,0.012,0.0,0.008,0.0,0.112,0.0,0.012,0.014,0.0,0.008,0.034,0.004,0.0,0.011,0.004,0.002,0.0,0.012
630001,631000,12-17 23:48:40.871,12-17 23:48:55.321,1000,0,88,18,4.884773340903418,62.598,0.012,0.339,0.413,0.03,0.206,0.0,0.002,0.051,0.096,0.0,0.064,0.024,0.184,0.0,0.017,0.017,0.0,0.034,0.0,0.032,0.018,0.008,0.1,0.025,0.0,0.004
631001,632000,12-17 23:48:55.322,12-17 23:49:15.754,1000,0,77,18,4.764163388916815,74.772,0.007,0.498,0.417,0.041,0.037,0.0,0.002,0.063,0.144,0.0,0.096,0.028,0.0,0.0,0.015,0.031,0.0,0.052,0.0,0.048,0.018,0.004,0.14,0.029,0.0,0.002
632001,633000,12-17 23:49:15.961,12-17 23:50:00.465,1000,0,76,16,5.112375405020404,76.233,0.017,0.404,0.483,0.038,0.058,0.0,0.004,0.072,0.096,0.0,0.064,0.06,0.0,0.0,0.027,0.025,0.01,0.039,0.0,0.032,0.045,0.006,0.096,0.037,0.0,0.002
633001,634000,12-17 23:50:00.465,12-17 23:50:38.041,1000,0,68,17,4.950115304563843,76.303,0.018,0.396,0.421,0.035,0.13,0.0,0.004,0.07,0.132,0.0,0.088,0.056,0.0,0.0,0.028,0.019,0.05,0.042,0.0,0.044,0.035,0.006,0.032,0.037,0.0,0.0
634001,635000,12-17 23:50:38.042,12-17 23:50:45.053,1000,0,150,28,5.693134086915545,69.16,0.034,0.443,0.358,0.075,0.09,0.0,0.0,0.044,0.048,0.0,0.032,0.004,0.064,0.0,0.012,0.01,0.0,0.021,0.039,0.016,0.005,0.008,0.002,0.01,0.0,0.0
635001,636000,12-17 23:50:45.053,12-17 23:51:35.036,1000,0,120,18,5.756041191043663,66.334,0.037,0.268,0.544,0.088,0.063,0.0,0.065,0.074,0.06,0.0,0.04,0.052,0.0,0.0,0.025,0.023,0.005,0.029,0.0,0.02,0.041,0.003,0.0,0.028,0.0,0.014
636001,637000,12-17 23:51:35.037,12-17 23:53:17.955,1000,0,49,15,4.652879030457403,67.427,0.042,0.232,0.573,0.067,0.086,0.0,0.016,0.075,0.06,0.0,0.04,0.131,0.0,0.0,0.041,0.027,0.01,0.041,0.0,0.02,0.096,0.0,0.0,0.051,0.0,0.0
637001,638000,12-17 23:53:17.956,12-17 23:54:43.913,1000,0,63,17,4.583809050726834,70.73,0.035,0.168,0.654,0.056,0.087,0.0,0.266,0.045,0.036,0.0,0.024,0.061,0.0,0.0,0.022,0.024,0.01,0.019,0.0,0.012,0.057,0.0,0.0,0.021,0.0,0.006
638001,639000,12-17 23:54:43.913,12-17 23:55:22.106,1000,0,52,13,3.8429655784210395,82.522,0.018,0.138,0.751,0.035,0.058,0.0,0.41,0.04,0.036,0.0,0.024,0.044,0.0,0.0,0.016,0.013,0.0,0.019,0.0,0.012,0.036,0.0,0.0,0.02,0.0,0.0
639001,640000,12-17 23:55:22.107,12-17 23:55:57.335,1000,0,41,13,2.5039679298491953,75.071,0.014,0.069,0.842,0.021,0.054,0.0,0.656,0.016,0.012,0.0,0.008,0.052,0.0,0.0,0.016,0.008,0.01,0.013,0.0,0.004,0.033,0.0,0.0,0.02,0.0,0.0
640001,641000,12-17 23:55:57.341,12-17 23:56:40.315,1000,0,79,19,5.435979420028683,79.557,0.022,0.236,0.626,0.079,0.037,0.0,0.075,0.075,0.048,0.0,0.032,0.04,0.0,0.0,0.018,0.023,0.0,0.022,0.006,0.016,0.035,0.002,0.0,0.02,0.0,0.012
641001,642000,12-17 23:56:40.318,12-17 23:57:41.876,1000,0,59,13,3.728596417291921,72.211,0.024,0.129,0.724,0.034,0.089,0.0,0.439,0.043,0.024,0.0,0.016,0.068,0.0,0.0,0.022,0.015,0.01,0.019,0.0,0.008,0.052,0.0,0.0,0.026,0.0,0.0
642001,643000,12-17 23:57:41.876,12-17 23:58:34.306,1000,0,53,14,3.6108379415478997,81.166,0.022,0.077,0.756,0.039,0.106,0.0,0.456,0.021,0.012,0.0,0.008,0.052,0.0,0.0,0.016,0.015,0.0,0.013,0.0,0.004,0.041,0.0,0.0,0.02,0.0,0.0
643001,644000,12-17 23:58:34.661,12-17 23:58:56.263,1000,0,38,11,2.3828242375653783,83.324,0.01,0.057,0.877,0.019,0.037,0.0,0.67,0.016,0.012,0.0,0.008,0.032,0.0,0.0,0.01,0.008,0.0,0.008,0.0,0.004,0.022,0.0,0.0,0.01,0.0,0.0
644001,645000,12-17 23:58:56.265,12-18 00:00:00.200,1000,0,95,16,5.409063501560569,64.135,0.027,0.172,0.556,0.049,0.196,0.0,0.03,0.04,0.036,0.0,0.024,0.076,0.0,0.0,0.027,0.018,0.12,0.025,0.0,0.012,0.059,0.001,0.0,0.032,0.0,0.008
645001,646000,12-18 00:00:00.201,12-18 00:00:50.542,1000,0,102,18,5.636300903462267,60.637,0.024,0.201,0.685,0.046,0.044,0.0,0.09,0.037,0.036,0.0,0.024,0.036,0.0,0.0,0.019,0.015,0.0,0.017,0.0,0.012,0.033,0.005,0.0,0.016,0.0,0.006
646001,647000,12-18 00:00:50.542,12-18 00:00:50.929,1000,0,3,3,0.040867472820114964,79.746,0.0,0.003,0.979,0.0,0.018,0.0,0.996,0.003,0.0,0.0,0.0,0.0,0.0,0.0,0.0,0.0,0.0,0.0,0.0,0.0,0.0,0.0,0.0,0.0,0.0,0.0
647001,648000,12-18 00:00:50.930,12-18 00:01:35.103,1000,0,81,14,4.0442504320309665,80.874,0.02,0.084,0.737,0.047,0.112,0.0,0.428,0.021,0.012,0.0,0.008,0.04,0.0,0.0,0.012,0.014,0.005,0.01,0.0,0.004,0.032,0.0,0.0,0.014,0.0,0.006
648001,649000,12-18 00:01:35.103,12-18 00:02:41.385,1000,0,57,14,4.549272805717099,72.936,0.028,0.238,0.613,0.058,0.063,0.0,0.182,0.084,0.06,0.0,0.04,0.076,0.0,0.0,0.03,0.023,0.01,0.031,0.0,0.02,0.059,0.0,0.0,0.032,0.0,0.002
649001,650000,12-18 00:02:41.386,12-18 00:03:28.525,1000,0,50,12,3.367476701646073,81.397,0.02,0.071,0.808,0.03,0.071,0.0,0.498,0.021,0.012,0.0,0.008,0.052,0.0,0.0,0.015,0.013,0.0,0.013,0.0,0.004,0.038,0.0,0.0,0.02,0.0,0.0
650001,651000,12-18 00:03:28.726,12-18 00:03:54.531,1000,0,42,12,2.4598123552695075,79.553,0.01,0.056,0.867,0.017,0.05,0.0,0.666,0.014,0.012,0.0,0.008,0.032,0.0,0.0,0.01,0.009,0.01,0.01,0.0,0.004,0.025,0.0,0.0,0.014,0.0,0.0
651001,652000,12-18 00:03:54.531,12-18 00:04:56.423,1000,0,121,18,5.804907837848748,70.005,0.036,0.289,0.539,0.064,0.072,0.0,0.008,0.077,0.036,0.0,0.024,0.084,0.0,0.0,0.029,0.019,0.0,0.023,0.027,0.012,0.056,0.005,0.002,0.028,0.0,0.006
652001,653000,12-18 00:04:56.423,12-18 00:04:58.985,1000,0,172,25,6.023321100187368,60.473,0.02,0.229,0.489,0.081,0.181,0.0,0.0,0.023,0.048,0.0,0.024,0.004,0.0,0.033,0.007,0.005,0.055,0.016,0.002,0.012,0.005,0.005,0.004,0.009,0.0,0.082
653001,654000,12-18 00:04:58.985,12-18 00:05:02.801,1000,0,181,25,6.460274076965145,56.667,0.044,0.252,0.404,0.102,0.198,0.0,0.0,0.028,0.012,0.0,0.008,0.004,0.096,0.0,0.006,0.013,0.025,0.005,0.013,0.004,0.002,0.003,0.0,0.004,0.0,0.024
654001,655000,12-18 00:05:02.801,12-18 00:05:06.905,1000,0,139,22,6.009590617080999,67.633,0.057,0.249,0.465,0.064,0.165,0.0,0.141,0.021,0.024,0.0,0.016,0.004,0.04,0.0,0.013,0.037,0.04,0.009,0.025,0.008,0.002,0.021,0.01,0.006,0.0,0.002
655001,656000,12-18 00:05:06.905,12-18 00:05:52.990,1000,0,104,18,5.410161894696105,80.227,0.013,0.349,0.544,0.043,0.051,0.0,0.051,0.048,0.108,0.0,0.072,0.06,0.0,0.0,0.028,0.035,0.01,0.047,0.005,0.036,0.045,0.011,0.022,0.039,0.0,0.0
656001,657000,12-18 00:05:52.991,12-18 00:06:37.635,1000,0,65,15,4.9617606298594445,76.795,0.007,0.394,0.516,0.036,0.047,0.0,0.018,0.096,0.108,0.0,0.072,0.074,0.0,0.0,0.029,0.018,0.0,0.049,0.0,0.036,0.05,0.0,0.032,0.042,0.0,0.002
657001,658000,12-18 00:06:37.638,12-18 00:07:16.475,1000,0,65,14,4.848427516527002,77.224,0.019,0.415,0.484,0.046,0.036,0.0,0.004,0.08,0.156,0.0,0.096,0.054,0.0,0.0,0.019,0.022,0.0,0.061,0.0,0.048,0.038,0.0,0.036,0.041,0.0,0.002
658001,659000,12-18 00:07:16.476,12-18 00:08:34.431,1000,0,66,13,4.937197011581973,74.447,0.007,0.358,0.529,0.039,0.067,0.0,0.006,0.063,0.084,0.0,0.064,0.096,0.0,0.0,0.03,0.024,0.01,0.047,0.0,0.032,0.073,0.0,0.052,0.05,0.0,0.002
659001,660000,12-18 00:08:34.432,12-18 00:09:07.366,1000,0,54,12,4.347844285984727,77.569,0.009,0.441,0.497,0.021,0.032,0.0,0.004,0.068,0.204,0.0,0.136,0.044,0.0,0.0,0.019,0.014,0.0,0.074,0.0,0.068,0.03,0.0,0.028,0.047,0.0,0.002
660001,661000,12-18 00:09:07.366,12-18 00:09:39.407,1000,0,72,13,5.095607752860475,71.441,0.014,0.387,0.428,0.022,0.149,0.0,0.004,0.058,0.096,0.0,0.059,0.056,0.0,0.0,0.022,0.011,0.01,0.042,0.0,0.028,0.04,0.0,0.044,0.036,0.0,0.0
661001,662000,12-18 00:09:39.407,12-18 00:10:11.533,1000,0,67,13,4.772583375679403,78.217,0.018,0.418,0.487,0.019,0.058,0.0,0.002,0.055,0.168,0.0,0.117,0.044,0.0,0.0,0.013,0.01,0.0,0.065,0.0,0.06,0.031,0.002,0.044,0.043,0.0,0.002
662001,663000,12-18 00:10:11.538,12-18 00:10:53.897,1000,0,53,15,4.960693056228504,74.728,0.004,0.381,0.511,0.049,0.055,0.0,0.063,0.06,0.107,0.0,0.064,0.044,0.0,0.0,0.019,0.06,0.0,0.035,0.0,0.032,0.034,0.0,0.052,0.031,0.0,0.0
663001,664000,12-18 00:10:53.897,12-18 00:11:36.579,1000,0,60,16,5.08031967618414,73.075,0.011,0.382,0.505,0.047,0.055,0.0,0.006,0.074,0.085,0.0,0.064,0.059,0.0,0.0,0.021,0.053,0.0,0.034,0.0,0.032,0.042,0.0,0.072,0.035,0.0,0.002
664001,665000,12-18 00:11:36.579,12-18 00:12:21.472,1000,0,75,21,5.297706549675564,76.165,0.009,0.332,0.543,0.054,0.062,0.0,0.01,0.049,0.096,0.0,0.064,0.053,0.0,0.0,0.018,0.063,0.01,0.04,0.0,0.032,0.041,0.001,0.04,0.032,0.0,0.002
665001,666000,12-18 00:12:21.472,12-18 00:12:48.588,1000,0,74,15,4.824344916118014,78.838,0.016,0.387,0.522,0.054,0.021,0.0,0.002,0.047,0.183,0.0,0.12,0.04,0.0,0.0,0.016,0.026,0.0,0.068,0.018,0.06,0.026,0.0,0.024,0.046,0.0,0.005
666001,667000,12-18 00:12:48.588,12-18 00:13:24.340,1000,0,65,18,4.857237619270249,75.975,0.003,0.408,0.507,0.045,0.037,0.0,0.004,0.062,0.153,0.0,0.099,0.044,0.0,0.0,0.023,0.047,0.0,0.055,0.0,0.048,0.034,0.001,0.024,0.039,0.0,0.002
667001,668000,12-18 00:13:24.340,12-18 00:13:52.389,1000,0,80,17,5.233153966263802,73.021,0.013,0.408,0.486,0.037,0.056,0.0,0.002,0.064,0.12,0.0,0.081,0.04,0.0,0.0,0.016,0.042,0.01,0.048,0.0,0.042,0.029,0.0,0.052,0.035,0.0,0.0
668001,669000,12-18 00:13:52.392,12-18 00:14:19.877,1000,0,73,18,5.021166418819635,76.299,0.014,0.365,0.534,0.033,0.054,0.0,0.004,0.054,0.144,0.0,0.1,0.052,0.0,0.0,0.016,0.034,0.0,0.061,0.0,0.05,0.035,0.0,0.044,0.041,0.0,0.002
669001,670000,12-18 00:14:19.878,12-18 00:15:02.999,1000,0,64,17,5.010619129244922,76.388,0.005,0.346,0.555,0.049,0.045,0.0,0.004,0.046,0.12,0.0,0.08,0.072,0.0,0.0,0.024,0.051,0.0,0.046,0.0,0.04,0.048,0.0,0.02,0.046,0.0,0.002
670001,671000,12-18 00:15:03.000,12-18 00:15:30.760,1000,0,85,15,5.194991135218939,75.628,0.006,0.432,0.479,0.034,0.049,0.0,0.002,0.068,0.132,0.0,0.088,0.036,0.0,0.0,0.016,0.033,0.0,0.055,0.006,0.044,0.027,0.004,0.056,0.034,0.0,0.0
671001,672000,12-18 00:15:30.760,12-18 00:15:56.768,1000,0,52,14,4.3522486689609075,77.395,0.0,0.428,0.493,0.017,0.062,0.0,0.063,0.071,0.192,0.0,0.128,0.034,0.0,0.0,0.016,0.011,0.01,0.066,0.012,0.064,0.024,0.001,0.03,0.043,0.0,0.0
672001,673000,12-18 00:15:56.769,12-18 00:16:25.818,1000,0,48,12,4.429216759686082,75.182,0.001,0.448,0.482,0.015,0.054,0.0,0.002,0.061,0.168,0.0,0.112,0.054,0.0,0.0,0.015,0.009,0.0,0.066,0.0,0.056,0.035,0.0,0.07,0.044,0.0,0.002
673001,674000,12-18 00:16:26.308,12-18 00:16:56.701,1000,0,46,10,4.237147717466281,76.07,0.02,0.443,0.473,0.031,0.033,0.0,0.004,0.073,0.204,0.0,0.136,0.048,0.0,0.0,0.017,0.012,0.0,0.078,0.0,0.068,0.033,0.0,0.04,0.05,0.0,0.0
674001,675000,12-18 00:16:56.702,12-18 00:17:36.894,1000,0,59,14,4.737529365345603,75.42,0.006,0.422,0.498,0.027,0.047,0.0,0.004,0.079,0.144,0.0,0.096,0.064,0.0,0.0,0.026,0.016,0.0,0.058,0.0,0.048,0.044,0.001,0.048,0.043,0.0,0.002
675001,676000,12-18 00:17:37.332,12-18 00:18:02.630,1000,0,72,15,4.672167970534018,71.98,0.015,0.49,0.431,0.019,0.045,0.0,0.002,0.086,0.168,0.0,0.112,0.028,0.0,0.0,0.013,0.011,0.01,0.057,0.0,0.056,0.023,0.0,0.084,0.037,0.0,0.002
676001,677000,12-18 00:18:02.633,12-18 00:18:33.289,1000,0,42,11,4.2809725263899185,76.928,0.0,0.484,0.459,0.015,0.042,0.0,0.002,0.063,0.18,0.0,0.12,0.048,0.0,0.0,0.018,0.01,0.0,0.07,0.0,0.06,0.033,0.0,0.066,0.047,0.0,0.0
677001,678000,12-18 00:18:33.329,12-18 00:19:08.236,1000,0,59,13,4.4641407940789275,78.14,0.018,0.44,0.489,0.018,0.035,0.0,0.004,0.052,0.208,0.0,0.136,0.04,0.0,0.0,0.013,0.011,0.0,0.074,0.0,0.068,0.029,0.0,0.038,0.042,0.0,0.002
678001,679000,12-18 00:19:08.236,12-18 00:19:54.965,1000,0,68,14,4.99071138049545,73.755,0.006,0.427,0.46,0.044,0.063,0.0,0.006,0.071,0.104,0.0,0.072,0.06,0.0,0.0,0.023,0.036,0.01,0.043,0.0,0.036,0.045,0.0,0.068,0.039,0.0,0.0
679001,680000,12-18 00:19:55.041,12-18 00:20:23.945,1000,0,60,12,4.471195693271316,76.674,0.005,0.479,0.456,0.025,0.035,0.0,0.002,0.075,0.208,0.0,0.136,0.024,0.0,0.0,0.014,0.013,0.0,0.057,0.0,0.068,0.021,0.003,0.037,0.036,0.0,0.002
680001,681000,12-18 00:20:23.945,12-18 00:20:59.343,1000,0,59,12,4.6055647949111105,75.574,0.01,0.437,0.492,0.018,0.043,0.0,0.063,0.058,0.176,0.0,0.116,0.048,0.0,0.0,0.018,0.011,0.0,0.057,0.0,0.056,0.033,0.0,0.043,0.043,0.0,0.0
681001,682000,12-18 00:20:59.343,12-18 00:21:26.139,1000,0,54,11,4.3643485397926005,73.176,0.03,0.447,0.469,0.018,0.036,0.0,0.002,0.071,0.192,0.0,0.132,0.044,0.0,0.0,0.016,0.012,0.0,0.073,0.0,0.068,0.031,0.0,0.056,0.049,0.0,0.002
682001,683000,12-18 00:21:26.405,12-18 00:22:00.012,1000,0,66,11,4.64740039926859,76.544,0.003,0.425,0.472,0.014,0.086,0.0,0.01,0.041,0.18,0.0,0.12,0.044,0.0,0.0,0.011,0.007,0.01,0.067,0.0,0.06,0.034,0.0,0.048,0.039,0.0,0.0
683001,684000,12-18 00:22:00.013,12-18 00:22:39.505,1000,0,61,14,4.556554262442649,78.509,0.004,0.427,0.479,0.021,0.069,0.0,0.004,0.05,0.192,0.0,0.128,0.044,0.0,0.0,0.015,0.012,0.0,0.071,0.0,0.064,0.031,0.0,0.032,0.041,0.0,0.002
684001,685000,12-18 00:22:39.505,12-18 00:23:18.697,1000,0,53,13,4.422462590992457,74.545,0.02,0.451,0.472,0.02,0.037,0.0,0.004,0.061,0.192,0.0,0.128,0.052,0.0,0.0,0.019,0.013,0.0,0.073,0.0,0.064,0.038,0.0,0.046,0.045,0.0,0.002
685001,686000,12-18 00:23:18.697,12-18 00:23:50.577,1000,0,64,13,4.467387335471865,74.908,0.006,0.483,0.444,0.019,0.048,0.0,0.002,0.062,0.204,0.0,0.136,0.028,0.0,0.0,0.013,0.012,0.01,0.073,0.0,0.068,0.026,0.0,0.048,0.039,0.0,0.0
686001,687000,12-18 00:23:50.641,12-18 00:24:16.392,1000,0,86,17,4.881879306697759,71.832,0.003,0.359,0.427,0.02,0.191,0.0,0.004,0.036,0.156,0.0,0.104,0.032,0.0,0.016,0.009,0.006,0.115,0.058,0.012,0.052,0.022,0.001,0.034,0.034,0.0,0.002
687001,688000,12-18 00:24:16.394,12-18 00:24:21.917,1000,0,147,15,6.154399177658368,69.453,0.013,0.286,0.547,0.037,0.117,0.0,0.0,0.027,0.036,0.0,0.024,0.02,0.0,0.0,0.016,0.034,0.0,0.015,0.001,0.012,0.013,0.013,0.014,0.011,0.0,0.015
688001,689000,12-18 00:24:21.917,12-18 00:24:23.099,1000,0,94,14,3.4003662761762623,82.944,0.004,0.217,0.737,0.017,0.025,0.0,0.532,0.012,0.048,0.0,0.022,0.0,0.0,0.0,0.002,0.006,0.0,0.008,0.005,0.014,0.002,0.004,0.006,0.007,0.0,0.027
689001,690000,12-18 00:24:23.101,12-18 00:24:25.246,1000,0,182,32,6.4777945317708685,71.091,0.052,0.222,0.556,0.099,0.071,0.0,0.014,0.053,0.0,0.0,0.012,0.012,0.026,0.0,0.008,0.05,0.0,0.003,0.061,0.004,0.003,0.005,0.004,0.007,0.0,0.042
690001,691000,12-18 00:24:25.247,12-18 00:32:55.914,1000,0,205,27,6.715877714300278,53.518,0.057,0.287,0.479,0.082,0.095,0.0,0.0,0.047,0.0,0.0,0.0,0.008,0.038,0.008,0.008,0.009,0.0,0.003,0.013,0.0,0.009,0.005,0.002,0.0,0.0,0.012
691001,692000,12-18 00:32:55.914,12-18 00:41:10.654,1000,0,98,15,5.298220326433746,52.363,0.003,0.315,0.389,0.053,0.24,0.0,0.0,0.042,0.0,0.0,0.0,0.0,0.0,0.056,0.004,0.006,0.115,0.0,0.029,0.0,0.0,0.004,0.0,0.0,0.0,0.016
692001,693000,12-18 00:41:10.655,12-18 01:04:54.728,1000,0,113,22,5.544531514093337,62.175,0.011,0.244,0.456,0.051,0.238,0.0,0.0,0.072,0.0,0.0,0.0,0.016,0.0,0.064,0.026,0.009,0.115,0.004,0.02,0.0,0.008,0.01,0.0,0.008,0.0,0.012
693001,694000,12-18 01:04:54.728,12-18 01:26:21.598,1000,0,109,19,5.228830321290983,50.849,0.007,0.198,0.392,0.037,0.366,0.0,0.0,0.04,0.0,0.0,0.0,0.004,0.0,0.08,0.007,0.003,0.225,0.001,0.034,0.0,0.002,0.004,0.0,0.002,0.0,0.012
694001,695000,12-18 01:26:21.600,12-18 01:37:12.313,1000,0,91,19,5.293262268889428,62.01,0.003,0.395,0.379,0.056,0.167,0.0,0.0,0.079,0.0,0.0,0.0,0.016,0.0,0.096,0.022,0.005,0.0,0.002,0.015,0.0,0.008,0.008,0.0,0.004,0.0,0.01
695001,696000,12-18 01:37:12.321,12-18 01:37:33.216,1000,0,101,13,4.762088424681632,59.779,0.019,0.28,0.237,0.017,0.447,0.0,0.0,0.014,0.0,0.0,0.008,0.008,0.0,0.16,0.01,0.003,0.115,0.003,0.007,0.002,0.005,0.006,0.0,0.008,0.0,0.0
696001,697000,12-18 01:37:34.024,12-18 02:23:40.766,1000,0,94,17,5.103193314886084,65.516,0.007,0.34,0.372,0.026,0.255,0.0,0.0,0.071,0.0,0.0,0.008,0.028,0.0,0.142,0.033,0.002,0.0,0.006,0.0,0.002,0.015,0.012,0.0,0.014,0.0,0.004
697001,698000,12-18 02:23:40.766,12-18 02:26:24.736,1000,0,130,22,5.818223865712696,52.556,0.018,0.209,0.524,0.046,0.203,0.0,0.0,0.043,0.0,0.0,0.0,0.012,0.0,0.018,0.011,0.008,0.125,0.001,0.047,0.0,0.006,0.006,0.0,0.002,0.0,0.01
698001,699000,12-18 02:26:24.736,12-18 02:56:25.688,1000,0,56,13,3.782367932981523,45.67,0.002,0.164,0.723,0.021,0.09,0.0,0.0,0.06,0.0,0.0,0.0,0.016,0.0,0.064,0.023,0.002,0.0,0.004,0.0,0.0,0.008,0.007,0.0,0.008,0.0,0.004
699001,700000,12-18 02:56:25.688,12-18 03:25:54.847,1000,0,112,20,5.603065745764896,61.171,0.007,0.255,0.424,0.06,0.254,0.0,0.0,0.064,0.0,0.0,0.0,0.012,0.0,0.064,0.021,0.013,0.115,0.003,0.012,0.0,0.006,0.008,0.0,0.006,0.0,0.008
700001,701000,12-18 03:25:54.847,12-18 03:35:07.998,1000,0,80,19,5.025948150406826,59.902,0.002,0.364,0.504,0.044,0.086,0.0,0.0,0.083,0.0,0.0,0.0,0.024,0.0,0.032,0.026,0.002,0.0,0.004,0.084,0.0,0.012,0.007,0.0,0.008,0.0,0.004
701001,702000,12-18 03:35:08.007,12-18 04:01:15.918,1000,0,107,21,5.390445267379146,58.597,0.006,0.212,0.512,0.047,0.223,0.0,0.0,0.069,0.0,0.0,0.0,0.012,0.0,0.048,0.023,0.008,0.136,0.003,0.022,0.0,0.006,0.008,0.0,0.006,0.0,0.012
702001,703000,12-18 04:01:15.918,12-18 04:26:28.649,1000,0,93,19,4.819867571966865,52.41,0.024,0.183,0.327,0.032,0.434,0.0,0.0,0.046,0.0,0.0,0.0,0.016,0.0,0.112,0.008,0.006,0.264,0.002,0.054,0.0,0.008,0.004,0.0,0.004,0.0,0.002
703001,704000,12-18 04:26:28.650,12-18 05:05:08.660,1000,0,58,15,4.486762767070255,69.516,0.002,0.328,0.5,0.04,0.13,0.0,0.0,0.12,0.0,0.0,0.0,0.04,0.0,0.066,0.047,0.004,0.0,0.008,0.0,0.0,0.02,0.013,0.0,0.016,0.0,0.004
704001,705000,12-18 05:05:08.660,12-18 05:26:31.110,1000,0,89,20,5.230498994781529,60.246,0.002,0.314,0.394,0.062,0.228,0.0,0.0,0.046,0.0,0.0,0.0,0.008,0.0,0.046,0.015,0.013,0.11,0.002,0.043,0.0,0.004,0.007,0.0,0.004,0.0,0.004
705001,706000,12-18 05:26:31.110,12-18 05:59:17.956,1000,0,76,15,4.9982759006170845,63.324,0.0,0.311,0.526,0.027,0.136,0.0,0.0,0.098,0.0,0.0,0.0,0.024,0.0,0.08,0.035,0.003,0.0,0.006,0.038,0.0,0.012,0.011,0.0,0.012,0.0,0.006
706001,707000,12-18 05:59:18.029,12-18 06:26:33.084,1000,0,107,20,5.026950196622206,61.107,0.006,0.246,0.388,0.041,0.319,0.0,0.0,0.066,0.0,0.0,0.0,0.012,0.0,0.048,0.02,0.013,0.225,0.003,0.048,0.0,0.006,0.009,0.0,0.006,0.0,0.002
707001,708000,12-18 06:26:33.084,12-18 06:56:32.102,1000,0,103,22,5.474595653181278,66.183,0.003,0.26,0.548,0.065,0.124,0.0,0.0,0.072,0.0,0.0,0.0,0.016,0.0,0.048,0.032,0.012,0.0,0.004,0.022,0.0,0.008,0.013,0.0,0.008,0.0,0.006
708001,709000,12-18 06:56:32.102,12-18 07:00:05.081,1000,0,117,22,5.2677835793689,55.375,0.005,0.316,0.426,0.036,0.217,0.0,0.0,0.052,0.0,0.0,0.0,0.004,0.0,0.016,0.006,0.017,0.16,0.001,0.075,0.0,0.002,0.003,0.0,0.002,0.0,0.008
709001,710000,12-18 07:00:05.081,12-18 07:15:21.816,1000,0,193,28,6.335501301949948,57.464,0.041,0.273,0.351,0.082,0.253,0.0,0.0,0.061,0.0,0.0,0.0,0.004,0.09,0.064,0.006,0.009,0.065,0.001,0.007,0.0,0.002,0.003,0.002,0.002,0.0,0.008
710001,711000,12-18 07:15:21.816,12-18 07:15:22.604,1000,0,158,24,6.125074520775233,56.788,0.056,0.248,0.422,0.036,0.238,0.0,0.045,0.03,0.0,0.0,0.0,0.0,0.062,0.0,0.008,0.011,0.11,0.004,0.024,0.0,0.0,0.007,0.0,0.0,0.0,0.01
711001,712000,12-18 07:15:22.604,12-18 07:15:48.930,1000,0,107,22,5.129472716512106,70.064,0.001,0.42,0.374,0.048,0.157,0.0,0.047,0.102,0.0,0.0,0.0,0.052,0.064,0.0,0.018,0.022,0.0,0.003,0.008,0.0,0.014,0.009,0.0,0.006,0.0,0.002
712001,713000,12-18 07:15:49.227,12-18 07:15:58.073,1000,0,186,27,6.433599654641556,55.185,0.041,0.279,0.423,0.1,0.157,0.0,0.0,0.077,0.0,0.0,0.0,0.012,0.064,0.032,0.007,0.006,0.01,0.005,0.013,0.0,0.002,0.004,0.002,0.002,0.0,0.002
713001,714000,12-18 07:15:58.074,12-18 07:26:33.233,1000,0,146,27,5.914518761565174,63.35,0.008,0.277,0.557,0.056,0.102,0.0,0.0,0.088,0.0,0.0,0.0,0.008,0.0,0.048,0.022,0.012,0.0,0.0,0.007,0.0,0.0,0.011,0.0,0.0,0.0,0.022
714001,715000,12-18 07:26:33.233,12-18 07:29:23.237,1000,0,133,30,5.8391385336080575,58.143,0.022,0.339,0.334,0.084,0.221,0.0,0.0,0.086,0.0,0.0,0.0,0.008,0.122,0.064,0.007,0.006,0.0,0.002,0.0,0.0,0.004,0.002,0.002,0.004,0.0,0.018
715001,716000,12-18 07:29:23.238,12-18 07:29:23.675,1000,0,185,24,6.374567943735916,59.69,0.063,0.258,0.422,0.061,0.196,0.0,0.002,0.03,0.0,0.0,0.0,0.0,0.046,0.0,0.008,0.013,0.11,0.004,0.026,0.0,0.0,0.008,0.0,0.0,0.0,0.012
716001,717000,12-18 07:29:23.675,12-18 07:29:35.709,1000,0,153,21,6.173001488747191,71.304,0.019,0.269,0.575,0.038,0.099,0.0,0.058,0.048,0.0,0.0,0.0,0.024,0.032,0.0,0.017,0.014,0.01,0.002,0.0,0.0,0.008,0.011,0.016,0.007,0.0,0.048
717001,718000,12-18 07:29:35.710,12-18 07:29:38.147,1000,0,124,23,5.846047341294354,78.298,0.018,0.431,0.499,0.035,0.017,0.0,0.004,0.043,0.06,0.0,0.034,0.008,0.0,0.0,0.02,0.007,0.0,0.014,0.038,0.02,0.006,0.017,0.008,0.01,0.0,0.004
718001,719000,12-18 07:29:38.147,12-18 07:29:39.063,1000,0,115,24,4.8921735850697585,75.168,0.007,0.169,0.734,0.038,0.052,0.0,0.3,0.032,0.012,0.0,0.016,0.0,0.0,0.0,0.006,0.026,0.0,0.0,0.02,0.008,0.0,0.003,0.008,0.003,0.0,0.042
719001,720000,12-18 07:29:39.063,12-18 07:29:40.860,1000,0,91,16,3.658974717590225,88.98,0.011,0.1,0.761,0.053,0.075,0.0,0.519,0.022,0.012,0.0,0.008,0.004,0.0,0.0,0.007,0.029,0.0,0.005,0.001,0.004,0.002,0.006,0.004,0.004,0.0,0.0
720001,721000,12-18 07:29:40.861,12-18 07:29:47.189,1000,0,88,15,4.211616423266511,76.016,0.028,0.216,0.625,0.035,0.096,0.0,0.42,0.026,0.044,0.0,0.024,0.016,0.0,0.0,0.01,0.029,0.0,0.018,0.01,0.012,0.008,0.016,0.032,0.009,0.0,0.0
721001,722000,12-18 07:29:47.189,12-18 07:30:03.495,1000,0,83,17,5.173840344788517,68.486,0.024,0.492,0.385,0.032,0.067,0.0,0.002,0.057,0.088,0.0,0.064,0.024,0.047,0.0,0.013,0.015,0.0,0.034,0.002,0.032,0.012,0.007,0.1,0.025,0.0,0.002
722001,723000,12-18 07:30:03.495,12-18 07:30:14.117,1000,0,120,19,5.881820341803314,84.688,0.031,0.35,0.518,0.05,0.051,0.0,0.0,0.041,0.048,0.0,0.032,0.016,0.0,0.0,0.026,0.06,0.0,0.018,0.002,0.016,0.011,0.024,0.024,0.011,0.0,0.0
723001,724000,12-18 07:30:14.118,12-18 07:30:38.637,1000,0,75,18,4.420353294942633,72.08,0.013,0.419,0.38,0.018,0.142,0.028,0.002,0.024,0.132,0.0,0.088,0.036,0.0,0.0,0.016,0.014,0.0,0.051,0.001,0.044,0.027,0.005,0.008,0.033,0.0,0.0
724001,725000,12-18 07:30:38.637,12-18 07:30:52.475,1000,0,125,18,5.2979614065294856,72.07,0.041,0.319,0.365,0.015,0.26,0.0,0.004,0.033,0.048,0.0,0.032,0.014,0.0,0.011,0.007,0.031,0.0,0.018,0.001,0.016,0.011,0.001,0.016,0.01,0.0,0.0
725001,726000,12-18 07:30:52.475,12-18 07:31:19.411,1000,0,74,15,4.528317098825924,70.027,0.007,0.546,0.374,0.022,0.051,0.0,0.002,0.058,0.137,0.0,0.088,0.034,0.0,0.005,0.01,0.011,0.005,0.054,0.0,0.044,0.025,0.0,0.06,0.033,0.0,0.002
726001,727000,12-18 07:31:19.411,12-18 07:31:49.224,1000,0,50,12,4.171082564164034,72.043,0.006,0.542,0.396,0.017,0.039,0.0,0.004,0.048,0.151,0.0,0.104,0.048,0.0,0.0,0.018,0.01,0.01,0.052,0.0,0.052,0.033,0.0,0.024,0.04,0.0,0.0
727001,728000,12-18 07:31:49.286,12-18 07:32:17.112,1000,0,72,14,4.633005920098091,70.286,0.009,0.555,0.379,0.018,0.039,0.0,0.002,0.061,0.12,0.0,0.08,0.04,0.0,0.0,0.016,0.011,0.0,0.048,0.0,0.04,0.026,0.0,0.046,0.034,0.0,0.002
728001,729000,12-18 07:32:17.125,12-18 07:32:44.016,1000,0,44,10,4.170157962435413,73.392,0.005,0.554,0.369,0.014,0.058,0.0,0.004,0.066,0.15,0.0,0.096,0.032,0.0,0.0,0.012,0.01,0.0,0.058,0.0,0.048,0.025,0.0,0.042,0.034,0.0,0.0
729001,730000,12-18 07:32:44.016,12-18 07:33:15.199,1000,0,56,13,4.429544040675438,68.571,0.017,0.521,0.35,0.02,0.092,0.0,0.002,0.043,0.126,0.0,0.08,0.04,0.0,0.0,0.015,0.011,0.0,0.046,0.0,0.04,0.029,0.0,0.028,0.031,0.0,0.002
730001,731000,12-18 07:33:15.199,12-18 07:33:55.717,1000,0,51,12,4.129782076091672,70.976,0.004,0.565,0.368,0.019,0.044,0.0,0.004,0.045,0.108,0.0,0.08,0.048,0.0,0.0,0.017,0.011,0.01,0.044,0.0,0.04,0.036,0.0,0.028,0.033,0.0,0.0
731001,732000,12-18 07:33:55.717,12-18 07:34:37.587,1000,0,54,13,4.215492584139684,67.676,0.009,0.572,0.356,0.024,0.039,0.0,0.004,0.055,0.072,0.0,0.044,0.064,0.0,0.0,0.024,0.014,0.0,0.036,0.0,0.022,0.044,0.0,0.04,0.036,0.0,0.002
732001,733000,12-18 07:34:37.590,12-18 07:34:56.641,1000,0,77,17,4.832004879302503,71.385,0.004,0.401,0.435,0.024,0.136,0.0,0.061,0.052,0.096,0.0,0.068,0.032,0.0,0.0,0.011,0.01,0.102,0.038,0.029,0.034,0.022,0.004,0.024,0.027,0.0,0.0
733001,734000,12-18 07:34:56.641,12-18 07:35:26.502,1000,0,78,15,4.606690698809625,68.858,0.007,0.528,0.364,0.025,0.076,0.0,0.004,0.053,0.12,0.0,0.08,0.036,0.0,0.016,0.016,0.011,0.028,0.047,0.0,0.04,0.027,0.0,0.032,0.033,0.0,0.002
734001,735000,12-18 07:35:26.504,12-18 07:36:09.664,1000,0,52,12,4.192537776481833,67.353,0.009,0.611,0.317,0.024,0.039,0.0,0.004,0.068,0.06,0.0,0.04,0.052,0.0,0.0,0.019,0.013,0.0,0.027,0.0,0.02,0.041,0.0,0.066,0.024,0.0,0.002
735001,736000,12-18 07:36:09.665,12-18 07:36:39.863,1000,0,43,10,4.1548915372837145,71.721,0.006,0.563,0.379,0.017,0.035,0.0,0.002,0.058,0.144,0.0,0.094,0.04,0.0,0.0,0.017,0.011,0.0,0.056,0.0,0.046,0.029,0.0,0.038,0.039,0.0,0.0
736001,737000,12-18 07:36:39.863,12-18 07:37:21.381,1000,0,53,12,4.178349723853788,66.815,0.007,0.582,0.349,0.019,0.043,0.0,0.004,0.059,0.072,0.0,0.05,0.06,0.0,0.0,0.019,0.011,0.0,0.031,0.0,0.026,0.042,0.0,0.066,0.034,0.0,0.002
737001,738000,12-18 07:37:21.382,12-18 07:37:53.283,1000,0,50,11,4.1574852213789075,71.079,0.004,0.562,0.379,0.017,0.038,0.0,0.004,0.055,0.144,0.0,0.096,0.048,0.0,0.0,0.019,0.011,0.01,0.048,0.0,0.048,0.033,0.0,0.03,0.039,0.0,0.0
738001,739000,12-18 07:37:53.283,12-18 07:38:35.269,1000,0,48,11,4.104317936731448,69.137,0.005,0.592,0.348,0.023,0.032,0.0,0.004,0.05,0.096,0.0,0.06,0.056,0.0,0.0,0.021,0.013,0.0,0.038,0.0,0.028,0.04,0.0,0.036,0.036,0.0,0.002
739001,740000,12-18 07:38:35.269,12-18 07:39:08.549,1000,0,54,13,4.397013931887003,68.806,0.009,0.551,0.385,0.02,0.035,0.0,0.004,0.063,0.096,0.0,0.068,0.052,0.0,0.0,0.019,0.011,0.0,0.033,0.0,0.036,0.038,0.0,0.054,0.033,0.0,0.002
740001,741000,12-18 07:39:08.666,12-18 07:39:34.304,1000,0,65,14,4.477592480614681,70.232,0.006,0.569,0.364,0.016,0.045,0.0,0.002,0.066,0.132,0.0,0.088,0.036,0.0,0.0,0.015,0.01,0.01,0.052,0.0,0.044,0.024,0.0,0.062,0.035,0.0,0.0
741001,742000,12-18 07:39:34.305,12-18 07:39:54.312,1000,0,81,17,4.839832883797899,71.964,0.019,0.435,0.406,0.031,0.109,0.0,0.067,0.056,0.12,0.0,0.08,0.028,0.0,0.016,0.007,0.005,0.055,0.046,0.0,0.04,0.02,0.0,0.032,0.027,0.0,0.0
742001,743000,12-18 07:39:54.316,12-18 07:40:18.333,1000,0,73,12,4.823210363983399,71.268,0.007,0.484,0.457,0.02,0.032,0.0,0.002,0.054,0.156,0.0,0.104,0.032,0.0,0.0,0.018,0.011,0.0,0.056,0.0,0.052,0.023,0.006,0.024,0.035,0.0,0.006
743001,744000,12-18 07:40:18.334,12-18 07:40:51.496,1000,0,57,12,4.451511822545605,75.262,0.01,0.487,0.45,0.017,0.036,0.0,0.004,0.074,0.187,0.0,0.12,0.044,0.0,0.0,0.017,0.012,0.0,0.071,0.0,0.06,0.033,0.0,0.064,0.043,0.0,0.0
744001,745000,12-18 07:40:51.497,12-18 07:41:18.635,1000,0,52,12,4.270090406820564,76.473,0.001,0.492,0.428,0.013,0.066,0.0,0.002,0.06,0.209,0.0,0.144,0.016,0.0,0.0,0.006,0.008,0.0,0.07,0.0,0.072,0.017,0.0,0.058,0.032,0.0,0.002
745001,746000,12-18 07:41:18.635,12-18 07:41:47.010,1000,0,47,13,4.340947677874752,78.389,0.0,0.46,0.45,0.014,0.076,0.0,0.004,0.063,0.192,0.0,0.128,0.029,0.0,0.0,0.012,0.01,0.01,0.069,0.0,0.064,0.022,0.0,0.054,0.037,0.0,0.0
746001,747000,12-18 07:41:47.010,12-18 07:41:58.837,1000,0,154,20,6.22003965701762,69.161,0.025,0.269,0.484,0.047,0.175,0.0,0.0,0.026,0.06,0.0,0.04,0.023,0.0,0.057,0.011,0.027,0.078,0.024,0.001,0.02,0.016,0.007,0.008,0.016,0.0,0.006
747001,748000,12-18 07:41:58.837,12-18 07:42:19.453,1000,0,157,23,6.37568973936163,68.474,0.086,0.31,0.477,0.057,0.07,0.0,0.002,0.041,0.048,0.0,0.032,0.028,0.0,0.0,0.014,0.015,0.002,0.022,0.026,0.016,0.02,0.003,0.0,0.018,0.0,0.006
748001,749000,12-18 07:42:19.456,12-18 07:42:34.248,1000,0,185,27,6.3865166003290215,58.948,0.038,0.33,0.413,0.09,0.129,0.0,0.002,0.066,0.06,0.0,0.04,0.016,0.064,0.016,0.01,0.007,0.005,0.022,0.031,0.02,0.011,0.002,0.002,0.012,0.0,0.0
749001,750000,12-18 07:42:34.248,12-18 07:43:31.321,1000,0,87,21,4.700322304516818,72.957,0.029,0.141,0.664,0.1,0.066,0.0,0.006,0.025,0.024,0.0,0.016,0.064,0.0,0.0,0.022,0.017,0.01,0.018,0.15,0.008,0.05,0.002,0.0,0.024,0.0,0.006
750001,751000,12-18 07:43:31.321,12-18 07:44:52.159,1000,0,59,15,4.869514426078739,69.487,0.033,0.245,0.601,0.054,0.067,0.0,0.067,0.073,0.06,0.0,0.04,0.116,0.0,0.0,0.037,0.021,0.0,0.036,0.0,0.02,0.078,0.0,0.0,0.048,0.0,0.006
751001,752000,12-18 07:44:52.159,12-18 07:46:04.209,1000,0,97,16,5.48937459937831,62.967,0.031,0.275,0.472,0.065,0.157,0.0,0.008,0.06,0.048,0.0,0.032,0.084,0.0,0.016,0.029,0.022,0.065,0.031,0.006,0.016,0.063,0.002,0.0,0.038,0.0,0.008
752001,753000,12-18 07:46:04.949,12-18 07:46:40.518,1000,0,37,13,2.35605483808255,76.32,0.016,0.064,0.842,0.023,0.055,0.0,0.68,0.021,0.012,0.0,0.008,0.04,0.0,0.0,0.013,0.009,0.0,0.01,0.0,0.004,0.032,0.0,0.0,0.014,0.0,0.0
753001,754000,12-18 07:46:40.519,12-18 07:47:18.419,1000,0,92,16,4.957963253091518,79.923,0.019,0.136,0.621,0.073,0.151,0.0,0.213,0.064,0.012,0.0,0.008,0.044,0.0,0.016,0.015,0.016,0.065,0.011,0.0,0.004,0.031,0.0,0.0,0.016,0.0,0.008
754001,755000,12-18 07:47:18.420,12-18 07:47:50.246,1000,0,62,16,2.977348977189553,74.764,0.015,0.075,0.82,0.032,0.058,0.0,0.614,0.027,0.012,0.0,0.008,0.036,0.0,0.0,0.012,0.011,0.01,0.009,0.018,0.004,0.03,0.002,0.0,0.012,0.0,0.006
755001,756000,12-18 07:47:50.247,12-18 07:49:00.264,1000,0,57,14,4.8472853333586405,81.252,0.03,0.17,0.64,0.079,0.081,0.0,0.099,0.077,0.024,0.0,0.016,0.084,0.0,0.0,0.028,0.024,0.0,0.023,0.0,0.008,0.063,0.0,0.0,0.034,0.0,0.0
756001,757000,12-18 07:49:00.264,12-18 07:49:07.445,1000,0,49,12,2.6501025653946675,86.511,0.005,0.047,0.884,0.033,0.031,0.0,0.629,0.031,0.0,0.0,0.0,0.016,0.0,0.0,0.006,0.008,0.0,0.002,0.0,0.0,0.008,0.0,0.0,0.004,0.0,0.006
757001,758000,12-18 07:49:08.745,12-18 07:50:42.594,1000,0,49,14,4.641490215139906,67.58,0.038,0.252,0.553,0.067,0.09,0.0,0.075,0.071,0.06,0.0,0.04,0.108,0.0,0.0,0.038,0.026,0.01,0.039,0.0,0.02,0.084,0.001,0.0,0.048,0.0,0.0
758001,759000,12-18 07:50:42.594,12-18 07:50:49.285,1000,0,44,12,2.398930840818251,86.057,0.004,0.057,0.875,0.025,0.039,0.0,0.668,0.017,0.012,0.0,0.008,0.016,0.0,0.0,0.007,0.006,0.0,0.006,0.0,0.004,0.011,0.0,0.0,0.006,0.0,0.0
759001,760000,12-18 07:50:49.296,12-18 07:51:53.115,1000,0,75,14,4.302147233253534,66.385,0.028,0.128,0.664,0.038,0.142,0.0,0.333,0.029,0.024,0.0,0.016,0.076,0.0,0.016,0.023,0.015,0.065,0.021,0.0,0.008,0.056,0.0,0.0,0.03,0.0,0.002
760001,761000,12-18 07:51:53.115,12-18 07:52:29.667,1000,0,86,16,4.444202229774671,77.083,0.018,0.089,0.722,0.047,0.124,0.0,0.341,0.024,0.012,0.0,0.008,0.044,0.0,0.0,0.013,0.014,0.065,0.011,0.006,0.004,0.034,0.001,0.0,0.016,0.0,0.007
761001,762000,12-18 07:52:29.667,12-18 07:53:06.583,1000,0,41,10,2.4772747545891565,76.366,0.016,0.053,0.858,0.016,0.057,0.0,0.66,0.011,0.012,0.0,0.008,0.044,0.0,0.0,0.013,0.009,0.0,0.013,0.0,0.004,0.031,0.0,0.0,0.02,0.0,0.001
762001,763000,12-18 07:53:06.606,12-18 07:54:10.196,1000,0,79,16,5.206819883702958,76.466,0.029,0.234,0.593,0.071,0.073,0.0,0.014,0.07,0.072,0.0,0.048,0.084,0.0,0.016,0.029,0.024,0.01,0.03,0.0,0.024,0.063,0.0,0.0,0.038,0.0,0.006
763001,764000,12-18 07:54:10.198,12-18 07:55:34.865,1000,0,59,16,4.855962210356457,70.863,0.033,0.27,0.582,0.048,0.067,0.0,0.067,0.078,0.076,0.0,0.048,0.088,0.0,0.0,0.034,0.026,0.01,0.042,0.0,0.024,0.068,0.004,0.0,0.041,0.0,0.006
764001,765000,12-18 07:55:34.865,12-18 07:56:29.605,1000,0,68,13,3.921643815781936,69.893,0.024,0.119,0.698,0.032,0.127,0.0,0.408,0.032,0.02,0.0,0.016,0.068,0.0,0.016,0.022,0.013,0.055,0.015,0.0,0.008,0.052,0.001,0.0,0.025,0.0,0.002
765001,766000,12-18 07:56:29.605,12-18 07:56:57.189,1000,0,71,15,4.53620681591773,75.081,0.015,0.14,0.756,0.039,0.05,0.0,0.264,0.028,0.024,0.0,0.016,0.033,0.0,0.0,0.015,0.013,0.0,0.015,0.012,0.008,0.024,0.003,0.0,0.016,0.0,0.006
766001,767000,12-18 07:56:57.189,12-18 07:57:02.693,1000,0,176,24,6.420960873401996,62.474,0.056,0.306,0.422,0.069,0.147,0.0,0.04,0.041,0.012,0.0,0.008,0.007,0.104,0.0,0.007,0.007,0.0,0.005,0.011,0.004,0.005,0.006,0.002,0.006,0.0,0.01
767001,768000,12-18 07:57:02.693,12-18 07:57:05.615,1000,0,161,29,6.258345778891051,66.3,0.039,0.255,0.424,0.043,0.239,0.0,0.103,0.027,0.036,0.0,0.024,0.0,0.001,0.041,0.007,0.01,0.07,0.016,0.033,0.012,0.0,0.007,0.0,0.006,0.0,0.004
768001,769000,12-18 07:57:05.615,12-18 07:57:06.469,1000,0,35,7,0.9184460629008006,20.163,0.001,0.04,0.048,0.0,0.911,0.0,0.0,0.0,0.0,0.0,0.0,0.004,0.903,0.0,0.003,0.0,0.0,0.001,0.0,0.0,0.002,0.001,0.0,0.002,0.0,0.002
769001,770000,12-18 07:57:06.469,12-18 07:57:12.236,1000,0,129,17,5.878744324023723,73.789,0.055,0.29,0.49,0.038,0.127,0.0,0.0,0.054,0.036,0.0,0.024,0.012,0.112,0.0,0.021,0.049,0.0,0.013,0.002,0.012,0.009,0.015,0.018,0.008,0.0,0.002
770001,771000,12-18 07:57:12.236,12-18 07:57:53.905,1000,0,193,23,6.589405600516934,52.517,0.064,0.266,0.436,0.093,0.141,0.0,0.0,0.036,0.012,0.0,0.008,0.0,0.066,0.032,0.006,0.003,0.005,0.008,0.017,0.004,0.0,0.005,0.004,0.002,0.0,0.012
771001,772000,12-18 07:57:53.906,12-18 07:57:54.395,1000,0,172,24,6.390218513428941,63.453,0.059,0.317,0.425,0.077,0.122,0.0,0.038,0.056,0.0,0.0,0.0,0.012,0.086,0.0,0.01,0.004,0.0,0.001,0.012,0.0,0.002,0.006,0.002,0.002,0.0,0.008
772001,773000,12-18 07:57:54.395,12-18 07:57:59.508,1000,0,168,23,6.248969426270748,72.882,0.042,0.314,0.489,0.021,0.134,0.0,0.109,0.025,0.048,0.0,0.028,0.008,0.04,0.0,0.007,0.026,0.0,0.022,0.022,0.013,0.007,0.002,0.008,0.012,0.0,0.004
773001,774000,12-18 07:57:59.509,12-18 07:58:31.344,1000,0,136,20,5.982558722505937,71.277,0.01,0.292,0.61,0.027,0.061,0.0,0.004,0.06,0.024,0.0,0.02,0.044,0.0,0.0,0.017,0.009,0.01,0.007,0.001,0.011,0.027,0.004,0.008,0.014,0.0,0.004
774001,775000,12-18 07:58:31.346,12-18 07:58:59.382,1000,0,198,26,6.624760566769817,53.294,0.096,0.282,0.383,0.095,0.144,0.0,0.014,0.035,0.0,0.0,0.0,0.004,0.064,0.016,0.006,0.003,0.019,0.004,0.017,0.0,0.002,0.004,0.006,0.002,0.0,0.012
775001,776000,12-18 07:58:59.382,12-18 07:59:05.298,1000,0,52,11,2.706776970536849,74.05,0.001,0.084,0.801,0.02,0.094,0.0,0.638,0.025,0.0,0.0,0.0,0.0,0.0,0.032,0.003,0.004,0.036,0.0,0.0,0.0,0.0,0.0,0.0,0.0,0.0,0.008
776001,777000,12-18 07:59:05.298,12-18 07:59:42.982,1000,0,109,19,5.720863512403335,78.8,0.017,0.219,0.63,0.074,0.06,0.0,0.012,0.106,0.0,0.0,0.0,0.004,0.0,0.032,0.021,0.019,0.005,0.001,0.002,0.0,0.005,0.013,0.0,0.002,0.0,0.016
777001,778000,12-18 07:59:42.983,12-18 08:04:07.237,1000,0,112,23,5.751146658354619,65.764,0.017,0.196,0.502,0.067,0.218,0.0,0.0,0.034,0.0,0.0,0.0,0.012,0.0,0.064,0.021,0.009,0.115,0.001,0.04,0.0,0.006,0.009,0.0,0.002,0.0,0.018
778001,779000,12-18 08:04:07.237,12-18 08:04:10.336,1000,0,114,19,5.787185266246926,55.441,0.005,0.347,0.549,0.057,0.042,0.0,0.0,0.064,0.024,0.0,0.016,0.016,0.0,0.0,0.025,0.004,0.0,0.004,0.01,0.008,0.007,0.01,0.0,0.007,0.0,0.012
779001,780000,12-18 08:04:10.337,12-18 08:04:13.362,1000,0,72,17,3.097328827252882,78.57,0.004,0.108,0.831,0.029,0.028,0.0,0.602,0.049,0.012,0.0,0.008,0.008,0.0,0.0,0.015,0.008,0.0,0.003,0.0,0.004,0.004,0.006,0.0,0.005,0.0,0.006
780001,781000,12-18 08:04:13.362,12-18 08:05:15.769,1000,0,73,15,3.9672192404919433,84.053,0.005,0.182,0.666,0.025,0.122,0.0,0.442,0.059,0.024,0.0,0.016,0.012,0.0,0.032,0.028,0.003,0.0,0.005,0.0,0.008,0.006,0.009,0.0,0.008,0.0,0.004
781001,782000,12-18 08:05:15.770,12-18 08:05:17.153,1000,0,63,12,2.966598514500251,82.722,0.006,0.086,0.858,0.021,0.029,0.0,0.608,0.024,0.012,0.0,0.008,0.0,0.0,0.0,0.012,0.003,0.0,0.001,0.0,0.004,0.0,0.005,0.0,0.001,0.0,0.006
782001,783000,12-18 08:05:17.154,12-18 08:06:02.355,1000,0,98,16,4.607849906561332,72.355,0.009,0.149,0.748,0.038,0.056,0.0,0.38,0.036,0.012,0.0,0.008,0.012,0.0,0.032,0.022,0.002,0.005,0.004,0.0,0.004,0.009,0.013,0.0,0.007,0.0,0.014
783001,784000,12-18 08:06:02.357,12-18 08:06:46.717,1000,0,82,16,4.980656626157158,71.869,0.006,0.376,0.374,0.028,0.216,0.0,0.004,0.126,0.048,0.0,0.032,0.02,0.0,0.192,0.048,0.004,0.0,0.005,0.0,0.016,0.009,0.017,0.0,0.006,0.0,0.008
784001,785000,12-18 08:06:46.718,12-18 08:08:01.262,1000,0,67,13,4.8380629741583645,73.5,0.008,0.433,0.361,0.03,0.168,0.0,0.0,0.159,0.048,0.0,0.032,0.02,0.0,0.136,0.058,0.001,0.0,0.005,0.0,0.016,0.002,0.019,0.0,0.006,0.0,0.01
785001,786000,12-18 08:08:01.262,12-18 08:08:01.739,1000,0,174,23,6.349340419919286,66.197,0.059,0.337,0.383,0.063,0.158,0.0,0.058,0.053,0.0,0.0,0.0,0.0,0.088,0.008,0.012,0.003,0.0,0.0,0.01,0.0,0.0,0.008,0.002,0.0,0.0,0.006
786001,787000,12-18 08:08:01.739,12-18 08:08:03.893,1000,0,163,28,6.240623322570961,63.601,0.022,0.255,0.437,0.039,0.247,0.0,0.0,0.038,0.036,0.0,0.024,0.004,0.056,0.0,0.013,0.019,0.11,0.014,0.023,0.012,0.002,0.013,0.0,0.007,0.0,0.006
787001,788000,12-18 08:08:03.896,12-18 08:08:14.964,1000,0,100,14,4.565926769533562,88.541,0.019,0.202,0.667,0.019,0.093,0.0,0.349,0.021,0.06,0.0,0.04,0.019,0.0,0.0,0.005,0.027,0.0,0.023,0.001,0.02,0.013,0.0,0.016,0.013,0.0,0.0
788001,789000,12-18 08:08:14.965,12-18 08:08:41.943,1000,0,79,16,4.8560642079230645,78.511,0.0,0.434,0.463,0.018,0.085,0.0,0.002,0.091,0.156,0.0,0.104,0.065,0.0,0.0,0.028,0.008,0.0,0.055,0.0,0.052,0.037,0.01,0.012,0.046,0.0,0.0
789001,790000,12-18 08:08:41.944,12-18 08:09:00.027,1000,0,70,16,4.719072508796063,76.017,0.001,0.447,0.452,0.02,0.08,0.0,0.002,0.114,0.168,0.0,0.112,0.052,0.0,0.0,0.023,0.006,0.01,0.044,0.0,0.056,0.024,0.014,0.02,0.037,0.0,0.002
790001,791000,12-18 08:09:00.036,12-18 08:09:18.726,1000,0,71,16,4.702841552597805,82.462,0.004,0.471,0.42,0.042,0.063,0.0,0.004,0.141,0.156,0.0,0.104,0.028,0.0,0.0,0.021,0.01,0.0,0.046,0.0,0.052,0.016,0.013,0.012,0.025,0.0,0.0
791001,792000,12-18 08:09:18.726,12-18 08:09:46.615,1000,0,63,14,4.776736712958447,74.987,0.017,0.492,0.425,0.019,0.047,0.0,0.002,0.111,0.153,0.0,0.096,0.052,0.0,0.0,0.027,0.009,0.0,0.043,0.0,0.048,0.031,0.014,0.056,0.037,0.0,0.0
792001,793000,12-18 08:09:46.615,12-18 08:10:07.741,1000,0,57,13,4.455117783539765,78.644,0.003,0.485,0.47,0.013,0.029,0.0,0.004,0.117,0.183,0.0,0.128,0.04,0.0,0.0,0.026,0.009,0.0,0.054,0.0,0.064,0.026,0.016,0.028,0.042,0.0,0.002
793001,794000,12-18 08:10:07.741,12-18 08:10:27.327,1000,0,65,14,4.680048774559063,77.89,0.004,0.478,0.441,0.022,0.055,0.0,0.001,0.123,0.168,0.0,0.112,0.048,0.0,0.0,0.026,0.008,0.0,0.046,0.0,0.056,0.022,0.014,0.024,0.035,0.0,0.0
794001,795000,12-18 08:10:27.327,12-18 08:10:55.120,1000,0,63,13,4.613627155330871,76.993,0.006,0.499,0.425,0.018,0.052,0.0,0.003,0.127,0.168,0.0,0.112,0.048,0.0,0.0,0.026,0.009,0.01,0.047,0.0,0.056,0.027,0.015,0.04,0.034,0.0,0.0
795001,796000,12-18 08:10:55.120,12-18 08:11:02.150,1000,0,145,24,6.0604486768583845,78.462,0.037,0.224,0.513,0.036,0.158,0.032,0.0,0.034,0.036,0.0,0.024,0.004,0.0,0.0,0.01,0.044,0.0,0.013,0.008,0.012,0.004,0.013,0.008,0.007,0.0,0.002
796001,797000,12-18 08:11:02.174,12-18 08:11:24.202,1000,0,103,20,5.147733395672844,74.791,0.009,0.404,0.441,0.059,0.087,0.0,0.002,0.081,0.144,0.0,0.096,0.053,0.0,0.0,0.017,0.004,0.0,0.05,0.0,0.048,0.026,0.007,0.02,0.033,0.0,0.002
797001,798000,12-18 08:11:24.202,12-18 08:11:55.180,1000,0,46,11,4.085563182621176,79.013,0.0,0.506,0.452,0.013,0.029,0.0,0.004,0.074,0.228,0.0,0.152,0.039,0.0,0.0,0.016,0.009,0.0,0.075,0.0,0.076,0.029,0.006,0.05,0.044,0.0,0.0
798001,799000,12-18 08:11:55.180,12-18 08:12:23.620,1000,0,63,14,4.781667085683378,75.672,0.001,0.502,0.437,0.015,0.045,0.0,0.002,0.11,0.132,0.0,0.088,0.036,0.0,0.0,0.02,0.008,0.0,0.042,0.0,0.044,0.025,0.009,0.102,0.031,0.0,0.002
799001,800000,12-18 08:12:23.620,12-18 08:12:53.093,1000,0,59,13,4.5669619865531645,77.364,0.0,0.436,0.504,0.015,0.045,0.0,0.063,0.074,0.168,0.0,0.112,0.06,0.0,0.0,0.026,0.009,0.01,0.06,0.0,0.056,0.039,0.009,0.032,0.05,0.0,0.0
800001,801000,12-18 08:12:53.093,12-18 08:13:12.897,1000,0,97,20,5.0401587186284615,78.218,0.008,0.414,0.507,0.02,0.051,0.0,0.002,0.094,0.156,0.0,0.104,0.052,0.0,0.016,0.026,0.009,0.004,0.051,0.0,0.052,0.032,0.013,0.012,0.043,0.0,0.002
801001,802000,12-18 08:13:12.897,12-18 08:13:18.989,1000,0,160,21,5.949681737548327,64.933,0.071,0.292,0.397,0.041,0.199,0.0,0.0,0.068,0.036,0.0,0.024,0.02,0.064,0.0,0.011,0.002,0.111,0.012,0.0,0.012,0.013,0.005,0.014,0.011,0.0,0.002
802001,803000,12-18 08:13:18.989,12-18 08:13:34.268,1000,0,164,20,6.005002174809914,65.422,0.029,0.408,0.375,0.062,0.126,0.0,0.0,0.118,0.06,0.0,0.032,0.012,0.0,0.08,0.035,0.002,0.005,0.008,0.017,0.016,0.002,0.015,0.0,0.008,0.0,0.012
803001,804000,12-18 08:13:34.268,12-18 08:14:12.743,1000,0,134,18,5.835613591159525,69.193,0.013,0.441,0.334,0.054,0.158,0.0,0.0,0.127,0.048,0.0,0.04,0.008,0.042,0.08,0.036,0.001,0.005,0.007,0.0,0.02,0.003,0.012,0.002,0.005,0.0,0.004
804001,805000,12-18 08:14:12.743,12-18 08:14:13.218,1000,0,193,29,6.479431211165796,64.187,0.071,0.262,0.502,0.046,0.119,0.0,0.083,0.029,0.0,0.0,0.0,0.004,0.064,0.0,0.007,0.006,0.0,0.005,0.027,0.0,0.002,0.006,0.0,0.002,0.0,0.012
805001,806000,12-18 08:14:13.218,12-18 08:14:37.175,1000,0,88,19,4.931871017527271,75.752,0.005,0.444,0.413,0.026,0.112,0.0,0.056,0.077,0.168,0.0,0.104,0.036,0.022,0.0,0.017,0.013,0.0,0.058,0.018,0.052,0.02,0.005,0.024,0.033,0.0,0.0
806001,807000,12-18 08:14:37.178,12-18 08:15:00.082,1000,0,65,15,4.54160252818205,77.346,0.003,0.454,0.47,0.023,0.05,0.0,0.002,0.127,0.168,0.0,0.12,0.064,0.0,0.0,0.026,0.007,0.0,0.054,0.0,0.06,0.03,0.012,0.012,0.043,0.0,0.002
807001,808000,12-18 08:15:00.134,12-18 08:15:09.196,1000,0,92,20,4.5295795998981685,60.318,0.0,0.679,0.211,0.031,0.079,0.0,0.0,0.068,0.036,0.319,0.024,0.028,0.0,0.0,0.012,0.005,0.0,0.013,0.028,0.012,0.009,0.008,0.008,0.007,0.0,0.0
808001,809000,12-18 08:15:09.196,12-18 08:15:09.597,1000,0,74,14,2.4581083132864143,60.508,0.002,0.81,0.103,0.009,0.076,0.0,0.0,0.013,0.012,0.708,0.01,0.007,0.0,0.0,0.009,0.005,0.0,0.001,0.002,0.01,0.0,0.01,0.0,0.001,0.0,0.0
809001,810000,12-18 08:15:09.597,12-18 08:15:29.234,1000,0,84,16,4.795939145214879,72.197,0.007,0.537,0.373,0.02,0.063,0.0,0.002,0.047,0.144,0.156,0.098,0.043,0.0,0.0,0.018,0.005,0.0,0.049,0.002,0.05,0.018,0.016,0.016,0.027,0.0,0.0
810001,811000,12-18 08:15:29.401,12-18 08:15:54.212,1000,0,94,18,5.027877129590884,73.089,0.001,0.473,0.414,0.021,0.091,0.0,0.004,0.057,0.156,0.083,0.104,0.044,0.0,0.0,0.017,0.008,0.01,0.059,0.005,0.052,0.027,0.005,0.024,0.037,0.0,0.0
811001,812000,12-18 08:15:54.212,12-18 08:16:18.606,1000,0,98,20,5.506814430412109,74.4,0.001,0.456,0.437,0.026,0.08,0.0,0.026,0.088,0.111,0.014,0.072,0.041,0.0,0.0,0.026,0.011,0.0,0.038,0.002,0.036,0.024,0.017,0.024,0.029,0.0,0.002
812001,813000,12-18 08:16:18.606,12-18 08:16:48.188,1000,0,67,13,4.429203445036454,75.432,0.005,0.464,0.489,0.011,0.031,0.0,0.002,0.057,0.212,0.0,0.136,0.052,0.0,0.0,0.017,0.007,0.0,0.071,0.0,0.068,0.035,0.005,0.044,0.045,0.0,0.0
813001,814000,12-18 08:16:48.188,12-18 08:17:05.782,1000,0,116,22,5.477551191518429,72.699,0.064,0.419,0.441,0.035,0.041,0.0,0.002,0.095,0.121,0.0,0.088,0.04,0.0,0.0,0.021,0.006,0.0,0.038,0.0,0.044,0.022,0.013,0.012,0.028,0.0,0.002
814001,815000,12-18 08:17:05.782,12-18 08:17:14.179,1000,0,126,19,5.899781958107552,64.177,0.112,0.332,0.461,0.064,0.031,0.0,0.002,0.055,0.072,0.0,0.048,0.016,0.0,0.0,0.01,0.006,0.0,0.016,0.002,0.024,0.007,0.01,0.002,0.013,0.0,0.037
815001,816000,12-18 08:17:14.179,12-18 08:17:20.810,1000,0,139,20,5.8967869200860425,73.517,0.032,0.345,0.475,0.051,0.097,0.0,0.0,0.072,0.084,0.0,0.053,0.02,0.0,0.0,0.02,0.046,0.05,0.023,0.009,0.026,0.006,0.025,0.05,0.011,0.0,0.022
816001,817000,12-18 08:17:20.810,12-18 08:17:33.231,1000,0,103,20,5.341303841949031,80.582,0.03,0.472,0.444,0.029,0.025,0.0,0.0,0.076,0.12,0.0,0.082,0.016,0.0,0.0,0.02,0.03,0.0,0.036,0.003,0.041,0.01,0.02,0.092,0.019,0.0,0.0
817001,818000,12-18 08:17:33.232,12-18 08:17:58.817,1000,0,66,15,4.488869922267374,80.423,0.0,0.481,0.451,0.021,0.047,0.0,0.004,0.101,0.192,0.0,0.129,0.048,0.0,0.0,0.027,0.011,0.01,0.063,0.0,0.065,0.026,0.011,0.012,0.043,0.0,0.0
818001,819000,12-18 08:17:58.817,12-18 08:18:08.383,1000,0,133,18,5.913139033822064,68.99,0.094,0.343,0.475,0.05,0.038,0.0,0.0,0.054,0.096,0.0,0.064,0.024,0.0,0.0,0.01,0.007,0.0,0.027,0.0,0.032,0.011,0.007,0.008,0.016,0.0,0.021
819001,820000,12-18 08:18:08.383,12-18 08:18:21.902,1000,0,109,17,5.523309397633073,76.973,0.029,0.384,0.511,0.049,0.027,0.0,0.002,0.045,0.096,0.0,0.064,0.02,0.0,0.0,0.018,0.04,0.0,0.035,0.001,0.032,0.014,0.013,0.116,0.018,0.0,0.018
820001,821000,12-18 08:18:21.902,12-18 08:18:34.735,1000,0,142,22,6.125350699524157,75.857,0.085,0.314,0.462,0.048,0.091,0.0,0.061,0.044,0.048,0.0,0.032,0.016,0.0,0.0,0.019,0.03,0.06,0.018,0.001,0.016,0.009,0.015,0.016,0.011,0.0,0.0
821001,822000,12-18 08:18:34.746,12-18 08:18:43.617,1000,0,139,21,5.967894374782327,74.55,0.046,0.321,0.565,0.047,0.021,0.0,0.0,0.047,0.091,0.0,0.056,0.016,0.0,0.0,0.017,0.036,0.0,0.031,0.001,0.028,0.011,0.014,0.04,0.016,0.0,0.033
822001,823000,12-18 08:18:43.617,12-18 08:19:02.431,1000,0,85,18,5.3061069958449485,79.954,0.044,0.407,0.466,0.029,0.054,0.0,0.008,0.077,0.113,0.0,0.08,0.02,0.0,0.0,0.023,0.023,0.0,0.033,0.0,0.04,0.016,0.018,0.066,0.021,0.0,0.002
823001,824000,12-18 08:19:02.432,12-18 08:19:28.588,1000,0,103,20,5.228313865784444,85.243,0.009,0.427,0.495,0.044,0.025,0.0,0.002,0.096,0.141,0.0,0.088,0.04,0.0,0.0,0.03,0.034,0.0,0.044,0.001,0.044,0.026,0.018,0.006,0.035,0.0,0.0
824001,825000,12-18 08:19:28.588,12-18 08:20:03.966,1000,0,72,16,4.975468655170432,74.175,0.001,0.419,0.492,0.025,0.063,0.0,0.004,0.105,0.123,0.0,0.084,0.076,0.0,0.0,0.031,0.011,0.01,0.041,0.0,0.04,0.046,0.012,0.032,0.042,0.0,0.002
825001,826000,12-18 08:20:03.967,12-18 08:20:42.452,1000,0,54,14,4.6295370153692135,77.208,0.0,0.465,0.482,0.018,0.035,0.0,0.004,0.098,0.156,0.0,0.105,0.068,0.0,0.0,0.032,0.012,0.0,0.053,0.0,0.054,0.046,0.013,0.028,0.048,0.0,0.0
826001,827000,12-18 08:20:42.452,12-18 08:21:11.927,1000,0,112,20,5.311911137518621,71.489,0.01,0.396,0.448,0.023,0.123,0.0,0.002,0.066,0.132,0.0,0.091,0.044,0.0,0.016,0.013,0.007,0.055,0.048,0.0,0.046,0.024,0.003,0.048,0.032,0.0,0.002
827001,828000,12-18 08:21:12.042,12-18 08:21:37.717,1000,0,76,16,4.827564461637233,78.184,0.002,0.438,0.496,0.014,0.05,0.0,0.004,0.07,0.191,0.0,0.12,0.044,0.0,0.0,0.021,0.005,0.0,0.062,0.0,0.06,0.027,0.011,0.024,0.037,0.0,0.004
828001,829000,12-18 08:21:37.717,12-18 08:22:06.913,1000,0,99,18,4.811084558108335,76.888,0.007,0.44,0.488,0.019,0.046,0.0,0.002,0.058,0.199,0.0,0.136,0.044,0.0,0.0,0.015,0.007,0.01,0.07,0.0,0.068,0.027,0.004,0.02,0.037,0.0,0.004
829001,830000,12-18 08:22:06.913,12-18 08:22:39.097,1000,0,72,14,4.587321983501091,78.856,0.005,0.423,0.495,0.047,0.03,0.0,0.004,0.028,0.2,0.0,0.136,0.036,0.0,0.0,0.012,0.027,0.0,0.075,0.012,0.068,0.027,0.004,0.028,0.042,0.0,0.002
830001,831000,12-18 08:22:39.097,12-18 08:23:04.319,1000,0,87,14,4.948651047180884,75.705,0.004,0.504,0.418,0.043,0.031,0.0,0.002,0.04,0.106,0.0,0.072,0.036,0.0,0.0,0.015,0.026,0.0,0.037,0.0,0.036,0.027,0.0,0.0,0.026,0.0,0.002
831001,832000,12-18 08:23:05.216,12-18 08:23:06.839,1000,0,151,23,6.049048274636911,57.695,0.041,0.371,0.335,0.086,0.167,0.0,0.0,0.089,0.012,0.0,0.008,0.0,0.12,0.0,0.006,0.005,0.0,0.012,0.02,0.004,0.0,0.004,0.004,0.001,0.0,0.0
832001,833000,12-18 08:23:06.840,12-18 08:23:29.187,1000,0,98,23,5.017677581652179,75.749,0.001,0.399,0.485,0.021,0.094,0.0,0.061,0.053,0.168,0.0,0.107,0.04,0.04,0.0,0.014,0.006,0.0,0.059,0.011,0.052,0.022,0.004,0.016,0.035,0.0,0.002
833001,834000,12-18 08:23:29.187,12-18 08:23:50.142,1000,0,126,16,5.7606494493493345,69.371,0.003,0.323,0.598,0.036,0.04,0.0,0.002,0.046,0.12,0.0,0.085,0.036,0.0,0.0,0.015,0.014,0.01,0.045,0.009,0.044,0.02,0.006,0.012,0.026,0.0,0.006
834001,835000,12-18 08:23:50.142,12-18 08:24:30.724,1000,0,81,14,4.85581780503788,77.581,0.001,0.458,0.484,0.02,0.037,0.0,0.004,0.087,0.156,0.0,0.104,0.056,0.0,0.0,0.022,0.012,0.0,0.056,0.0,0.052,0.04,0.006,0.046,0.042,0.0,0.002
835001,836000,12-18 08:24:30.724,12-18 08:24:59.628,1000,0,81,15,4.963809797486139,73.046,0.005,0.398,0.544,0.015,0.038,0.0,0.004,0.057,0.12,0.0,0.08,0.044,0.0,0.0,0.013,0.006,0.0,0.044,0.0,0.04,0.027,0.003,0.05,0.029,0.0,0.0
836001,837000,12-18 08:24:59.641,12-18 08:25:30.076,1000,0,89,19,5.119808124897653,77.116,0.008,0.415,0.515,0.022,0.04,0.0,0.002,0.053,0.156,0.0,0.104,0.051,0.0,0.0,0.015,0.008,0.0,0.059,0.0,0.052,0.031,0.0,0.028,0.035,0.0,0.002
837001,838000,12-18 08:25:30.077,12-18 08:25:52.420,1000,0,82,17,5.026028318069986,73.44,0.002,0.441,0.431,0.04,0.086,0.0,0.002,0.159,0.096,0.0,0.064,0.069,0.0,0.0,0.026,0.004,0.01,0.029,0.012,0.032,0.019,0.009,0.032,0.019,0.0,0.004
838001,839000,12-18 08:25:52.422,12-18 08:26:14.053,1000,0,61,11,4.357335845460314,74.536,0.003,0.417,0.551,0.011,0.018,0.0,0.004,0.013,0.12,0.0,0.077,0.028,0.0,0.0,0.007,0.007,0.0,0.045,0.0,0.038,0.02,0.0,0.008,0.025,0.0,0.002
839001,840000,12-18 08:26:14.053,12-18 08:26:39.016,1000,0,60,14,4.4020952861979685,77.777,0.0,0.477,0.438,0.027,0.058,0.0,0.002,0.13,0.18,0.0,0.123,0.064,0.0,0.0,0.024,0.005,0.0,0.048,0.0,0.062,0.022,0.009,0.012,0.036,0.0,0.0
840001,841000,12-18 08:26:39.018,12-18 08:26:53.847,1000,0,66,13,5.124750396101962,68.831,0.01,0.332,0.628,0.01,0.02,0.0,0.002,0.048,0.108,0.0,0.072,0.04,0.0,0.0,0.032,0.003,0.0,0.033,0.0,0.036,0.022,0.016,0.004,0.028,0.0,0.02
841001,842000,12-18 08:26:53.848,12-18 08:27:01.348,1000,0,58,12,4.442781576226406,77.101,0.002,0.505,0.399,0.03,0.064,0.0,0.0,0.2,0.131,0.0,0.08,0.052,0.0,0.0,0.037,0.003,0.0,0.018,0.0,0.04,0.006,0.028,0.0,0.013,0.0,0.004
842001,843000,12-18 08:27:01.348,12-18 08:27:31.565,1000,0,85,14,5.019722641341004,71.291,0.006,0.361,0.444,0.024,0.165,0.0,0.002,0.025,0.145,0.0,0.102,0.036,0.0,0.016,0.015,0.006,0.12,0.055,0.0,0.05,0.027,0.002,0.028,0.034,0.0,0.004
843001,844000,12-18 08:27:31.565,12-18 08:28:16.346,1000,0,67,17,4.988293853941861,78.326,0.001,0.411,0.47,0.045,0.073,0.0,0.006,0.104,0.108,0.0,0.074,0.08,0.0,0.0,0.026,0.011,0.01,0.046,0.0,0.038,0.043,0.0,0.02,0.034,0.0,0.002
844001,845000,12-18 08:28:16.347,12-18 08:28:49.673,1000,0,54,12,4.642508995198581,77.374,0.0,0.448,0.467,0.033,0.052,0.0,0.061,0.115,0.132,0.0,0.083,0.08,0.0,0.0,0.03,0.011,0.0,0.046,0.0,0.04,0.033,0.006,0.024,0.034,0.0,0.0
845001,846000,12-18 08:28:49.673,12-18 08:29:14.825,1000,0,80,17,4.883787614970516,72.788,0.006,0.39,0.525,0.041,0.038,0.0,0.01,0.073,0.142,0.0,0.093,0.028,0.0,0.0,0.009,0.009,0.0,0.048,0.0,0.048,0.019,0.008,0.028,0.023,0.0,0.002
846001,847000,12-18 08:29:14.825,12-18 08:29:51.305,1000,0,81,18,4.835234494855861,75.747,0.005,0.46,0.454,0.017,0.064,0.0,0.002,0.085,0.158,0.0,0.112,0.052,0.0,0.0,0.017,0.007,0.01,0.053,0.0,0.056,0.031,0.006,0.06,0.036,0.0,0.0
847001,848000,12-18 08:29:51.306,12-18 08:29:55.846,1000,0,176,21,6.46356602328238,74.182,0.064,0.278,0.491,0.053,0.114,0.0,0.002,0.045,0.024,0.0,0.016,0.004,0.064,0.0,0.013,0.034,0.0,0.009,0.001,0.008,0.005,0.012,0.008,0.006,0.0,0.006
848001,849000,12-18 08:29:55.846,12-18 08:29:58.484,1000,0,203,22,6.753991095244896,54.727,0.047,0.277,0.511,0.091,0.074,0.0,0.0,0.045,0.0,0.0,0.0,0.0,0.0,0.032,0.007,0.01,0.005,0.003,0.017,0.0,0.0,0.006,0.002,0.0,0.0,0.012
849001,850000,12-18 08:29:58.484,12-18 08:30:08.657,1000,0,179,26,6.4648430634465655,68.428,0.018,0.346,0.51,0.055,0.071,0.0,0.0,0.076,0.048,0.0,0.032,0.026,0.0,0.0,0.016,0.009,0.0,0.019,0.002,0.016,0.013,0.007,0.01,0.012,0.0,0.016
850001,851000,12-18 08:30:08.657,12-18 08:31:28.520,1000,0,177,26,5.94688654602138,60.43,0.022,0.287,0.293,0.074,0.324,0.0,0.0,0.033,0.012,0.0,0.008,0.006,0.0,0.208,0.01,0.012,0.06,0.008,0.004,0.004,0.005,0.004,0.002,0.004,0.0,0.012
851001,852000,12-18 08:31:28.520,12-18 08:33:34.422,1000,0,95,16,5.110320722686189,70.327,0.022,0.303,0.406,0.095,0.174,0.0,0.0,0.125,0.0,0.0,0.0,0.02,0.0,0.056,0.021,0.011,0.084,0.003,0.0,0.0,0.016,0.001,0.0,0.006,0.0,0.014
852001,853000,12-18 08:33:34.422,12-18 08:35:36.983,1000,0,112,18,5.583139412653809,74.161,0.018,0.363,0.389,0.074,0.156,0.0,0.0,0.136,0.024,0.0,0.016,0.032,0.0,0.056,0.03,0.013,0.046,0.006,0.027,0.008,0.018,0.008,0.0,0.01,0.0,0.006
853001,854000,12-18 08:35:36.984,12-18 08:36:02.729,1000,0,64,16,3.44315443844089,79.975,0.008,0.187,0.738,0.016,0.051,0.0,0.519,0.067,0.024,0.0,0.016,0.008,0.0,0.032,0.022,0.003,0.0,0.004,0.0,0.008,0.004,0.008,0.0,0.006,0.0,0.004
854001,855000,12-18 08:36:02.729,12-18 08:37:07.047,1000,0,85,14,4.936949155506124,74.01,0.004,0.404,0.326,0.039,0.227,0.0,0.031,0.174,0.048,0.0,0.032,0.044,0.0,0.112,0.038,0.003,0.053,0.005,0.0,0.016,0.009,0.013,0.0,0.006,0.0,0.002
855001,856000,12-18 08:37:07.048,12-18 08:38:00.206,1000,0,176,26,6.322361437480029,64.308,0.063,0.324,0.365,0.071,0.177,0.0,0.058,0.061,0.0,0.0,0.0,0.008,0.088,0.016,0.009,0.003,0.007,0.006,0.006,0.0,0.0,0.006,0.002,0.0,0.0,0.006
856001,857000,12-18 08:38:00.206,12-18 08:38:00.814,1000,0,100,17,3.3355797450660916,69.118,0.019,0.122,0.727,0.01,0.122,0.0,0.579,0.004,0.036,0.0,0.024,0.0,0.024,0.0,0.002,0.0,0.06,0.005,0.001,0.012,0.0,0.001,0.0,0.006,0.0,0.004
857001,858000,12-18 08:38:00.814,12-18 08:38:02.776,1000,0,118,20,4.751621131655443,84.699,0.005,0.152,0.669,0.043,0.131,0.0,0.361,0.013,0.012,0.0,0.008,0.0,0.0,0.0,0.009,0.023,0.0,0.004,0.026,0.004,0.0,0.01,0.0,0.002,0.0,0.002
858001,859000,12-18 08:38:02.777,12-18 08:38:06.808,1000,0,147,20,5.501501436427913,70.519,0.06,0.218,0.513,0.063,0.146,0.0,0.231,0.03,0.024,0.0,0.016,0.008,0.064,0.016,0.005,0.006,0.005,0.01,0.033,0.008,0.007,0.003,0.004,0.008,0.0,0.0
859001,860000,12-18 08:38:06.808,12-18 08:39:10.775,1000,0,151,22,4.957268468800698,65.914,0.039,0.196,0.626,0.057,0.082,0.0,0.378,0.029,0.012,0.0,0.008,0.0,0.0,0.048,0.006,0.004,0.0,0.007,0.017,0.004,0.0,0.004,0.002,0.002,0.0,0.01
860001,861000,12-18 08:39:10.775,12-18 08:40:38.997,1000,0,71,14,4.202211977967613,83.581,0.007,0.141,0.654,0.057,0.141,0.0,0.322,0.054,0.0,0.0,0.0,0.016,0.0,0.096,0.01,0.01,0.0,0.002,0.0,0.0,0.011,0.0,0.0,0.004,0.0,0.006
861001,862000,12-18 08:40:38.998,12-18 08:41:48.111,1000,0,62,14,2.66194470957886,82.553,0.006,0.054,0.805,0.026,0.109,0.0,0.63,0.006,0.0,0.0,0.0,0.004,0.0,0.023,0.004,0.005,0.055,0.001,0.0,0.0,0.005,0.0,0.0,0.002,0.0,0.002
862001,863000,12-18 08:41:48.111,12-18 08:42:52.192,1000,0,18,7,1.0119323112907959,79.679,0.0,0.054,0.867,0.005,0.074,0.0,0.86,0.0,0.0,0.0,0.0,0.0,0.0,0.041,0.004,0.0,0.0,0.0,0.0,0.0,0.0,0.0,0.0,0.0,0.0,0.0
863001,864000,12-18 08:42:52.192,12-18 08:43:02.267,1000,0,80,14,3.775332865895683,74.205,0.005,0.2,0.638,0.02,0.137,0.0,0.452,0.073,0.036,0.0,0.019,0.012,0.0,0.032,0.025,0.002,0.065,0.004,0.0,0.008,0.002,0.01,0.0,0.005,0.0,0.002
864001,865000,12-18 08:43:02.267,12-18 08:44:05.153,1000,0,85,14,3.4352182867598815,82.051,0.004,0.135,0.764,0.019,0.078,0.0,0.542,0.042,0.012,0.0,0.013,0.0,0.0,0.048,0.014,0.003,0.01,0.001,0.0,0.008,0.0,0.004,0.0,0.001,0.0,0.006
865001,866000,12-18 08:44:05.153,12-18 08:44:09.128,1000,0,77,16,2.7434396581017544,77.56,0.002,0.117,0.803,0.018,0.06,0.0,0.662,0.048,0.012,0.0,0.008,0.012,0.0,0.016,0.012,0.003,0.0,0.002,0.008,0.004,0.009,0.006,0.0,0.003,0.0,0.002
866001,867000,12-18 08:44:09.129,12-18 08:45:49.615,1000,0,76,15,4.87194355664042,77.463,0.016,0.437,0.332,0.05,0.165,0.0,0.002,0.176,0.048,0.0,0.032,0.032,0.0,0.078,0.049,0.008,0.055,0.01,0.0,0.016,0.019,0.012,0.0,0.016,0.0,0.0
867001,868000,12-18 08:45:49.615,12-18 08:46:59.182,1000,0,95,15,5.138742390236007,75.576,0.014,0.441,0.357,0.027,0.161,0.0,0.006,0.137,0.06,0.0,0.04,0.008,0.0,0.13,0.052,0.001,0.01,0.007,0.0,0.02,0.007,0.017,0.0,0.009,0.0,0.008
868001,869000,12-18 08:46:59.185,12-18 08:49:14.419,1000,0,100,15,5.170838574626256,83.442,0.006,0.285,0.563,0.04,0.106,0.0,0.158,0.096,0.036,0.0,0.024,0.012,0.0,0.048,0.03,0.007,0.0,0.004,0.0,0.012,0.005,0.011,0.0,0.005,0.0,0.01
869001,870000,12-18 08:49:14.419,12-18 08:49:33.585,1000,0,65,16,3.135259017867573,81.266,0.006,0.194,0.652,0.017,0.131,0.0,0.518,0.1,0.012,0.0,0.008,0.012,0.0,0.104,0.017,0.006,0.004,0.002,0.0,0.004,0.006,0.007,0.0,0.003,0.0,0.0
870001,871000,12-18 08:49:33.585,12-18 08:50:50.696,1000,0,98,18,4.984155833075163,72.554,0.01,0.365,0.336,0.051,0.238,0.0,0.0,0.16,0.036,0.0,0.024,0.024,0.0,0.088,0.038,0.008,0.111,0.005,0.002,0.012,0.014,0.013,0.0,0.007,0.0,0.002
871001,872000,12-18 08:50:50.696,12-18 08:51:59.163,1000,0,75,16,4.659893903039432,76.267,0.004,0.392,0.36,0.022,0.222,0.0,0.0,0.139,0.048,0.0,0.032,0.04,0.0,0.192,0.05,0.003,0.005,0.014,0.024,0.016,0.023,0.017,0.0,0.024,0.0,0.006
872001,873000,12-18 08:51:59.190,12-18 08:55:47.753,1000,0,93,15,5.381770936667449,64.37,0.018,0.239,0.487,0.07,0.186,0.0,0.0,0.069,0.012,0.0,0.008,0.0,0.0,0.048,0.027,0.005,0.115,0.001,0.0,0.004,0.003,0.009,0.0,0.001,0.0,0.02
873001,874000,12-18 08:55:47.755,12-18 09:00:13.026,1000,0,96,17,5.358114417101593,67.294,0.014,0.208,0.465,0.064,0.249,0.0,0.018,0.08,0.0,0.0,0.0,0.008,0.0,0.112,0.016,0.009,0.115,0.0,0.0,0.0,0.007,0.004,0.0,0.0,0.0,0.018
874001,875000,12-18 09:00:13.026,12-18 09:01:04.417,1000,0,88,18,5.437804964039481,60.949,0.008,0.212,0.672,0.047,0.061,0.0,0.002,0.068,0.0,0.0,0.0,0.0,0.0,0.048,0.018,0.009,0.0,0.0,0.014,0.0,0.003,0.014,0.0,0.0,0.0,0.018
875001,876000,12-18 09:01:04.417,12-18 09:04:41.698,1000,0,91,18,4.894114349382005,70.591,0.014,0.363,0.315,0.056,0.252,0.0,0.0,0.062,0.0,0.0,0.0,0.008,0.0,0.224,0.03,0.008,0.005,0.0,0.0,0.0,0.008,0.008,0.0,0.0,0.0,0.012
876001,877000,12-18 09:04:41.698,12-18 09:06:01.935,1000,0,126,18,5.538186447574831,65.427,0.019,0.301,0.361,0.06,0.259,0.0,0.0,0.115,0.024,0.0,0.016,0.028,0.0,0.08,0.027,0.004,0.13,0.003,0.002,0.008,0.011,0.011,0.0,0.004,0.0,0.004
877001,878000,12-18 09:06:01.935,12-18 09:09:45.255,1000,0,113,20,5.874643473188679,57.092,0.008,0.325,0.497,0.074,0.096,0.0,0.012,0.031,0.0,0.0,0.0,0.004,0.0,0.032,0.015,0.006,0.0,0.001,0.01,0.0,0.002,0.007,0.0,0.002,0.0,0.018
878001,879000,12-18 09:09:45.256,12-18 09:10:57.952,1000,0,130,21,5.88028129793987,69.296,0.098,0.3,0.384,0.082,0.136,0.0,0.006,0.094,0.0,0.0,0.0,0.016,0.0,0.048,0.017,0.012,0.055,0.002,0.002,0.0,0.014,0.006,0.0,0.004,0.0,0.006
879001,880000,12-18 09:10:57.952,12-18 09:10:58.436,1000,0,180,25,6.335081989598042,60.018,0.061,0.316,0.35,0.07,0.203,0.0,0.007,0.058,0.012,0.0,0.008,0.008,0.088,0.016,0.006,0.003,0.065,0.003,0.006,0.004,0.0,0.005,0.002,0.002,0.0,0.009
880001,881000,12-18 09:10:58.436,12-18 09:11:00.301,1000,0,165,28,6.302013906680531,66.934,0.022,0.253,0.458,0.042,0.225,0.0,0.057,0.015,0.036,0.0,0.024,0.0,0.104,0.0,0.012,0.021,0.0,0.008,0.027,0.012,0.0,0.013,0.0,0.006,0.0,0.012
881001,882000,12-18 09:11:00.301,12-18 09:11:05.420,1000,0,123,18,5.729654436118539,82.027,0.024,0.239,0.679,0.03,0.028,0.0,0.028,0.037,0.048,0.0,0.032,0.008,0.0,0.0,0.013,0.032,0.0,0.018,0.007,0.016,0.004,0.013,0.012,0.01,0.0,0.004
882001,883000,12-18 09:11:05.420,12-18 09:11:07.315,1000,0,16,5,0.3164503679993524,81.085,0.0,0.005,0.906,0.001,0.088,0.0,0.968,0.0,0.0,0.0,0.0,0.0,0.0,0.0,0.0,0.0,0.0,0.0,0.0,0.0,0.003,0.0,0.0,0.0,0.0,0.0
883001,884000,12-18 09:11:07.316,12-18 09:11:18.650,1000,0,78,14,4.801161762839933,71.808,0.012,0.26,0.663,0.013,0.052,0.0,0.171,0.026,0.06,0.0,0.04,0.032,0.0,0.0,0.011,0.004,0.0,0.024,0.0,0.02,0.015,0.003,0.006,0.016,0.0,0.0
884001,885000,12-18 09:11:18.650,12-18 09:11:25.945,1000,0,114,17,5.832993389634909,87.878,0.039,0.299,0.54,0.053,0.069,0.0,0.0,0.024,0.06,0.0,0.04,0.008,0.0,0.0,0.031,0.081,0.0,0.022,0.002,0.02,0.004,0.031,0.01,0.012,0.0,0.0
885001,886000,12-18 09:11:25.945,12-18 09:11:49.685,1000,0,64,11,5.014248088293153,72.322,0.006,0.429,0.533,0.015,0.017,0.0,0.004,0.028,0.072,0.0,0.048,0.032,0.0,0.0,0.027,0.009,0.0,0.026,0.0,0.024,0.025,0.007,0.0,0.024,0.0,0.012
886001,887000,12-18 09:11:49.701,12-18 09:11:55.586,1000,0,66,13,4.067351214960432,66.699,0.003,0.263,0.712,0.008,0.014,0.0,0.0,0.035,0.024,0.0,0.016,0.02,0.0,0.0,0.009,0.002,0.0,0.009,0.0,0.008,0.006,0.001,0.004,0.006,0.0,0.002
887001,888000,12-18 09:11:55.587,12-18 09:11:57.080,1000,0,57,6,3.4337990111504335,65.611,0.013,0.161,0.819,0.006,0.001,0.0,0.0,0.01,0.012,0.0,0.008,0.0,0.0,0.0,0.007,0.021,0.0,0.004,0.0,0.004,0.003,0.007,0.004,0.001,0.0,0.0
888001,889000,12-18 09:11:57.080,12-18 09:12:01.208,1000,0,133,20,6.0187116758887615,73.435,0.014,0.229,0.665,0.043,0.049,0.0,0.0,0.047,0.0,0.0,0.0,0.012,0.0,0.0,0.023,0.031,0.0,0.001,0.001,0.0,0.002,0.017,0.008,0.002,0.0,0.01
889001,890000,12-18 09:12:01.209,12-18 09:12:03.697,1000,0,188,19,6.5162896633665905,58.504,0.092,0.284,0.452,0.075,0.097,0.0,0.0,0.045,0.012,0.0,0.008,0.0,0.064,0.0,0.006,0.005,0.0,0.007,0.017,0.004,0.0,0.004,0.002,0.002,0.0,0.004
890001,891000,12-18 09:12:03.697,12-18 09:13:02.427,1000,0,130,20,5.355963218537986,70.214,0.01,0.302,0.518,0.049,0.121,0.0,0.21,0.071,0.048,0.0,0.032,0.012,0.0,0.08,0.023,0.002,0.01,0.011,0.0,0.016,0.005,0.008,0.0,0.008,0.0,0.014
891001,892000,12-18 09:13:02.427,12-18 09:14:03.750,1000,0,56,11,2.039116743000264,75.563,0.004,0.047,0.848,0.015,0.086,0.0,0.75,0.014,0.0,0.0,0.0,0.0,0.0,0.048,0.003,0.002,0.0,0.0,0.0,0.0,0.0,0.002,0.0,0.0,0.0,0.008
892001,893000,12-18 09:14:03.750,12-18 09:14:46.913,1000,0,78,15,4.418685212398715,78.716,0.009,0.144,0.719,0.035,0.093,0.0,0.364,0.042,0.0,0.0,0.0,0.012,0.0,0.064,0.018,0.008,0.0,0.001,0.0,0.0,0.006,0.009,0.0,0.002,0.0,0.014
893001,894000,12-18 09:14:46.913,12-18 09:15:59.661,1000,0,101,15,5.570508816083136,65.651,0.018,0.281,0.474,0.076,0.151,0.0,0.0,0.093,0.012,0.0,0.008,0.016,0.0,0.064,0.031,0.005,0.061,0.003,0.0,0.004,0.01,0.01,0.0,0.005,0.0,0.014
894001,895000,12-18 09:15:59.661,12-18 09:17:06.565,1000,0,138,19,5.81959921464011,73.088,0.078,0.378,0.38,0.055,0.109,0.0,0.0,0.161,0.024,0.0,0.016,0.02,0.0,0.016,0.031,0.01,0.059,0.005,0.0,0.008,0.006,0.019,0.0,0.008,0.0,0.01
895001,896000,12-18 09:17:06.565,12-18 09:17:27.410,1000,0,193,27,6.469264937062396,67.181,0.074,0.383,0.361,0.065,0.117,0.0,0.0,0.098,0.012,0.0,0.008,0.004,0.045,0.032,0.017,0.003,0.015,0.006,0.003,0.004,0.002,0.01,0.002,0.003,0.0,0.012
896001,897000,12-18 09:17:27.410,12-18 09:17:27.936,1000,0,109,17,3.29750892974482,69.86,0.023,0.097,0.724,0.014,0.142,0.0,0.6,0.004,0.0,0.0,0.0,0.0,0.059,0.0,0.001,0.001,0.0,0.004,0.006,0.0,0.0,0.001,0.0,0.0,0.0,0.006
897001,898000,12-18 09:17:27.956,12-18 09:17:29.557,1000,0,134,27,5.834020365535945,78.405,0.008,0.241,0.557,0.039,0.155,0.0,0.124,0.04,0.036,0.0,0.021,0.008,0.08,0.0,0.019,0.023,0.0,0.009,0.026,0.01,0.004,0.015,0.0,0.005,0.0,0.006
898001,899000,12-18 09:17:29.557,12-18 09:17:42.533,1000,0,147,23,6.128465414876271,81.174,0.041,0.304,0.558,0.043,0.054,0.0,0.002,0.04,0.072,0.0,0.051,0.008,0.0,0.016,0.025,0.032,0.005,0.023,0.002,0.026,0.01,0.023,0.016,0.014,0.0,0.002
899001,900000,12-18 09:17:42.534,12-18 09:18:00.005,1000,0,112,20,5.532738444626582,83.646,0.02,0.419,0.469,0.031,0.061,0.0,0.024,0.092,0.12,0.0,0.08,0.032,0.0,0.0,0.017,0.05,0.0,0.035,0.005,0.04,0.015,0.015,0.016,0.023,0.0,0.0
900001,901000,12-18 09:18:00.005,12-18 09:18:20.602,1000,0,78,14,4.977278893763835,73.912,0.003,0.432,0.466,0.035,0.064,0.0,0.002,0.121,0.132,0.0,0.087,0.06,0.0,0.0,0.024,0.006,0.0,0.044,0.0,0.043,0.016,0.006,0.024,0.023,0.0,0.008
901001,902000,12-18 09:18:20.603,12-18 09:18:36.028,1000,0,72,16,5.152966444342151,69.816,0.009,0.365,0.561,0.024,0.041,0.0,0.002,0.071,0.12,0.0,0.081,0.048,0.0,0.0,0.029,0.004,0.0,0.034,0.0,0.041,0.018,0.007,0.008,0.027,0.0,0.012
902001,903000,12-18 09:18:36.028,12-18 09:19:00.001,1000,0,61,11,5.212266304595104,70.242,0.008,0.353,0.606,0.012,0.021,0.0,0.002,0.054,0.096,0.0,0.064,0.036,0.0,0.0,0.033,0.008,0.0,0.039,0.0,0.032,0.024,0.008,0.028,0.029,0.0,0.018
903001,904000,12-18 09:19:00.002,12-18 09:19:14.531,1000,0,72,15,5.037511072073277,69.042,0.009,0.334,0.625,0.013,0.019,0.0,0.002,0.038,0.132,0.0,0.088,0.036,0.0,0.0,0.026,0.004,0.0,0.049,0.0,0.044,0.02,0.009,0.008,0.028,0.0,0.018
904001,905000,12-18 09:19:14.533,12-18 09:19:41.050,1000,0,77,18,4.656521373945558,78.872,0.005,0.46,0.487,0.012,0.036,0.0,0.004,0.069,0.204,0.0,0.132,0.032,0.0,0.0,0.015,0.007,0.01,0.065,0.0,0.066,0.022,0.008,0.036,0.04,0.0,0.0
905001,906000,12-18 09:19:41.051,12-18 09:19:59.760,1000,0,130,22,5.675103871782468,73.146,0.055,0.402,0.402,0.061,0.08,0.0,0.0,0.123,0.084,0.0,0.06,0.036,0.023,0.0,0.016,0.008,0.0,0.028,0.012,0.03,0.016,0.005,0.012,0.017,0.0,0.002
906001,907000,12-18 09:19:59.760,12-18 09:20:19.244,1000,0,206,27,6.710167459253045,55.946,0.046,0.29,0.412,0.084,0.168,0.0,0.002,0.052,0.024,0.0,0.016,0.008,0.041,0.032,0.015,0.005,0.055,0.008,0.017,0.008,0.007,0.007,0.002,0.007,0.0,0.014
907001,908000,12-18 09:20:19.244,12-18 09:21:17.621,1000,0,79,17,5.1457999933298915,68.649,0.008,0.336,0.417,0.031,0.208,0.0,0.0,0.1,0.036,0.0,0.024,0.02,0.0,0.176,0.043,0.001,0.002,0.004,0.0,0.012,0.006,0.015,0.0,0.005,0.0,0.012
908001,909000,12-18 09:21:17.621,12-18 09:22:30.094,1000,0,87,17,5.232303861455273,69.594,0.009,0.38,0.384,0.027,0.2,0.0,0.0,0.124,0.048,0.0,0.032,0.004,0.0,0.112,0.045,0.001,0.063,0.005,0.0,0.016,0.005,0.016,0.0,0.006,0.0,0.008
909001,910000,12-18 09:22:30.094,12-18 09:23:32.295,1000,0,94,18,5.35509508254615,73.166,0.012,0.406,0.383,0.044,0.155,0.0,0.0,0.129,0.048,0.0,0.032,0.02,0.0,0.112,0.047,0.002,0.005,0.005,0.0,0.016,0.002,0.016,0.0,0.006,0.0,0.014
910001,911000,12-18 09:23:32.299,12-18 09:24:55.430,1000,0,80,14,5.409871645249352,59.036,0.023,0.186,0.604,0.062,0.125,0.0,0.0,0.036,0.0,0.0,0.0,0.016,0.0,0.048,0.032,0.003,0.055,0.002,0.0,0.0,0.011,0.012,0.0,0.004,0.0,0.03
911001,912000,12-18 09:24:55.432,12-18 09:26:01.389,1000,0,89,17,5.230571660497555,69.821,0.023,0.148,0.707,0.06,0.062,0.0,0.22,0.035,0.0,0.0,0.0,0.004,0.0,0.032,0.018,0.005,0.005,0.001,0.009,0.0,0.005,0.012,0.0,0.002,0.0,0.014
912001,913000,12-18 09:26:01.389,12-18 09:26:33.700,1000,0,92,16,4.656304195297239,72.158,0.009,0.134,0.712,0.049,0.096,0.0,0.336,0.027,0.0,0.0,0.0,0.004,0.0,0.067,0.016,0.006,0.005,0.001,0.0,0.0,0.005,0.008,0.0,0.002,0.0,0.016
913001,914000,12-18 09:26:33.700,12-18 09:30:46.886,1000,0,97,16,5.243547565722573,63.548,0.014,0.259,0.351,0.074,0.302,0.0,0.006,0.067,0.0,0.0,0.0,0.008,0.0,0.146,0.015,0.012,0.12,0.0,0.0,0.0,0.007,0.002,0.0,0.0,0.0,0.016
914001,915000,12-18 09:30:46.886,12-18 09:32:46.186,1000,0,111,21,5.346712561767274,69.231,0.014,0.256,0.389,0.048,0.293,0.0,0.002,0.069,0.0,0.0,0.0,0.008,0.047,0.203,0.013,0.007,0.01,0.0,0.015,0.0,0.007,0.009,0.0,0.0,0.0,0.01
915001,916000,12-18 09:32:46.190,12-18 09:35:11.385,1000,0,116,22,5.482806624760858,62.624,0.018,0.357,0.299,0.048,0.278,0.0,0.0,0.083,0.024,0.0,0.016,0.028,0.0,0.109,0.021,0.003,0.115,0.007,0.025,0.008,0.014,0.012,0.0,0.013,0.0,0.014
916001,917000,12-18 09:35:11.385,12-18 09:35:27.162,1000,0,113,21,5.421437674788607,69.634,0.03,0.439,0.358,0.053,0.12,0.0,0.0,0.113,0.048,0.0,0.032,0.032,0.0,0.051,0.031,0.004,0.01,0.011,0.013,0.016,0.017,0.014,0.0,0.018,0.0,0.01
917001,918000,12-18 09:35:27.163,12-18 09:39:02.055,1000,0,94,19,4.482413967467029,74.403,0.022,0.217,0.534,0.033,0.194,0.0,0.344,0.051,0.0,0.0,0.0,0.01,0.0,0.08,0.014,0.008,0.01,0.001,0.0,0.0,0.01,0.006,0.0,0.001,0.0,0.008
918001,919000,12-18 09:39:02.056,12-18 09:39:27.646,1000,0,98,17,5.492711343148295,69.768,0.015,0.464,0.372,0.035,0.114,0.0,0.014,0.074,0.06,0.0,0.039,0.038,0.0,0.064,0.039,0.003,0.0,0.015,0.013,0.019,0.021,0.018,0.0,0.028,0.0,0.006
919001,920000,12-18 09:39:27.646,12-18 09:41:01.911,1000,0,94,17,5.631425780101927,65.789,0.035,0.259,0.525,0.081,0.1,0.0,0.002,0.088,0.012,0.0,0.009,0.024,0.0,0.058,0.023,0.007,0.0,0.0,0.013,0.005,0.003,0.01,0.0,0.001,0.0,0.026
920001,921000,12-18 09:41:01.911,12-18 09:45:18.789,1000,0,80,17,5.560385257858088,65.109,0.016,0.218,0.617,0.061,0.088,0.0,0.0,0.05,0.0,0.0,0.0,0.008,0.0,0.07,0.029,0.006,0.0,0.0,0.0,0.0,0.007,0.01,0.0,0.0,0.0,0.03
921001,922000,12-18 09:45:18.796,12-18 09:45:29.881,1000,0,79,13,5.1597206341631905,64.586,0.012,0.333,0.415,0.057,0.183,0.0,0.0,0.13,0.048,0.0,0.032,0.044,0.0,0.016,0.044,0.001,0.115,0.007,0.0,0.016,0.006,0.016,0.0,0.01,0.0,0.01
922001,923000,12-18 09:45:29.882,12-18 09:45:56.082,1000,0,61,10,4.894005022394376,70.928,0.007,0.418,0.394,0.037,0.144,0.0,0.0,0.157,0.06,0.0,0.04,0.036,0.0,0.096,0.052,0.0,0.0,0.006,0.0,0.02,0.005,0.02,0.0,0.007,0.0,0.01
923001,924000,12-18 09:45:56.082,12-18 09:46:03.300,1000,0,98,15,4.818924669788794,74.287,0.009,0.203,0.697,0.042,0.049,0.0,0.338,0.051,0.012,0.0,0.008,0.0,0.0,0.016,0.018,0.007,0.0,0.001,0.006,0.004,0.0,0.011,0.0,0.001,0.0,0.012
924001,925000,12-18 09:46:03.300,12-18 09:46:14.193,1000,0,81,14,4.296327764492631,72.487,0.011,0.164,0.661,0.026,0.138,0.0,0.382,0.044,0.012,0.0,0.008,0.016,0.0,0.08,0.024,0.002,0.005,0.003,0.0,0.004,0.011,0.01,0.0,0.005,0.0,0.01
925001,926000,12-18 09:46:14.195,12-18 09:46:23.803,1000,0,61,10,4.901016419814595,72.659,0.005,0.406,0.412,0.036,0.141,0.0,0.004,0.156,0.06,0.0,0.04,0.036,0.0,0.096,0.053,0.002,0.0,0.006,0.0,0.02,0.002,0.02,0.0,0.007,0.0,0.01
926001,927000,12-18 09:46:23.804,12-18 09:46:41.438,1000,0,76,15,5.167669681507818,72.666,0.01,0.383,0.436,0.045,0.126,0.0,0.002,0.164,0.048,0.0,0.032,0.024,0.0,0.08,0.045,0.004,0.005,0.004,0.0,0.016,0.0,0.02,0.0,0.004,0.0,0.012
927001,928000,12-18 09:46:41.438,12-18 09:47:10.605,1000,0,83,14,5.474419454687865,68.329,0.014,0.333,0.5,0.046,0.107,0.0,0.0,0.097,0.036,0.0,0.024,0.036,0.0,0.072,0.052,0.003,0.005,0.008,0.0,0.012,0.017,0.018,0.0,0.013,0.0,0.016
928001,929000,12-18 09:47:10.606,12-18 09:50:20.569,1000,0,66,12,4.9544000126154994,73.071,0.008,0.411,0.401,0.027,0.153,0.0,0.0,0.134,0.06,0.0,0.04,0.0,0.0,0.136,0.053,0.002,0.0,0.005,0.0,0.02,0.003,0.02,0.0,0.005,0.0,0.012
929001,930000,12-18 09:50:20.570,12-18 09:50:26.405,1000,0,49,11,3.2306530809341965,73.388,0.008,0.097,0.81,0.047,0.038,0.0,0.552,0.029,0.0,0.0,0.0,0.004,0.0,0.0,0.016,0.006,0.0,0.001,0.0,0.0,0.002,0.006,0.0,0.002,0.0,0.016
930001,931000,12-18 09:50:26.405,12-18 09:51:03.276,1000,0,126,21,5.624131964962188,72.658,0.007,0.325,0.426,0.065,0.177,0.0,0.002,0.067,0.012,0.0,0.018,0.0,0.0,0.032,0.011,0.018,0.115,0.006,0.041,0.01,0.003,0.011,0.0,0.006,0.0,0.01
931001,932000,12-18 09:51:03.276,12-18 09:51:13.291,1000,0,113,23,5.869308852839052,61.492,0.018,0.216,0.657,0.079,0.03,0.0,0.008,0.042,0.0,0.0,0.0,0.016,0.0,0.0,0.028,0.022,0.0,0.0,0.038,0.0,0.009,0.013,0.0,0.0,0.0,0.026
932001,933000,12-18 09:51:13.292,12-18 10:06:04.432,1000,0,109,19,5.739686166930747,57.003,0.019,0.166,0.503,0.062,0.25,0.0,0.0,0.026,0.0,0.0,0.0,0.0,0.0,0.096,0.012,0.005,0.115,0.0,0.015,0.0,0.0,0.007,0.0,0.0,0.0,0.026
933001,934000,12-18 10:06:04.432,12-18 10:16:11.012,1000,0,112,15,5.512467878994952,46.221,0.012,0.275,0.416,0.043,0.254,0.0,0.0,0.031,0.0,0.0,0.0,0.0,0.0,0.083,0.009,0.002,0.115,0.0,0.008,0.0,0.0,0.007,0.0,0.0,0.0,0.012
934001,935000,12-18 10:16:11.012,12-18 10:23:37.511,1000,0,109,19,5.327737968071604,65.705,0.009,0.305,0.396,0.043,0.247,0.0,0.0,0.104,0.0,0.0,0.0,0.032,0.0,0.125,0.028,0.005,0.06,0.004,0.006,0.0,0.012,0.009,0.0,0.008,0.0,0.008
935001,936000,12-18 10:23:37.511,12-18 10:36:16.987,1000,0,84,15,5.557901742407607,58.592,0.017,0.193,0.539,0.058,0.193,0.0,0.0,0.029,0.0,0.0,0.0,0.004,0.0,0.112,0.021,0.004,0.055,0.001,0.021,0.0,0.002,0.012,0.0,0.002,0.0,0.032
936001,937000,12-18 10:36:16.989,12-18 10:39:37.541,1000,0,180,24,6.228029534391513,59.795,0.054,0.285,0.336,0.066,0.259,0.0,0.0,0.06,0.0,0.0,0.0,0.012,0.082,0.032,0.01,0.003,0.115,0.001,0.002,0.0,0.002,0.008,0.002,0.002,0.0,0.006
937001,938000,12-18 10:39:37.541,12-18 10:39:38.044,1000,0,168,30,5.878987863171725,62.888,0.038,0.26,0.487,0.039,0.176,0.0,0.21,0.021,0.0,0.0,0.0,0.0,0.054,0.0,0.011,0.007,0.01,0.006,0.024,0.0,0.004,0.007,0.0,0.002,0.0,0.015
938001,939000,12-18 10:39:38.044,12-18 10:39:38.269,1000,0,72,18,3.1466390930172996,80.152,0.007,0.256,0.671,0.019,0.047,0.0,0.55,0.029,0.048,0.0,0.034,0.008,0.0,0.0,0.003,0.006,0.0,0.007,0.003,0.02,0.002,0.004,0.0,0.007,0.0,0.003
939001,940000,12-18 10:39:38.284,12-18 10:39:39.010,1000,0,151,26,6.127250081947957,77.442,0.021,0.28,0.601,0.047,0.051,0.0,0.056,0.036,0.036,0.0,0.024,0.0,0.0,0.0,0.01,0.056,0.0,0.006,0.057,0.012,0.0,0.008,0.004,0.006,0.0,0.003
940001,941000,12-18 10:39:39.010,12-18 10:39:40.403,1000,0,177,25,6.445100145776571,81.608,0.073,0.258,0.522,0.088,0.059,0.0,0.008,0.046,0.012,0.0,0.008,0.0,0.0,0.0,0.014,0.032,0.0,0.004,0.004,0.004,0.0,0.014,0.004,0.002,0.0,0.01
941001,942000,12-18 10:39:40.403,12-18 10:39:46.104,1000,0,140,23,5.925798657473613,69.453,0.102,0.199,0.588,0.064,0.047,0.0,0.002,0.033,0.0,0.0,0.0,0.012,0.0,0.0,0.015,0.037,0.0,0.001,0.003,0.0,0.006,0.017,0.008,0.002,0.0,0.028
942001,943000,12-18 10:39:46.105,12-18 10:39:48.529,1000,0,86,13,3.1887203244513054,82.418,0.031,0.2,0.618,0.009,0.142,0.0,0.589,0.011,0.012,0.0,0.008,0.004,0.0,0.0,0.005,0.028,0.0,0.002,0.0,0.004,0.002,0.004,0.004,0.004,0.0,0.004
943001,944000,12-18 10:39:48.543,12-18 10:40:05.572,1000,0,102,20,5.225232120744948,70.951,0.055,0.394,0.416,0.036,0.099,0.0,0.004,0.078,0.144,0.0,0.096,0.044,0.047,0.0,0.013,0.009,0.0,0.051,0.0,0.048,0.01,0.002,0.0,0.027,0.0,0.008
944001,945000,12-18 10:40:05.572,12-18 10:40:16.822,1000,0,160,25,6.278261403415666,63.794,0.047,0.326,0.45,0.076,0.101,0.0,0.004,0.061,0.024,0.0,0.016,0.02,0.064,0.0,0.012,0.027,0.0,0.011,0.0,0.008,0.009,0.005,0.002,0.01,0.0,0.036
945001,946000,12-18 10:40:16.825,12-18 10:40:48.285,1000,0,186,25,6.288893869752177,60.725,0.03,0.324,0.372,0.073,0.201,0.0,0.0,0.091,0.012,0.0,0.008,0.012,0.024,0.128,0.009,0.007,0.005,0.009,0.017,0.004,0.009,0.003,0.002,0.004,0.0,0.006
946001,947000,12-18 10:40:48.285,12-18 10:40:48.709,1000,0,186,25,6.441747028325593,64.751,0.059,0.289,0.471,0.056,0.125,0.0,0.065,0.03,0.024,0.0,0.016,0.0,0.08,0.0,0.009,0.006,0.0,0.004,0.026,0.008,0.0,0.009,0.0,0.004,0.0,0.013
947001,948000,12-18 10:40:48.710,12-18 10:40:57.210,1000,0,143,26,6.142129438551796,75.464,0.037,0.337,0.492,0.035,0.099,0.0,0.054,0.047,0.06,0.0,0.04,0.02,0.024,0.0,0.013,0.012,0.0,0.023,0.009,0.02,0.009,0.007,0.004,0.015,0.0,0.004
948001,949000,12-18 10:40:57.210,12-18 10:41:00.717,1000,0,142,18,6.207315385338662,69.933,0.102,0.264,0.533,0.066,0.035,0.0,0.002,0.035,0.036,0.0,0.024,0.008,0.0,0.0,0.013,0.011,0.0,0.012,0.0,0.012,0.0,0.011,0.009,0.004,0.0,0.072
949001,950000,12-18 10:41:00.719,12-18 10:41:03.111,1000,0,163,21,6.1284609338658065,79.522,0.018,0.227,0.595,0.103,0.057,0.0,0.0,0.053,0.024,0.0,0.008,0.004,0.0,0.0,0.019,0.035,0.0,0.005,0.003,0.004,0.005,0.018,0.011,0.005,0.0,0.11
950001,951000,12-18 10:41:03.111,12-18 10:41:04.774,1000,0,186,21,6.508999021656634,58.384,0.083,0.275,0.457,0.066,0.119,0.0,0.0,0.045,0.0,0.0,0.0,0.012,0.064,0.0,0.008,0.012,0.0,0.003,0.011,0.0,0.002,0.007,0.006,0.002,0.0,0.042
951001,952000,12-18 10:41:04.774,12-18 10:42:12.983,1000,0,156,20,6.240112326583756,62.391,0.024,0.243,0.512,0.091,0.13,0.0,0.0,0.048,0.012,0.0,0.008,0.012,0.0,0.096,0.021,0.013,0.005,0.007,0.024,0.004,0.006,0.011,0.0,0.004,0.0,0.026
952001,953000,12-18 10:42:12.997,12-18 10:45:03.162,1000,0,128,23,5.7220578225052465,63.107,0.011,0.303,0.353,0.057,0.276,0.0,0.0,0.113,0.0,0.0,0.0,0.016,0.024,0.096,0.02,0.009,0.115,0.006,0.0,0.0,0.007,0.012,0.002,0.004,0.0,0.014
953001,954000,12-18 10:45:03.162,12-18 10:45:03.539,1000,0,191,24,6.542726298174262,63.327,0.065,0.279,0.478,0.056,0.122,0.0,0.04,0.035,0.0,0.0,0.0,0.0,0.072,0.0,0.009,0.004,0.0,0.004,0.023,0.0,0.0,0.008,0.0,0.0,0.0,0.01
954001,955000,12-18 10:45:03.540,12-18 10:45:06.723,1000,0,152,27,6.090145386698817,75.601,0.034,0.26,0.518,0.041,0.147,0.0,0.103,0.052,0.036,0.0,0.024,0.02,0.04,0.0,0.022,0.037,0.0,0.012,0.012,0.012,0.009,0.015,0.008,0.012,0.0,0.004
955001,956000,12-18 10:45:06.725,12-18 10:45:22.883,1000,0,84,20,4.749375030616982,75.404,0.032,0.412,0.362,0.07,0.124,0.0,0.002,0.186,0.048,0.0,0.032,0.1,0.0,0.016,0.029,0.006,0.005,0.019,0.002,0.016,0.014,0.004,0.008,0.014,0.0,0.0
956001,957000,12-18 10:45:22.883,12-18 10:45:41.743,1000,0,91,17,5.030054846294414,77.939,0.034,0.477,0.365,0.048,0.076,0.0,0.0,0.15,0.024,0.0,0.012,0.088,0.0,0.0,0.033,0.027,0.0,0.012,0.0,0.005,0.017,0.011,0.012,0.012,0.0,0.0
957001,958000,12-18 10:45:41.745,12-18 10:45:54.765,1000,0,128,19,5.918070402543796,79.96,0.045,0.408,0.445,0.033,0.069,0.0,0.002,0.064,0.06,0.0,0.044,0.036,0.0,0.0,0.019,0.031,0.01,0.022,0.0,0.023,0.013,0.009,0.016,0.015,0.0,0.002
958001,959000,12-18 10:45:54.765,12-18 10:46:00.077,1000,0,130,16,5.963409079651748,82.888,0.032,0.3,0.573,0.049,0.046,0.0,0.0,0.031,0.024,0.0,0.016,0.0,0.0,0.0,0.022,0.057,0.0,0.008,0.001,0.008,0.003,0.023,0.012,0.004,0.0,0.002
959001,960000,12-18 10:46:00.077,12-18 10:46:10.085,1000,0,119,16,5.915970465740606,87.147,0.084,0.394,0.471,0.021,0.03,0.0,0.002,0.049,0.048,0.0,0.032,0.012,0.0,0.0,0.028,0.077,0.0,0.019,0.001,0.016,0.009,0.025,0.024,0.014,0.0,0.0
960001,961000,12-18 10:46:10.101,12-18 10:46:13.627,1000,0,97,14,5.459291526110706,78.138,0.032,0.347,0.545,0.04,0.036,0.0,0.0,0.057,0.0,0.0,0.0,0.02,0.0,0.0,0.021,0.028,0.0,0.001,0.001,0.0,0.006,0.016,0.016,0.002,0.0,0.0
961001,962000,12-18 10:46:13.628,12-18 10:46:18.010,1000,0,171,24,6.390989169314031,69.958,0.068,0.353,0.375,0.072,0.132,0.0,0.0,0.066,0.012,0.0,0.008,0.012,0.064,0.0,0.011,0.03,0.0,0.005,0.0,0.004,0.005,0.009,0.01,0.004,0.0,0.0
962001,963000,12-18 10:46:18.010,12-18 10:49:43.882,1000,0,166,21,6.1105010485971265,61.349,0.038,0.282,0.385,0.081,0.214,0.0,0.002,0.054,0.012,0.0,0.008,0.004,0.0,0.16,0.006,0.009,0.01,0.008,0.031,0.004,0.002,0.006,0.0,0.004,0.0,0.02
963001,964000,12-18 10:49:43.882,12-18 10:50:53.599,1000,0,86,17,5.434032745475272,71.969,0.007,0.365,0.477,0.038,0.113,0.0,0.0,0.142,0.048,0.0,0.032,0.032,0.0,0.08,0.04,0.007,0.0,0.008,0.0,0.016,0.015,0.018,0.0,0.014,0.0,0.012
964001,965000,12-18 10:50:53.599,12-18 10:51:02.932,1000,0,102,20,5.464087442148429,69.761,0.016,0.214,0.518,0.067,0.185,0.0,0.0,0.08,0.012,0.0,0.008,0.0,0.0,0.048,0.022,0.01,0.115,0.001,0.008,0.004,0.0,0.011,0.0,0.001,0.0,0.02
965001,966000,12-18 10:51:02.932,12-18 10:51:18.536,1000,0,84,16,4.900384598968898,80.84,0.011,0.154,0.724,0.054,0.057,0.0,0.267,0.044,0.012,0.0,0.008,0.012,0.0,0.032,0.022,0.005,0.0,0.004,0.0,0.004,0.009,0.008,0.0,0.007,0.0,0.012
966001,967000,12-18 10:51:18.536,12-18 10:51:55.714,1000,0,152,22,5.281494257079388,68.536,0.048,0.23,0.541,0.055,0.126,0.0,0.285,0.053,0.0,0.0,0.0,0.004,0.08,0.016,0.009,0.004,0.0,0.001,0.001,0.0,0.002,0.005,0.002,0.002,0.0,0.004
967001,968000,12-18 10:51:55.714,12-18 10:51:56.891,1000,0,169,27,6.376466218698293,62.2,0.033,0.277,0.438,0.04,0.212,0.0,0.06,0.021,0.024,0.0,0.016,0.004,0.1,0.0,0.012,0.013,0.0,0.013,0.033,0.008,0.002,0.009,0.0,0.006,0.0,0.008
968001,969000,12-18 10:51:56.891,12-18 10:52:01.536,1000,0,144,27,5.8226783616050675,86.353,0.013,0.209,0.678,0.046,0.054,0.0,0.13,0.034,0.024,0.0,0.016,0.0,0.004,0.0,0.014,0.043,0.0,0.005,0.001,0.008,0.003,0.015,0.004,0.003,0.0,0.002
969001,970000,12-18 10:52:01.537,12-18 10:52:06.001,1000,0,115,15,5.342065322453458,65.98,0.02,0.362,0.585,0.006,0.027,0.0,0.0,0.014,0.024,0.0,0.016,0.016,0.0,0.0,0.014,0.024,0.0,0.01,0.001,0.008,0.008,0.012,0.008,0.008,0.0,0.0
970001,971000,12-18 10:52:06.003,12-18 10:52:06.644,1000,0,42,6,3.3959845380554903,97.899,0.029,0.561,0.275,0.0,0.135,0.0,0.0,0.002,0.0,0.0,0.0,0.0,0.0,0.0,0.0,0.0,0.0,0.0,0.0,0.0,0.0,0.0,0.0,0.0,0.0,0.0
971001,972000,12-18 10:52:06.644,12-18 10:52:07.278,1000,0,14,5,2.6968563438620015,110.937,0.036,0.781,0.101,0.0,0.082,0.0,0.0,0.0,0.0,0.0,0.0,0.0,0.0,0.0,0.0,0.0,0.0,0.0,0.0,0.0,0.0,0.0,0.0,0.0,0.0,0.0
972001,973000,12-18 10:52:07.278,12-18 10:52:07.911,1000,0,15,6,2.697993373130161,111.606,0.04,0.786,0.094,0.001,0.079,0.0,0.0,0.0,0.0,0.0,0.0,0.0,0.0,0.0,0.0,0.001,0.0,0.0,0.0,0.0,0.0,0.0,0.0,0.0,0.0,0.0
973001,974000,12-18 10:52:07.911,12-18 10:52:08.573,1000,0,13,3,2.6332572871817232,112.955,0.038,0.804,0.08,0.0,0.078,0.0,0.0,0.0,0.0,0.0,0.0,0.0,0.0,0.0,0.0,0.0,0.0,0.0,0.0,0.0,0.0,0.0,0.0,0.0,0.0,0.0
974001,975000,12-18 10:52:08.573,12-18 10:52:09.209,1000,0,16,5,2.69949934149373,112.402,0.04,0.78,0.095,0.001,0.084,0.0,0.0,0.0,0.0,0.0,0.0,0.0,0.0,0.0,0.001,0.001,0.0,0.0,0.0,0.0,0.0,0.001,0.0,0.0,0.0,0.0
975001,976000,12-18 10:52:09.209,12-18 10:52:09.710,1000,0,58,8,3.772322321457685,100.0,0.095,0.712,0.118,0.008,0.067,0.0,0.0,0.002,0.0,0.0,0.0,0.0,0.0,0.0,0.001,0.0,0.0,0.0,0.002,0.0,0.0,0.003,0.0,0.0,0.0,0.0
976001,977000,12-18 10:52:09.710,12-18 10:52:10.278,1000,0,51,10,3.4573755427367225,106.595,0.061,0.743,0.116,0.006,0.074,0.0,0.0,0.002,0.012,0.0,0.008,0.004,0.0,0.0,0.001,0.0,0.0,0.005,0.0,0.004,0.002,0.0,0.0,0.003,0.0,0.0
977001,978000,12-18 10:52:10.278,12-18 10:52:10.903,1000,0,34,5,2.9589230263255524,111.357,0.041,0.767,0.107,0.001,0.084,0.0,0.0,0.004,0.0,0.0,0.0,0.0,0.0,0.0,0.002,0.002,0.0,0.0,0.0,0.0,0.0,0.002,0.0,0.0,0.0,0.0
978001,979000,12-18 10:52:10.903,12-18 10:52:32.974,1000,0,126,18,5.690937758837934,82.397,0.031,0.374,0.493,0.025,0.077,0.0,0.002,0.039,0.084,0.0,0.056,0.034,0.0,0.0,0.022,0.056,0.0,0.032,0.0,0.028,0.027,0.01,0.008,0.025,0.0,0.0
979001,980000,12-18 10:52:32.976,12-18 10:52:46.360,1000,0,113,20,5.32329054985253,70.246,0.017,0.499,0.338,0.056,0.09,0.0,0.002,0.068,0.06,0.0,0.04,0.03,0.064,0.0,0.016,0.023,0.0,0.019,0.0,0.02,0.017,0.009,0.002,0.019,0.0,0.0
980001,981000,12-18 10:52:46.361,12-18 10:53:19.578,1000,0,151,20,5.7095307897874,70.981,0.024,0.407,0.397,0.051,0.121,0.0,0.0,0.151,0.048,0.0,0.032,0.028,0.0,0.08,0.044,0.006,0.005,0.015,0.017,0.016,0.017,0.015,0.0,0.018,0.0,0.006
981001,982000,12-18 10:53:19.581,12-18 10:54:49.184,1000,0,115,20,5.181423827416565,70.322,0.009,0.444,0.267,0.034,0.246,0.0,0.0,0.152,0.048,0.0,0.032,0.004,0.014,0.144,0.04,0.002,0.055,0.005,0.0,0.016,0.002,0.014,0.002,0.006,0.0,0.008
982001,983000,12-18 10:54:49.184,12-18 10:54:50.045,1000,0,187,22,6.537641953810363,62.666,0.068,0.308,0.409,0.067,0.148,0.0,0.023,0.038,0.0,0.0,0.0,0.0,0.098,0.0,0.008,0.004,0.0,0.004,0.022,0.0,0.0,0.008,0.0,0.0,0.0,0.012
983001,984000,12-18 10:54:50.045,12-18 10:54:55.542,1000,0,116,26,5.555549332464095,69.09,0.017,0.23,0.634,0.013,0.106,0.0,0.102,0.026,0.048,0.0,0.032,0.004,0.032,0.0,0.009,0.008,0.01,0.014,0.012,0.016,0.005,0.006,0.0,0.009,0.0,0.006
984001,985000,12-18 10:54:55.777,12-18 10:55:20.267,1000,0,126,24,5.552038948813949,66.987,0.022,0.435,0.377,0.062,0.104,0.0,0.002,0.064,0.024,0.0,0.016,0.044,0.064,0.0,0.019,0.008,0.0,0.012,0.0,0.008,0.028,0.007,0.002,0.017,0.0,0.002
985001,986000,12-18 10:55:20.267,12-18 10:55:28.557,1000,0,184,26,6.332606758687847,65.734,0.029,0.379,0.388,0.078,0.126,0.0,0.0,0.122,0.024,0.0,0.016,0.02,0.05,0.032,0.028,0.008,0.005,0.011,0.017,0.008,0.013,0.01,0.002,0.012,0.0,0.006
986001,987000,12-18 10:55:28.557,12-18 10:55:29.820,1000,0,176,29,6.249489980777332,66.21,0.066,0.286,0.476,0.045,0.127,0.0,0.097,0.043,0.016,0.0,0.008,0.004,0.078,0.0,0.01,0.007,0.0,0.013,0.034,0.004,0.002,0.008,0.0,0.005,0.0,0.012
987001,988000,12-18 10:55:29.821,12-18 10:55:58.374,1000,0,69,12,4.618763325256452,77.095,0.0,0.534,0.396,0.014,0.056,0.0,0.054,0.059,0.08,0.0,0.056,0.04,0.0,0.0,0.019,0.009,0.0,0.027,0.0,0.028,0.029,0.007,0.004,0.027,0.0,0.0
988001,989000,12-18 10:55:58.374,12-18 10:56:23.353,1000,0,88,16,4.834927671530722,78.43,0.003,0.481,0.445,0.022,0.049,0.0,0.063,0.048,0.144,0.0,0.096,0.04,0.0,0.016,0.016,0.008,0.012,0.05,0.0,0.048,0.026,0.004,0.0,0.033,0.0,0.002
989001,990000,12-18 10:56:23.353,12-18 10:56:29.007,1000,0,150,27,5.899843768162033,59.255,0.033,0.369,0.327,0.074,0.197,0.0,0.0,0.091,0.0,0.0,0.0,0.008,0.106,0.0,0.008,0.004,0.053,0.01,0.017,0.0,0.007,0.004,0.004,0.004,0.0,0.0
990001,991000,12-18 10:56:29.009,12-18 10:56:49.342,1000,0,161,30,6.147860425767571,76.463,0.026,0.367,0.461,0.032,0.114,0.0,0.002,0.075,0.06,0.0,0.04,0.028,0.054,0.0,0.024,0.032,0.0,0.029,0.015,0.02,0.02,0.013,0.004,0.019,0.0,0.002
991001,992000,12-18 10:56:49.342,12-18 10:57:00.215,1000,0,149,19,6.247984193544758,78.946,0.109,0.318,0.484,0.041,0.048,0.0,0.002,0.033,0.06,0.0,0.04,0.016,0.0,0.0,0.016,0.05,0.01,0.019,0.0,0.02,0.011,0.012,0.024,0.011,0.0,0.019
992001,993000,12-18 10:57:00.224,12-18 10:57:04.345,1000,0,175,21,6.362317422470416,66.543,0.135,0.319,0.371,0.071,0.104,0.0,0.0,0.056,0.012,0.0,0.008,0.008,0.064,0.0,0.018,0.026,0.005,0.008,0.011,0.004,0.004,0.016,0.006,0.006,0.0,0.0
993001,994000,12-18 10:57:04.345,12-18 10:58:07.727,1000,0,129,20,5.05863077985444,42.784,0.017,0.158,0.722,0.06,0.043,0.0,0.0,0.036,0.016,0.0,0.008,0.004,0.0,0.032,0.013,0.006,0.0,0.007,0.006,0.004,0.005,0.007,0.0,0.004,0.0,0.012
994001,995000,12-18 10:58:07.727,12-18 10:59:21.872,1000,0,94,16,5.373651372189378,67.116,0.009,0.351,0.418,0.029,0.193,0.0,0.002,0.121,0.044,0.0,0.032,0.0,0.0,0.112,0.041,0.002,0.055,0.003,0.0,0.016,0.0,0.017,0.0,0.004,0.0,0.016
995001,996000,12-18 10:59:21.873,12-18 11:01:02.701,1000,0,80,19,5.274634595721904,75.459,0.01,0.386,0.462,0.04,0.102,0.0,0.0,0.156,0.048,0.0,0.032,0.004,0.0,0.08,0.048,0.01,0.0,0.005,0.0,0.016,0.005,0.023,0.0,0.006,0.0,0.018
996001,997000,12-18 11:01:02.701,12-18 11:01:26.472,1000,0,102,18,5.48082951375386,59.574,0.01,0.183,0.556,0.078,0.173,0.0,0.0,0.074,0.0,0.0,0.0,0.012,0.0,0.064,0.019,0.008,0.081,0.001,0.0,0.0,0.009,0.006,0.0,0.002,0.0,0.016
997001,998000,12-18 11:01:26.472,12-18 11:04:24.366,1000,0,100,17,4.744159988908888,74.21,0.006,0.218,0.598,0.034,0.144,0.0,0.3,0.067,0.024,0.0,0.016,0.012,0.0,0.08,0.024,0.005,0.039,0.003,0.01,0.008,0.002,0.012,0.0,0.004,0.0,0.008
998001,999000,12-18 11:04:24.366,12-18 11:04:41.633,1000,0,96,17,4.78828984420014,74.109,0.006,0.286,0.518,0.038,0.152,0.0,0.246,0.118,0.036,0.0,0.024,0.02,0.0,0.048,0.032,0.002,0.055,0.004,0.017,0.012,0.002,0.012,0.0,0.005,0.0,0.004
999001,1000000,12-18 11:04:41.633,12-18 11:10:57.934,1000,0,98,19,5.641403882827508,61.211,0.008,0.349,0.468,0.065,0.11,0.0,0.0,0.051,0.012,0.0,0.008,0.0,0.0,0.064,0.02,0.005,0.0,0.001,0.0,0.004,0.003,0.013,0.0,0.001,0.0,0.02
1000001,1001000,12-18 11:10:57.936,12-18 11:11:06.877,1000,0,76,15,4.177730423052403,69.339,0.009,0.106,0.814,0.031,0.04,0.0,0.426,0.015,0.0,0.0,0.0,0.012,0.0,0.016,0.02,0.003,0.0,0.001,0.006,0.0,0.006,0.01,0.0,0.002,0.0,0.018
1001001,1002000,12-18 11:11:06.877,12-18 11:11:29.453,1000,0,82,14,4.58009699817824,70.062,0.01,0.146,0.578,0.059,0.207,0.0,0.282,0.043,0.0,0.0,0.0,0.004,0.0,0.032,0.018,0.008,0.115,0.001,0.0,0.0,0.005,0.007,0.0,0.002,0.0,0.01
1002001,1003000,12-18 11:11:29.454,12-18 11:20:33.725,1000,0,126,23,5.968165461332346,68.964,0.016,0.357,0.433,0.063,0.131,0.0,0.008,0.083,0.012,0.0,0.0,0.008,0.0,0.08,0.022,0.006,0.005,0.005,0.0,0.0,0.009,0.015,0.0,0.009,0.0,0.02
1003001,1004000,12-18 11:20:33.725,12-18 11:20:45.337,1000,0,115,19,5.201713277347035,65.14,0.011,0.402,0.314,0.028,0.245,0.0,0.0,0.058,0.012,0.0,0.017,0.024,0.0,0.08,0.025,0.002,0.115,0.007,0.013,0.008,0.01,0.012,0.0,0.014,0.0,0.006
1004001,1005000,12-18 11:20:45.337,12-18 11:20:52.803,1000,0,126,25,5.7535617453580405,74.168,0.031,0.365,0.464,0.055,0.085,0.0,0.0,0.05,0.0,0.0,0.063,0.008,0.0,0.016,0.015,0.013,0.0,0.011,0.054,0.016,0.009,0.011,0.0,0.034,0.0,0.0
1005001,1006000,12-18 11:20:52.803,12-18 11:21:03.681,1000,0,148,31,6.079016969340151,67.483,0.024,0.232,0.576,0.06,0.108,0.0,0.016,0.039,0.012,0.0,0.008,0.036,0.0,0.032,0.014,0.033,0.005,0.002,0.042,0.004,0.006,0.005,0.0,0.003,0.0,0.01
1006001,1007000,12-18 11:21:03.684,12-18 11:23:25.035,1000,0,62,14,4.136404092464874,70.989,0.045,0.284,0.213,0.064,0.394,0.0,0.0,0.066,0.0,0.0,0.0,0.0,0.047,0.308,0.012,0.007,0.0,0.0,0.0,0.0,0.006,0.001,0.0,0.0,0.0,0.0
1007001,1008000,12-18 11:23:25.035,12-18 11:26:03.830,1000,0,59,14,2.8950476571765558,73.237,0.006,0.128,0.635,0.019,0.212,0.0,0.547,0.012,0.0,0.0,0.0,0.008,0.0,0.124,0.009,0.001,0.055,0.0,0.0,0.0,0.004,0.0,0.0,0.0,0.0,0.004
1008001,1009000,12-18 11:26:03.830,12-18 11:27:05.850,1000,0,136,20,5.9314870015480246,71.614,0.009,0.32,0.438,0.074,0.159,0.0,0.017,0.038,0.012,0.0,0.018,0.0,0.0,0.048,0.01,0.018,0.065,0.006,0.05,0.008,0.003,0.009,0.0,0.006,0.0,0.01
1009001,1010000,12-18 11:27:05.850,12-18 11:27:10.644,1000,0,102,26,3.467444699874687,77.602,0.006,0.126,0.732,0.053,0.083,0.0,0.561,0.047,0.0,0.0,0.0,0.008,0.0,0.0,0.005,0.036,0.0,0.0,0.033,0.0,0.005,0.002,0.0,0.0,0.0,0.006
1010001,1011000,12-18 11:27:10.644,12-18 11:39:16.103,1000,0,170,28,6.2178375687004666,65.347,0.102,0.271,0.446,0.076,0.105,0.0,0.115,0.043,0.0,0.0,0.0,0.008,0.0,0.057,0.015,0.016,0.005,0.0,0.014,0.0,0.004,0.006,0.0,0.0,0.0,0.004
1011001,1012000,12-18 11:39:16.103,12-18 11:44:08.249,1000,0,156,25,6.299888428946895,61.689,0.134,0.275,0.426,0.103,0.061,0.001,0.0,0.059,0.0,0.0,0.0,0.0,0.0,0.039,0.007,0.013,0.0,0.0,0.038,0.0,0.0,0.005,0.0,0.0,0.0,0.01
1012001,1013000,12-18 11:44:08.256,12-18 11:55:27.983,1000,0,126,19,5.723476250910393,57.108,0.035,0.214,0.373,0.1,0.278,0.0,0.0,0.041,0.0,0.0,0.0,0.0,0.0,0.112,0.006,0.008,0.125,0.0,0.029,0.0,0.0,0.005,0.0,0.0,0.0,0.022
1013001,1014000,12-18 11:55:27.984,12-18 12:08:12.514,1000,0,128,25,5.282451587399427,54.034,0.012,0.185,0.323,0.126,0.354,0.0,0.0,0.033,0.0,0.0,0.0,0.008,0.0,0.08,0.011,0.025,0.225,0.0,0.004,0.0,0.004,0.003,0.0,0.0,0.0,0.018
1014001,1015000,12-18 12:08:12.514,12-18 12:20:51.342,1000,0,117,21,5.714224158732336,51.953,0.01,0.346,0.452,0.047,0.145,0.0,0.0,0.045,0.0,0.0,0.0,0.008,0.0,0.08,0.009,0.008,0.0,0.0,0.029,0.0,0.004,0.013,0.0,0.0,0.0,0.016
1015001,1016000,12-18 12:20:51.342,12-18 12:38:43.648,1000,0,120,24,5.534158836430717,59.147,0.012,0.269,0.35,0.073,0.296,0.0,0.0,0.066,0.0,0.0,0.0,0.012,0.01,0.128,0.01,0.01,0.115,0.001,0.029,0.0,0.002,0.007,0.002,0.002,0.0,0.022
1016001,1017000,12-18 12:38:43.648,12-18 12:38:44.023,1000,0,195,23,6.584970045728454,60.796,0.065,0.312,0.401,0.072,0.15,0.0,0.0,0.028,0.0,0.0,0.0,0.0,0.086,0.0,0.017,0.004,0.01,0.004,0.021,0.0,0.002,0.015,0.0,0.0,0.0,0.022
1017001,1018000,12-18 12:38:44.023,12-18 12:38:44.207,1000,0,81,25,2.8228427270937617,72.54,0.013,0.06,0.69,0.016,0.221,0.0,0.628,0.012,0.0,0.0,0.0,0.0,0.016,0.0,0.004,0.007,0.1,0.004,0.005,0.0,0.004,0.002,0.0,0.002,0.0,0.01
1018001,1019000,12-18 12:38:44.207,12-18 12:38:44.658,1000,0,104,30,5.22989839588838,75.612,0.018,0.385,0.506,0.035,0.056,0.0,0.122,0.031,0.096,0.0,0.066,0.008,0.024,0.0,0.007,0.011,0.0,0.012,0.048,0.036,0.0,0.006,0.0,0.015,0.0,0.005
1019001,1020000,12-18 12:38:44.660,12-18 12:38:47.217,1000,0,122,30,5.644992788836113,93.035,0.032,0.211,0.61,0.065,0.082,0.0,0.06,0.051,0.012,0.0,0.008,0.0,0.0,0.0,0.017,0.058,0.0,0.004,0.029,0.004,0.0,0.013,0.008,0.002,0.0,0.004
1020001,1021000,12-18 12:38:47.218,12-18 12:38:49.545,1000,0,76,14,2.9808664357281494,87.183,0.02,0.102,0.707,0.029,0.142,0.0,0.624,0.02,0.0,0.0,0.0,0.012,0.0,0.0,0.012,0.028,0.0,0.001,0.0,0.0,0.002,0.017,0.008,0.002,0.0,0.0
1021001,1022000,12-18 12:38:49.552,12-18 12:38:53.357,1000,0,161,23,6.123401898450131,68.014,0.037,0.207,0.62,0.076,0.06,0.0,0.013,0.038,0.0,0.0,0.0,0.008,0.0,0.0,0.021,0.034,0.0,0.0,0.001,0.0,0.004,0.021,0.012,0.0,0.0,0.03
1022001,1023000,12-18 12:38:53.357,12-18 12:38:55.971,1000,0,152,17,5.7285693506705275,77.345,0.044,0.231,0.608,0.031,0.086,0.0,0.0,0.012,0.012,0.0,0.0,0.004,0.047,0.0,0.009,0.05,0.0,0.001,0.007,0.0,0.002,0.007,0.004,0.003,0.0,0.221
1023001,1024000,12-18 12:38:55.971,12-18 12:39:04.846,1000,0,144,23,6.251637183410412,67.45,0.045,0.429,0.4,0.055,0.071,0.0,0.002,0.05,0.024,0.0,0.016,0.024,0.0,0.0,0.01,0.036,0.0,0.012,0.027,0.008,0.008,0.002,0.056,0.012,0.0,0.006
1024001,1025000,12-18 12:39:04.857,12-18 12:39:12.594,1000,0,118,17,6.02014504365265,69.706,0.054,0.442,0.402,0.047,0.055,0.0,0.0,0.046,0.06,0.0,0.04,0.016,0.0,0.0,0.01,0.013,0.0,0.022,0.018,0.02,0.008,0.002,0.048,0.012,0.0,0.0
1025001,1026000,12-18 12:39:12.594,12-18 12:39:23.529,1000,0,151,18,6.069832924718173,76.401,0.045,0.339,0.498,0.066,0.052,0.0,0.004,0.013,0.048,0.0,0.024,0.008,0.0,0.0,0.005,0.059,0.0,0.014,0.035,0.012,0.007,0.001,0.008,0.01,0.0,0.104
1026001,1027000,12-18 12:39:23.530,12-18 12:39:34.512,1000,0,127,20,6.113938792326406,72.445,0.026,0.369,0.547,0.024,0.034,0.0,0.0,0.069,0.036,0.0,0.024,0.024,0.0,0.0,0.014,0.008,0.0,0.014,0.03,0.012,0.014,0.008,0.02,0.01,0.0,0.048
1027001,1028000,12-18 12:39:34.512,12-18 12:39:36.734,1000,0,165,23,6.324922406042142,65.346,0.069,0.301,0.396,0.079,0.155,0.0,0.0,0.052,0.012,0.0,0.008,0.012,0.064,0.0,0.01,0.04,0.0,0.002,0.0,0.004,0.002,0.009,0.002,0.004,0.0,0.0
1028001,1029000,12-18 12:39:36.734,12-18 12:39:39.736,1000,0,181,23,6.525459481665049,57.579,0.039,0.376,0.452,0.07,0.063,0.0,0.0,0.065,0.06,0.0,0.04,0.0,0.016,0.0,0.006,0.004,0.0,0.015,0.017,0.02,0.0,0.004,0.006,0.01,0.0,0.012
1029001,1030000,12-18 12:39:39.736,12-18 12:39:49.091,1000,0,158,31,5.997593675185292,70.161,0.022,0.397,0.332,0.094,0.155,0.0,0.002,0.093,0.036,0.0,0.024,0.024,0.0,0.089,0.017,0.005,0.005,0.007,0.013,0.012,0.013,0.012,0.002,0.013,0.0,0.008
1030001,1031000,12-18 12:39:49.091,12-18 12:41:40.814,1000,0,112,19,5.208913846653958,66.788,0.011,0.432,0.31,0.029,0.218,0.0,0.0,0.093,0.024,0.0,0.016,0.04,0.0,0.151,0.034,0.002,0.005,0.008,0.013,0.008,0.017,0.014,0.0,0.015,0.0,0.004
1031001,1032000,12-18 12:41:40.815,12-18 12:44:47.578,1000,0,96,17,5.67482473390003,61.628,0.028,0.216,0.641,0.062,0.053,0.0,0.0,0.039,0.0,0.0,0.0,0.0,0.0,0.032,0.026,0.007,0.0,0.0,0.007,0.0,0.003,0.014,0.0,0.0,0.0,0.03
1032001,1033000,12-18 12:44:47.578,12-18 12:48:50.367,1000,0,66,14,3.2875756160618335,75.001,0.007,0.085,0.756,0.05,0.102,0.0,0.55,0.026,0.0,0.0,0.0,0.0,0.0,0.056,0.003,0.004,0.005,0.0,0.0,0.0,0.0,0.0,0.0,0.0,0.0,0.014
1033001,1034000,12-18 12:48:50.367,12-18 12:49:44.603,1000,0,122,21,5.593043046641464,68.895,0.012,0.313,0.408,0.059,0.208,0.0,0.0,0.119,0.024,0.0,0.016,0.024,0.0,0.056,0.029,0.008,0.125,0.004,0.002,0.008,0.011,0.009,0.0,0.006,0.0,0.01
1034001,1035000,12-18 12:49:44.603,12-18 12:50:38.331,1000,0,71,14,4.54218002790041,78.369,0.006,0.512,0.272,0.016,0.194,0.0,0.0,0.177,0.072,0.0,0.048,0.008,0.0,0.146,0.058,0.001,0.005,0.008,0.016,0.024,0.007,0.02,0.0,0.01,0.0,0.0
1035001,1036000,12-18 12:50:38.331,12-18 12:55:53.295,1000,0,91,20,4.98624476415075,74.064,0.008,0.358,0.339,0.032,0.263,0.0,0.006,0.13,0.048,0.0,0.032,0.0,0.0,0.11,0.037,0.005,0.12,0.004,0.008,0.016,0.0,0.02,0.0,0.004,0.0,0.006
1036001,1037000,12-18 12:55:53.295,12-18 13:01:06.014,1000,0,106,22,5.498635946454228,71.102,0.008,0.282,0.445,0.037,0.228,0.0,0.004,0.095,0.024,0.0,0.016,0.016,0.0,0.08,0.026,0.007,0.115,0.004,0.028,0.008,0.011,0.009,0.0,0.006,0.0,0.012
1037001,1038000,12-18 13:01:06.020,12-18 13:01:45.139,1000,0,112,19,5.571210836737018,68.15,0.011,0.385,0.435,0.025,0.144,0.0,0.0,0.126,0.048,0.0,0.032,0.012,0.0,0.083,0.04,0.0,0.01,0.005,0.007,0.016,0.005,0.014,0.0,0.006,0.0,0.002
1038001,1039000,12-18 13:01:45.139,12-18 13:06:01.690,1000,0,89,14,5.216244457180962,74.714,0.006,0.361,0.421,0.057,0.155,0.0,0.016,0.136,0.048,0.0,0.032,0.028,0.0,0.109,0.043,0.006,0.0,0.009,0.0,0.016,0.013,0.013,0.0,0.014,0.0,0.014
1039001,1040000,12-18 13:06:01.698,12-18 13:11:03.457,1000,0,91,19,5.254025069607271,76.791,0.005,0.416,0.404,0.06,0.115,0.0,0.0,0.167,0.048,0.0,0.032,0.044,0.0,0.048,0.042,0.004,0.0,0.007,0.004,0.016,0.01,0.017,0.0,0.01,0.0,0.004
1040001,1041000,12-18 13:11:03.457,12-18 13:11:03.800,1000,0,126,22,5.402517852308917,62.908,0.006,0.367,0.402,0.06,0.165,0.0,0.004,0.035,0.012,0.0,0.018,0.0,0.0,0.0,0.009,0.018,0.11,0.007,0.043,0.01,0.005,0.007,0.0,0.008,0.0,0.002
1041001,1042000,12-18 13:11:03.800,12-18 13:11:15.807,1000,0,107,25,5.72329581474052,59.69,0.02,0.212,0.665,0.075,0.028,0.0,0.01,0.034,0.0,0.0,0.0,0.012,0.0,0.0,0.032,0.032,0.0,0.0,0.009,0.0,0.005,0.016,0.0,0.0,0.0,0.03
1042001,1043000,12-18 13:11:15.809,12-18 13:27:17.919,1000,0,92,16,5.588677323898797,60.425,0.018,0.24,0.542,0.059,0.141,0.0,0.0,0.052,0.0,0.0,0.0,0.008,0.0,0.112,0.021,0.011,0.005,0.0,0.006,0.0,0.004,0.01,0.0,0.0,0.0,0.026
1043001,1044000,12-18 13:27:17.919,12-18 13:53:07.581,1000,0,90,16,5.281892201991399,55.796,0.018,0.199,0.414,0.053,0.316,0.0,0.0,0.04,0.0,0.0,0.0,0.008,0.0,0.08,0.011,0.009,0.181,0.0,0.029,0.0,0.004,0.007,0.0,0.0,0.0,0.024
1044001,1045000,12-18 13:53:07.581,12-18 14:07:28.634,1000,0,170,22,6.182385196187298,61.73,0.027,0.294,0.372,0.072,0.235,0.0,0.0,0.073,0.0,0.0,0.0,0.012,0.08,0.048,0.007,0.002,0.054,0.001,0.024,0.0,0.002,0.004,0.002,0.002,0.0,0.016
1045001,1046000,12-18 14:07:28.634,12-18 14:07:29.109,1000,0,172,26,6.203566807424583,55.897,0.062,0.285,0.412,0.042,0.199,0.0,0.0,0.02,0.0,0.0,0.0,0.0,0.032,0.0,0.012,0.007,0.11,0.004,0.046,0.0,0.002,0.01,0.0,0.0,0.0,0.004
1046001,1047000,12-18 14:07:29.109,12-18 14:07:29.567,1000,0,126,29,5.666271237553855,72.68,0.018,0.38,0.472,0.036,0.094,0.0,0.094,0.04,0.06,0.0,0.042,0.008,0.032,0.0,0.008,0.017,0.0,0.011,0.021,0.024,0.004,0.011,0.0,0.011,0.0,0.002
1047001,1048000,12-18 14:07:29.567,12-18 14:07:30.523,1000,0,94,25,4.780085456077911,78.843,0.011,0.165,0.699,0.055,0.07,0.0,0.254,0.044,0.024,0.0,0.016,0.0,0.0,0.0,0.008,0.029,0.0,0.004,0.039,0.008,0.0,0.003,0.0,0.004,0.0,0.002
1048001,1049000,12-18 14:07:30.523,12-18 14:07:32.419,1000,0,49,12,2.4706995486356536,89.683,0.002,0.054,0.832,0.025,0.087,0.0,0.671,0.01,0.012,0.0,0.008,0.0,0.0,0.0,0.002,0.01,0.0,0.004,0.019,0.004,0.0,0.002,0.004,0.002,0.0,0.0
1049001,1050000,12-18 14:07:32.419,12-18 14:07:34.576,1000,0,95,17,3.908178102607012,79.488,0.028,0.11,0.666,0.062,0.134,0.0,0.472,0.014,0.0,0.0,0.0,0.012,0.0,0.0,0.005,0.031,0.0,0.001,0.011,0.0,0.006,0.016,0.004,0.002,0.0,0.0
1050001,1051000,12-18 14:07:34.576,12-18 14:07:37.918,1000,0,102,17,5.171229621522948,74.761,0.01,0.368,0.376,0.115,0.131,0.0,0.0,0.065,0.0,0.0,0.0,0.008,0.0,0.0,0.009,0.022,0.0,0.0,0.105,0.0,0.0,0.107,0.0,0.0,0.001,0.002
1051001,1052000,12-18 14:07:37.923,12-18 14:07:45.634,1000,0,146,22,6.022943894723632,69.391,0.009,0.407,0.339,0.089,0.156,0.0,0.002,0.054,0.024,0.0,0.016,0.012,0.047,0.016,0.014,0.024,0.005,0.009,0.052,0.008,0.002,0.061,0.031,0.005,0.001,0.0
1052001,1053000,12-18 14:07:45.635,12-18 14:07:59.866,1000,0,137,16,5.795220616714891,66.929,0.007,0.293,0.614,0.046,0.04,0.0,0.002,0.041,0.084,0.0,0.047,0.024,0.0,0.0,0.009,0.023,0.01,0.028,0.0,0.023,0.015,0.003,0.061,0.02,0.0,0.086
1053001,1054000,12-18 14:07:59.867,12-18 14:08:03.576,1000,0,132,18,6.121519143230482,78.709,0.04,0.312,0.482,0.081,0.085,0.0,0.0,0.048,0.024,0.0,0.017,0.008,0.0,0.0,0.013,0.026,0.0,0.01,0.047,0.009,0.004,0.068,0.008,0.007,0.0,0.004
1054001,1055000,12-18 14:08:03.577,12-18 14:08:16.266,1000,0,95,16,5.2661803347275296,74.588,0.009,0.452,0.403,0.084,0.052,0.0,0.002,0.059,0.096,0.0,0.064,0.02,0.0,0.0,0.01,0.017,0.0,0.035,0.073,0.032,0.013,0.063,0.04,0.022,0.0,0.0
1055001,1056000,12-18 14:08:16.271,12-18 14:08:19.448,1000,0,98,13,5.375087337843086,82.554,0.041,0.35,0.465,0.085,0.059,0.0,0.0,0.061,0.024,0.0,0.016,0.008,0.0,0.0,0.004,0.032,0.0,0.01,0.1,0.008,0.007,0.1,0.008,0.007,0.0,0.002
1056001,1057000,12-18 14:08:19.448,12-18 14:08:21.249,1000,0,73,12,4.183387162430504,68.195,0.007,0.376,0.367,0.144,0.106,0.0,0.0,0.087,0.0,0.0,0.0,0.004,0.0,0.0,0.006,0.0,0.0,0.001,0.174,0.0,0.002,0.178,0.0,0.002,0.0,0.0
1057001,1058000,12-18 14:08:21.250,12-18 14:08:25.217,1000,0,97,14,4.620129965648021,71.632,0.016,0.469,0.366,0.106,0.043,0.0,0.002,0.112,0.024,0.0,0.016,0.0,0.0,0.0,0.005,0.023,0.0,0.008,0.146,0.008,0.0,0.148,0.036,0.003,0.0,0.0
1058001,1059000,12-18 14:08:25.218,12-18 14:08:33.528,1000,0,87,14,4.807186362899731,76.211,0.034,0.393,0.424,0.103,0.046,0.0,0.0,0.11,0.024,0.0,0.016,0.02,0.0,0.0,0.005,0.028,0.0,0.011,0.132,0.008,0.013,0.132,0.012,0.01,0.0,0.0
1059001,1060000,12-18 14:08:33.530,12-18 14:08:45.836,1000,0,69,14,4.803939213117596,78.159,0.016,0.436,0.403,0.108,0.037,0.0,0.004,0.093,0.084,0.0,0.056,0.012,0.0,0.0,0.004,0.023,0.0,0.031,0.102,0.028,0.009,0.105,0.032,0.018,0.0,0.0
1060001,1061000,12-18 14:08:45.836,12-18 14:08:54.730,1000,0,83,11,4.91813831057367,76.943,0.02,0.447,0.388,0.11,0.035,0.0,0.0,0.102,0.06,0.0,0.04,0.02,0.0,0.0,0.005,0.024,0.0,0.023,0.108,0.02,0.013,0.108,0.028,0.013,0.0,0.0
1061001,1062000,12-18 14:08:54.731,12-18 14:09:01.192,1000,0,90,15,4.741799232812205,75.683,0.023,0.445,0.407,0.095,0.03,0.0,0.0,0.093,0.072,0.0,0.047,0.004,0.0,0.0,0.001,0.022,0.0,0.025,0.126,0.023,0.005,0.126,0.036,0.013,0.0,0.002
1062001,1063000,12-18 14:09:01.195,12-18 14:09:18.957,1000,0,77,14,4.8963404211288,78.3,0.031,0.453,0.425,0.06,0.031,0.0,0.002,0.075,0.12,0.0,0.081,0.028,0.0,0.0,0.007,0.024,0.0,0.045,0.076,0.041,0.017,0.076,0.04,0.027,0.0,0.0
1063001,1064000,12-18 14:09:18.960,12-18 14:09:29.625,1000,0,98,14,5.1381811373199255,72.719,0.019,0.371,0.437,0.105,0.068,0.0,0.002,0.087,0.036,0.0,0.024,0.012,0.0,0.0,0.008,0.003,0.0,0.015,0.125,0.012,0.012,0.128,0.008,0.011,0.0,0.0
1064001,1065000,12-18 14:09:29.625,12-18 14:09:32.586,1000,0,106,17,4.82774519063976,73.0,0.019,0.415,0.385,0.118,0.063,0.0,0.0,0.099,0.012,0.0,0.008,0.004,0.0,0.0,0.006,0.021,0.0,0.005,0.137,0.004,0.002,0.14,0.004,0.004,0.0,0.0
1065001,1066000,12-18 14:09:32.587,12-18 14:09:40.410,1000,0,77,12,4.735319561741221,77.121,0.029,0.442,0.398,0.089,0.042,0.0,0.0,0.105,0.075,0.0,0.048,0.012,0.0,0.0,0.003,0.023,0.0,0.029,0.116,0.024,0.009,0.116,0.02,0.014,0.0,0.0
1066001,1067000,12-18 14:09:40.410,12-18 14:09:52.140,1000,0,85,14,4.717869495091862,77.417,0.015,0.47,0.389,0.084,0.042,0.0,0.002,0.082,0.093,0.0,0.064,0.012,0.0,0.0,0.003,0.024,0.01,0.031,0.114,0.032,0.009,0.114,0.03,0.019,0.0,0.0
1067001,1068000,12-18 14:09:52.140,12-18 14:10:00.154,1000,0,96,17,5.127474687602471,75.479,0.026,0.45,0.42,0.074,0.03,0.0,0.0,0.096,0.072,0.0,0.048,0.016,0.0,0.0,0.006,0.023,0.0,0.026,0.094,0.024,0.011,0.094,0.05,0.014,0.0,0.002
1068001,1069000,12-18 14:10:00.156,12-18 14:10:04.798,1000,0,67,14,4.204369596082554,74.392,0.019,0.422,0.373,0.138,0.048,0.0,0.002,0.117,0.048,0.0,0.032,0.016,0.0,0.0,0.002,0.022,0.0,0.017,0.152,0.016,0.004,0.152,0.012,0.011,0.0,0.0
1069001,1070000,12-18 14:10:04.802,12-18 14:10:17.609,1000,0,102,17,5.2545036106111445,78.931,0.042,0.43,0.361,0.08,0.087,0.0,0.0,0.113,0.012,0.0,0.008,0.024,0.0,0.0,0.008,0.048,0.0,0.01,0.084,0.004,0.011,0.084,0.068,0.006,0.004,0.0
1070001,1071000,12-18 14:10:17.610,12-18 14:10:35.691,1000,0,107,20,5.576919372638894,77.686,0.029,0.433,0.385,0.067,0.086,0.0,0.002,0.091,0.06,0.0,0.033,0.036,0.0,0.0,0.011,0.014,0.05,0.021,0.034,0.016,0.02,0.034,0.076,0.02,0.027,0.0
1071001,1072000,12-18 14:10:35.691,12-18 14:10:43.245,1000,0,28,7,2.2097134239920693,82.526,0.006,0.257,0.498,0.23,0.009,0.0,0.0,0.006,0.0,0.0,0.007,0.008,0.0,0.0,0.002,0.001,0.0,0.002,0.0,0.004,0.007,0.0,0.012,0.004,0.454,0.0
1072001,1073000,12-18 14:10:43.247,12-18 14:10:45.988,1000,0,137,15,5.258138000881059,67.658,0.007,0.249,0.523,0.111,0.11,0.0,0.002,0.017,0.012,0.0,0.0,0.0,0.0,0.016,0.002,0.005,0.005,0.0,0.012,0.0,0.0,0.002,0.008,0.001,0.164,0.076
1073001,1074000,12-18 14:10:45.988,12-18 14:10:50.394,1000,0,99,9,4.338413508214826,73.077,0.008,0.193,0.608,0.155,0.036,0.0,0.0,0.006,0.012,0.0,0.0,0.008,0.0,0.0,0.004,0.003,0.0,0.002,0.0,0.0,0.007,0.002,0.012,0.005,0.264,0.068
1074001,1075000,12-18 14:10:50.396,12-18 14:10:51.620,1000,0,65,18,3.6686547006951886,59.011,0.0,0.701,0.204,0.052,0.043,0.0,0.0,0.012,0.0,0.423,0.0,0.0,0.0,0.0,0.005,0.009,0.0,0.0,0.028,0.0,0.0,0.008,0.0,0.0,0.074,0.0
1075001,1076000,12-18 14:10:51.620,12-18 14:10:51.903,1000,0,74,10,2.6595382859952195,59.951,0.002,0.799,0.11,0.017,0.072,0.0,0.0,0.0,0.0,0.676,0.002,0.009,0.0,0.0,0.012,0.002,0.0,0.001,0.002,0.004,0.002,0.015,0.0,0.002,0.018,0.0
1076001,1077000,12-18 14:10:51.903,12-18 14:10:52.258,1000,0,91,12,3.1643436198507917,52.769,0.005,0.744,0.198,0.016,0.037,0.0,0.0,0.004,0.0,0.627,0.0,0.004,0.0,0.0,0.007,0.006,0.0,0.0,0.007,0.0,0.0,0.014,0.004,0.0,0.022,0.008
1077001,1078000,12-18 14:10:52.258,12-18 14:10:52.749,1000,0,57,11,1.9768063765226256,43.957,0.0,0.772,0.163,0.026,0.039,0.0,0.0,0.0,0.0,0.752,0.0,0.0,0.0,0.0,0.002,0.002,0.0,0.0,0.0,0.0,0.0,0.002,0.0,0.0,0.028,0.034
1078001,1079000,12-18 14:10:52.749,12-18 14:10:57.582,1000,0,87,17,4.150543123593202,74.763,0.01,0.366,0.424,0.153,0.047,0.0,0.0,0.039,0.0,0.099,0.0,0.012,0.0,0.0,0.005,0.008,0.0,0.001,0.044,0.0,0.006,0.045,0.012,0.002,0.252,0.0
1079001,1080000,12-18 14:10:57.588,12-18 14:11:02.424,1000,0,108,17,4.00890886124166,64.341,0.023,0.682,0.23,0.03,0.035,0.0,0.0,0.044,0.012,0.483,0.008,0.008,0.0,0.0,0.004,0.022,0.0,0.006,0.033,0.004,0.007,0.035,0.02,0.006,0.013,0.002
1080001,1081000,12-18 14:11:02.424,12-18 14:11:08.854,1000,0,77,14,3.399953735021248,68.738,0.004,0.459,0.357,0.138,0.042,0.0,0.002,0.006,0.012,0.281,0.008,0.004,0.0,0.0,0.005,0.001,0.0,0.005,0.003,0.004,0.002,0.005,0.01,0.003,0.256,0.002
1081001,1082000,12-18 14:11:08.859,12-18 14:11:12.416,1000,0,49,10,2.689934842214657,65.005,0.005,0.61,0.256,0.11,0.019,0.0,0.0,0.01,0.0,0.45,0.0,0.0,0.0,0.0,0.002,0.001,0.0,0.0,0.002,0.0,0.003,0.004,0.014,0.0,0.211,0.0
1082001,1083000,12-18 14:11:12.416,12-18 14:11:16.649,1000,0,79,13,3.6966500012602337,66.454,0.003,0.41,0.41,0.133,0.044,0.0,0.0,0.015,0.0,0.24,0.0,0.016,0.0,0.0,0.006,0.001,0.0,0.002,0.003,0.0,0.008,0.004,0.016,0.004,0.253,0.01
1083001,1084000,12-18 14:11:16.649,12-18 14:11:19.281,1000,0,150,15,5.60834570165681,79.093,0.037,0.273,0.527,0.14,0.023,0.0,0.0,0.007,0.012,0.031,0.0,0.004,0.0,0.0,0.006,0.022,0.0,0.001,0.003,0.0,0.002,0.007,0.008,0.003,0.158,0.072
1084001,1085000,12-18 14:11:19.281,12-18 14:11:19.899,1000,0,54,11,2.609123459201608,58.88,0.002,0.774,0.139,0.06,0.025,0.0,0.0,0.011,0.0,0.618,0.0,0.004,0.0,0.0,0.003,0.002,0.0,0.0,0.021,0.0,0.003,0.024,0.0,0.0,0.063,0.0
1085001,1086000,12-18 14:11:19.911,12-18 14:11:22.021,1000,0,85,18,3.8539697155537413,83.052,0.033,0.31,0.425,0.18,0.052,0.0,0.0,0.035,0.0,0.0,0.0,0.008,0.0,0.0,0.003,0.022,0.0,0.0,0.018,0.0,0.0,0.007,0.004,0.0,0.314,0.0
1086001,1087000,12-18 14:11:22.022,12-18 14:11:24.560,1000,0,21,6,1.8108971154824567,84.429,0.0,0.27,0.491,0.238,0.001,0.0,0.002,0.008,0.0,0.0,0.0,0.0,0.0,0.0,0.001,0.001,0.0,0.001,0.0,0.0,0.002,0.0,0.008,0.001,0.478,0.0
1087001,1088000,12-18 14:11:24.560,12-18 14:11:26.230,1000,0,55,14,3.780830894931224,69.859,0.0,0.322,0.461,0.175,0.042,0.0,0.0,0.008,0.0,0.0,0.0,0.008,0.0,0.0,0.004,0.001,0.0,0.001,0.008,0.0,0.002,0.005,0.008,0.003,0.28,0.0
1088001,1089000,12-18 14:11:26.236,12-18 14:11:28.493,1000,0,39,9,2.1883323201140388,81.572,0.0,0.262,0.509,0.229,0.0,0.0,0.0,0.006,0.0,0.0,0.0,0.004,0.0,0.0,0.001,0.0,0.0,0.001,0.0,0.0,0.002,0.0,0.02,0.002,0.456,0.0
1089001,1090000,12-18 14:11:28.498,12-18 14:11:29.234,1000,0,56,8,2.6869408791564284,65.318,0.006,0.722,0.185,0.073,0.014,0.0,0.0,0.002,0.0,0.523,0.0,0.0,0.0,0.0,0.003,0.0,0.0,0.0,0.0,0.0,0.0,0.002,0.004,0.0,0.156,0.0
1090001,1091000,12-18 14:11:29.234,12-18 14:11:29.657,1000,0,92,14,4.843217554227391,69.412,0.012,0.651,0.266,0.035,0.036,0.0,0.0,0.006,0.0,0.29,0.002,0.0,0.0,0.0,0.013,0.001,0.0,0.0,0.021,0.004,0.003,0.024,0.0,0.0,0.06,0.0
1091001,1092000,12-18 14:11:29.657,12-18 14:11:30.547,1000,0,97,16,5.007345640969388,63.261,0.008,0.578,0.304,0.071,0.039,0.0,0.0,0.004,0.0,0.036,0.006,0.0,0.0,0.0,0.006,0.001,0.0,0.0,0.012,0.012,0.0,0.01,0.0,0.0,0.114,0.0
1092001,1093000,12-18 14:11:30.547,12-18 14:11:30.751,1000,0,109,20,3.655493059082957,78.975,0.006,0.22,0.693,0.04,0.041,0.0,0.54,0.029,0.0,0.02,0.008,0.0,0.0,0.0,0.01,0.004,0.0,0.002,0.007,0.002,0.001,0.006,0.0,0.005,0.037,0.0
1093001,1094000,12-18 14:11:30.751,12-18 14:11:31.295,1000,0,128,25,5.7010892266352595,77.329,0.027,0.443,0.416,0.072,0.042,0.0,0.006,0.028,0.0,0.017,0.02,0.022,0.0,0.0,0.005,0.023,0.0,0.002,0.03,0.008,0.002,0.01,0.0,0.008,0.024,0.0
1094001,1095000,12-18 14:11:31.295,12-18 14:11:31.604,1000,0,80,25,3.016228781985433,60.447,0.009,0.639,0.238,0.033,0.081,0.0,0.0,0.002,0.0,0.622,0.012,0.003,0.0,0.0,0.004,0.01,0.0,0.0,0.032,0.006,0.0,0.003,0.0,0.004,0.04,0.0
1095001,1096000,12-18 14:11:31.604,12-18 14:11:32.573,1000,0,90,26,4.6175985830562425,80.278,0.006,0.207,0.59,0.095,0.102,0.0,0.288,0.015,0.0,0.024,0.008,0.007,0.0,0.0,0.007,0.027,0.0,0.004,0.039,0.002,0.0,0.004,0.0,0.004,0.09,0.0
1096001,1097000,12-18 14:11:32.573,12-18 14:11:33.328,1000,0,55,15,3.0752908480172656,82.082,0.004,0.103,0.776,0.083,0.034,0.0,0.494,0.007,0.0,0.003,0.0,0.0,0.0,0.0,0.001,0.022,0.0,0.0,0.0,0.0,0.0,0.001,0.0,0.0,0.114,0.0
1097001,1098000,12-18 14:11:33.328,12-18 14:11:33.675,1000,0,48,16,2.3106856451000923,80.528,0.0,0.063,0.861,0.043,0.033,0.0,0.689,0.02,0.0,0.0,0.0,0.015,0.0,0.0,0.003,0.01,0.0,0.001,0.009,0.0,0.006,0.004,0.002,0.002,0.044,0.0
1098001,1099000,12-18 14:11:33.677,12-18 14:11:35.196,1000,0,93,21,4.381933875746859,85.993,0.009,0.124,0.676,0.083,0.108,0.0,0.303,0.012,0.0,0.0,0.0,0.005,0.0,0.0,0.004,0.02,0.0,0.001,0.017,0.0,0.002,0.017,0.002,0.002,0.11,0.0
1099001,1100000,12-18 14:11:35.197,12-18 14:11:39.260,1000,0,82,12,4.296009436906688,71.679,0.011,0.227,0.587,0.149,0.026,0.0,0.042,0.013,0.0,0.028,0.0,0.005,0.0,0.0,0.001,0.005,0.0,0.001,0.0,0.0,0.004,0.001,0.012,0.002,0.242,0.0
1100001,1101000,12-18 14:11:39.260,12-18 14:11:40.350,1000,0,76,13,3.49061079306965,63.658,0.009,0.519,0.336,0.057,0.079,0.0,0.17,0.046,0.0,0.414,0.0,0.001,0.0,0.0,0.001,0.007,0.0,0.0,0.05,0.0,0.004,0.052,0.004,0.0,0.024,0.0
1101001,1102000,12-18 14:11:40.350,12-18 14:11:43.203,1000,0,113,17,4.420807671388522,58.745,0.017,0.473,0.406,0.037,0.067,0.0,0.018,0.022,0.0,0.325,0.0,0.012,0.0,0.0,0.003,0.026,0.0,0.002,0.022,0.0,0.004,0.022,0.004,0.004,0.0,0.0
1102001,1103000,12-18 14:11:43.204,12-18 14:11:51.462,1000,0,118,20,5.612741128317103,60.168,0.027,0.338,0.403,0.083,0.149,0.0,0.002,0.059,0.0,0.016,0.0,0.007,0.094,0.0,0.003,0.027,0.01,0.001,0.073,0.0,0.004,0.067,0.016,0.002,0.009,0.0
1103001,1104000,12-18 14:11:51.466,12-18 14:12:00.437,1000,0,114,20,4.884523176532398,64.222,0.019,0.557,0.313,0.05,0.061,0.0,0.0,0.056,0.0,0.334,0.0,0.025,0.0,0.0,0.006,0.029,0.0,0.003,0.015,0.0,0.012,0.009,0.036,0.006,0.013,0.002
1104001,1105000,12-18 14:12:00.437,12-18 14:12:05.651,1000,0,78,14,4.060571459421373,71.563,0.015,0.356,0.413,0.162,0.054,0.0,0.002,0.024,0.0,0.087,0.0,0.005,0.0,0.0,0.004,0.004,0.0,0.001,0.018,0.0,0.004,0.011,0.02,0.002,0.275,0.0
1105001,1106000,12-18 14:12:05.653,12-18 14:12:11.657,1000,0,73,13,3.474293209612536,78.316,0.009,0.302,0.48,0.191,0.018,0.0,0.0,0.014,0.0,0.013,0.002,0.01,0.0,0.0,0.006,0.005,0.0,0.002,0.008,0.002,0.006,0.003,0.016,0.004,0.36,0.002
1106001,1107000,12-18 14:12:11.658,12-18 14:12:13.613,1000,0,112,15,4.932266027398189,80.711,0.015,0.297,0.482,0.162,0.044,0.0,0.0,0.041,0.0,0.005,0.0,0.005,0.0,0.0,0.005,0.037,0.0,0.001,0.02,0.0,0.002,0.022,0.008,0.002,0.201,0.002
1107001,1108000,12-18 14:12:13.613,12-18 14:12:15.497,1000,0,87,16,3.4506933435906335,82.312,0.009,0.274,0.505,0.2,0.012,0.0,0.0,0.013,0.0,0.003,0.002,0.015,0.0,0.0,0.011,0.035,0.0,0.001,0.008,0.002,0.006,0.008,0.004,0.002,0.37,0.0
1108001,1109000,12-18 14:12:15.498,12-18 14:12:17.809,1000,0,71,12,3.0456989371718093,80.559,0.013,0.249,0.512,0.213,0.013,0.0,0.0,0.005,0.0,0.005,0.0,0.0,0.0,0.0,0.008,0.013,0.0,0.0,0.0,0.0,0.0,0.007,0.004,0.0,0.4,0.0
1109001,1110000,12-18 14:12:17.812,12-18 14:12:19.941,1000,0,39,7,2.6792102645887375,83.868,0.01,0.268,0.471,0.237,0.014,0.0,0.0,0.003,0.0,0.005,0.0,0.0,0.0,0.0,0.002,0.039,0.0,0.0,0.0,0.0,0.002,0.002,0.0,0.0,0.402,0.0
1110001,1111000,12-18 14:12:19.947,12-18 14:12:22.161,1000,0,33,13,2.256299068060619,80.864,0.002,0.245,0.52,0.226,0.007,0.0,0.0,0.006,0.0,0.003,0.0,0.005,0.0,0.0,0.002,0.001,0.0,0.001,0.008,0.0,0.002,0.001,0.0,0.002,0.444,0.0
1111001,1112000,12-18 14:12:22.161,12-18 14:12:23.326,1000,0,119,15,4.727707989788122,79.958,0.033,0.321,0.435,0.122,0.089,0.0,0.0,0.017,0.0,0.002,0.0,0.005,0.0,0.0,0.01,0.027,0.0,0.001,0.0,0.0,0.002,0.007,0.004,0.002,0.238,0.002
1112001,1113000,12-18 14:12:23.329,12-18 14:12:25.251,1000,0,35,8,2.5388880045137676,82.681,0.002,0.263,0.477,0.24,0.018,0.0,0.002,0.0,0.0,0.003,0.0,0.0,0.0,0.0,0.001,0.019,0.0,0.0,0.0,0.0,0.0,0.001,0.0,0.0,0.422,0.0
1113001,1114000,12-18 14:12:25.255,12-18 14:12:27.630,1000,0,31,10,2.3163845466265798,80.559,0.003,0.274,0.478,0.228,0.017,0.0,0.0,0.006,0.0,0.01,0.0,0.0,0.0,0.0,0.001,0.0,0.0,0.0,0.008,0.0,0.002,0.001,0.0,0.0,0.442,0.0
1114001,1115000,12-18 14:12:27.633,12-18 14:12:29.986,1000,0,29,9,2.0606924999252016,82.34,0.002,0.239,0.516,0.24,0.003,0.0,0.0,0.0,0.0,0.003,0.0,0.005,0.0,0.0,0.002,0.004,0.0,0.001,0.0,0.0,0.002,0.0,0.0,0.002,0.464,0.0
1115001,1116000,12-18 14:12:29.989,12-18 14:12:32.053,1000,0,16,6,2.1941695901418155,81.496,0.0,0.26,0.465,0.264,0.011,0.0,0.0,0.018,0.0,0.0,0.0,0.0,0.0,0.0,0.0,0.0,0.0,0.0,0.0,0.0,0.0,0.0,0.0,0.0,0.44,0.0
1116001,1117000,12-18 14:12:32.055,12-18 14:12:34.203,1000,0,48,11,2.889458109342371,79.944,0.003,0.253,0.517,0.216,0.011,0.0,0.0,0.014,0.0,0.005,0.002,0.01,0.0,0.0,0.004,0.013,0.0,0.0,0.008,0.002,0.004,0.002,0.0,0.0,0.392,0.0
1117001,1118000,12-18 14:12:34.208,12-18 14:12:36.514,1000,0,32,7,2.2778073920023627,80.776,0.004,0.27,0.49,0.229,0.007,0.0,0.0,0.0,0.0,0.008,0.002,0.005,0.0,0.0,0.002,0.004,0.0,0.001,0.0,0.002,0.004,0.001,0.0,0.002,0.446,0.0
1118001,1119000,12-18 14:12:36.515,12-18 14:12:38.613,1000,0,34,6,2.523007712769358,78.923,0.0,0.232,0.551,0.21,0.007,0.0,0.0,0.0,0.0,0.002,0.0,0.0,0.0,0.0,0.002,0.003,0.0,0.0,0.0,0.0,0.0,0.001,0.0,0.0,0.412,0.0
1119001,1120000,12-18 14:12:38.615,12-18 14:12:40.235,1000,0,37,8,2.7343191442389396,72.695,0.003,0.461,0.35,0.166,0.02,0.0,0.0,0.01,0.0,0.276,0.002,0.0,0.0,0.0,0.003,0.004,0.0,0.0,0.008,0.002,0.0,0.002,0.0,0.0,0.304,0.0
1120001,1121000,12-18 14:12:40.235,12-18 14:12:41.122,1000,0,108,12,4.3461611502106035,62.804,0.071,0.449,0.331,0.106,0.043,0.0,0.0,0.009,0.0,0.284,0.0,0.005,0.0,0.0,0.005,0.012,0.0,0.001,0.0,0.0,0.002,0.004,0.0,0.002,0.168,0.007
1121001,1122000,12-18 14:12:41.122,12-18 14:12:43.128,1000,0,80,12,3.5509330390067384,79.668,0.035,0.272,0.468,0.214,0.011,0.0,0.0,0.009,0.0,0.005,0.002,0.0,0.0,0.0,0.002,0.024,0.0,0.0,0.0,0.002,0.0,0.002,0.0,0.0,0.352,0.004
1122001,1123000,12-18 14:12:43.129,12-18 14:12:45.229,1000,0,35,7,2.5418001917721478,80.737,0.005,0.289,0.486,0.218,0.002,0.0,0.002,0.0,0.0,0.008,0.004,0.0,0.0,0.0,0.002,0.005,0.0,0.0,0.002,0.004,0.002,0.004,0.0,0.0,0.428,0.0
1123001,1124000,12-18 14:12:45.229,12-18 14:12:47.351,1000,0,68,13,3.3280259292053027,76.61,0.0,0.268,0.537,0.183,0.012,0.0,0.0,0.01,0.0,0.0,0.0,0.005,0.0,0.0,0.003,0.002,0.0,0.001,0.008,0.0,0.002,0.002,0.0,0.002,0.358,0.015
1124001,1125000,12-18 14:12:47.360,12-18 14:12:49.937,1000,0,39,6,2.2298316081227716,81.354,0.003,0.254,0.502,0.236,0.005,0.0,0.0,0.003,0.0,0.005,0.0,0.0,0.0,0.0,0.0,0.001,0.0,0.0,0.0,0.0,0.0,0.0,0.002,0.0,0.452,0.0
1125001,1126000,12-18 14:12:49.937,12-18 14:12:51.297,1000,0,72,9,3.9711661411449106,73.373,0.007,0.269,0.576,0.14,0.008,0.0,0.0,0.0,0.0,0.008,0.0,0.0,0.0,0.0,0.006,0.002,0.0,0.0,0.0,0.0,0.002,0.004,0.002,0.0,0.269,0.12
1126001,1127000,12-18 14:12:51.297,12-18 14:12:53.251,1000,0,91,16,3.9952986412939886,77.238,0.015,0.241,0.473,0.169,0.102,0.0,0.0,0.013,0.0,0.002,0.0,0.005,0.0,0.016,0.009,0.012,0.065,0.001,0.003,0.0,0.002,0.006,0.004,0.002,0.315,0.006
1127001,1128000,12-18 14:12:53.259,12-18 14:12:54.855,1000,0,102,12,4.594614887992123,78.506,0.014,0.276,0.525,0.178,0.007,0.0,0.0,0.031,0.0,0.003,0.0,0.01,0.0,0.0,0.007,0.018,0.0,0.0,0.015,0.0,0.004,0.004,0.004,0.0,0.241,0.003
1128001,1129000,12-18 14:12:54.856,12-18 14:12:56.672,1000,0,85,11,3.692589135487316,80.922,0.02,0.263,0.507,0.178,0.032,0.0,0.0,0.013,0.0,0.0,0.0,0.0,0.0,0.016,0.007,0.014,0.005,0.0,0.0,0.0,0.0,0.007,0.006,0.0,0.353,0.002
1129001,1130000,12-18 14:12:56.672,12-18 14:12:58.663,1000,0,102,15,4.014938505965034,83.406,0.011,0.263,0.515,0.195,0.016,0.0,0.0,0.012,0.0,0.005,0.0,0.0,0.0,0.0,0.009,0.024,0.0,0.0,0.005,0.0,0.0,0.012,0.002,0.0,0.323,0.002
1130001,1131000,12-18 14:12:58.664,12-18 14:13:00.125,1000,0,61,8,3.914558353958708,70.631,0.005,0.218,0.652,0.119,0.006,0.0,0.0,0.004,0.0,0.008,0.0,0.005,0.0,0.0,0.003,0.002,0.0,0.001,0.0,0.0,0.004,0.001,0.0,0.002,0.236,0.004
1131001,1132000,12-18 14:13:00.128,12-18 14:13:02.092,1000,0,47,8,2.844755453157591,79.16,0.001,0.231,0.552,0.208,0.008,0.0,0.0,0.0,0.0,0.0,0.0,0.005,0.0,0.0,0.003,0.002,0.0,0.001,0.0,0.0,0.002,0.001,0.0,0.002,0.393,0.002
1132001,1133000,12-18 14:13:02.094,12-18 14:13:04.491,1000,0,44,11,2.397295712980163,84.623,0.007,0.252,0.508,0.225,0.008,0.0,0.002,0.009,0.0,0.005,0.0,0.005,0.0,0.0,0.002,0.005,0.0,0.001,0.0,0.0,0.002,0.001,0.004,0.002,0.444,0.0
1133001,1134000,12-18 14:13:04.491,12-18 14:13:05.548,1000,0,85,13,4.378420498635477,74.238,0.007,0.21,0.688,0.089,0.006,0.0,0.0,0.005,0.0,0.0,0.0,0.0,0.0,0.0,0.008,0.023,0.0,0.0,0.001,0.0,0.0,0.007,0.004,0.0,0.174,0.002
1134001,1135000,12-18 14:13:05.548,12-18 14:13:07.130,1000,0,86,11,4.668490938259121,76.637,0.038,0.234,0.565,0.148,0.015,0.0,0.0,0.011,0.0,0.003,0.0,0.0,0.0,0.0,0.012,0.019,0.0,0.0,0.001,0.0,0.0,0.012,0.012,0.0,0.23,0.0
1135001,1136000,12-18 14:13:07.131,12-18 14:13:08.884,1000,0,104,16,4.628448656282808,81.724,0.016,0.322,0.474,0.163,0.025,0.0,0.0,0.015,0.0,0.007,0.0,0.005,0.0,0.0,0.003,0.058,0.0,0.001,0.018,0.0,0.004,0.019,0.008,0.002,0.255,0.0
1136001,1137000,12-18 14:13:08.884,12-18 14:13:14.930,1000,0,76,14,4.502248813805656,79.356,0.026,0.344,0.44,0.156,0.034,0.0,0.0,0.077,0.0,0.009,0.0,0.02,0.0,0.0,0.004,0.034,0.0,0.002,0.081,0.0,0.008,0.081,0.012,0.004,0.179,0.0
1137001,1138000,12-18 14:13:14.932,12-18 14:13:23.146,1000,0,75,16,4.96901559284556,80.192,0.03,0.415,0.425,0.081,0.049,0.0,0.0,0.099,0.0,0.017,0.0,0.015,0.0,0.0,0.005,0.006,0.0,0.003,0.12,0.0,0.008,0.122,0.02,0.006,0.015,0.0
1138001,1139000,12-18 14:13:23.146,12-18 14:13:24.176,1000,0,107,15,5.333966158741386,72.792,0.025,0.393,0.443,0.073,0.066,0.0,0.002,0.07,0.0,0.028,0.0,0.0,0.0,0.0,0.005,0.005,0.0,0.0,0.113,0.0,0.002,0.115,0.016,0.0,0.0,0.0
1139001,1140000,12-18 14:13:24.177,12-18 14:13:24.737,1000,0,91,15,3.73162756565437,54.696,0.005,0.658,0.246,0.026,0.065,0.0,0.0,0.034,0.0,0.507,0.0,0.005,0.0,0.0,0.008,0.004,0.0,0.0,0.038,0.0,0.0,0.045,0.008,0.0,0.0,0.0
1140001,1141000,12-18 14:13:24.737,12-18 14:13:30.770,1000,0,135,18,5.556473491133078,69.95,0.023,0.347,0.503,0.066,0.061,0.0,0.0,0.069,0.0,0.008,0.0,0.01,0.0,0.0,0.006,0.027,0.0,0.002,0.094,0.0,0.004,0.097,0.02,0.004,0.0,0.002
1141001,1142000,12-18 14:13:30.770,12-18 14:13:31.718,1000,0,71,14,3.8416142586976783,64.466,0.005,0.552,0.328,0.07,0.045,0.0,0.0,0.075,0.0,0.26,0.0,0.0,0.0,0.0,0.003,0.002,0.0,0.0,0.137,0.0,0.002,0.138,0.0,0.0,0.0,0.0
1142001,1143000,12-18 14:13:31.718,12-18 14:13:34.017,1000,0,107,16,4.913588788003465,63.384,0.027,0.463,0.321,0.062,0.127,0.0,0.0,0.078,0.0,0.151,0.0,0.02,0.0,0.0,0.009,0.026,0.05,0.001,0.098,0.0,0.006,0.103,0.008,0.002,0.0,0.0
1143001,1144000,12-18 14:13:34.017,12-18 14:13:40.615,1000,0,79,16,4.49685830810385,75.357,0.025,0.427,0.401,0.086,0.061,0.0,0.0,0.106,0.0,0.013,0.0,0.005,0.0,0.0,0.001,0.023,0.0,0.001,0.148,0.0,0.004,0.148,0.016,0.002,0.0,0.0
1144001,1145000,12-18 14:13:40.616,12-18 14:13:51.084,1000,0,102,16,5.255991461752008,77.995,0.035,0.452,0.36,0.077,0.076,0.0,0.002,0.079,0.0,0.021,0.003,0.01,0.0,0.0,0.004,0.044,0.01,0.002,0.106,0.003,0.006,0.108,0.036,0.004,0.013,0.0
1145001,1146000,12-18 14:13:51.086,12-18 14:13:59.251,1000,0,63,9,3.866528792906922,76.497,0.009,0.281,0.496,0.201,0.013,0.0,0.0,0.019,0.0,0.015,0.005,0.025,0.0,0.0,0.007,0.011,0.0,0.003,0.0,0.005,0.012,0.002,0.014,0.006,0.297,0.0
1146001,1147000,12-18 14:13:59.252,12-18 14:14:01.144,1000,0,51,10,2.404539473152991,54.902,0.004,0.691,0.189,0.066,0.05,0.0,0.0,0.012,0.0,0.618,0.0,0.0,0.0,0.0,0.0,0.003,0.0,0.0,0.0,0.0,0.0,0.0,0.006,0.0,0.123,0.002
1147001,1148000,12-18 14:14:01.146,12-18 14:14:06.525,1000,0,93,13,4.672730938373461,75.571,0.017,0.326,0.488,0.146,0.023,0.0,0.002,0.07,0.0,0.013,0.0,0.01,0.0,0.0,0.002,0.011,0.0,0.002,0.072,0.0,0.006,0.072,0.014,0.004,0.213,0.0
1148001,1149000,12-18 14:14:06.526,12-18 14:14:08.913,1000,0,60,10,4.328810471255895,74.944,0.027,0.445,0.414,0.083,0.031,0.0,0.0,0.111,0.0,0.002,0.0,0.0,0.0,0.0,0.0,0.002,0.0,0.0,0.153,0.0,0.0,0.153,0.014,0.0,0.0,0.0
1149001,1150000,12-18 14:14:08.918,12-18 14:14:09.963,1000,0,95,16,4.313326996096462,66.152,0.01,0.546,0.328,0.058,0.058,0.0,0.0,0.051,0.0,0.293,0.0,0.005,0.0,0.0,0.007,0.004,0.0,0.001,0.106,0.0,0.002,0.108,0.008,0.002,0.0,0.0
1150001,1151000,12-18 14:14:09.963,12-18 14:14:12.001,1000,0,121,18,4.990378326139625,60.807,0.02,0.551,0.316,0.03,0.083,0.0,0.0,0.041,0.0,0.305,0.0,0.005,0.0,0.0,0.007,0.006,0.0,0.0,0.041,0.0,0.002,0.047,0.008,0.0,0.0,0.0
1151001,1152000,12-18 14:14:12.002,12-18 14:14:13.011,1000,0,89,14,4.198062977359259,71.675,0.01,0.408,0.431,0.097,0.054,0.0,0.0,0.101,0.0,0.025,0.0,0.005,0.0,0.0,0.006,0.019,0.0,0.001,0.18,0.0,0.002,0.184,0.0,0.002,0.0,0.002
1152001,1153000,12-18 14:14:13.011,12-18 14:14:16.392,1000,0,71,16,3.737260454286071,56.132,0.004,0.632,0.208,0.037,0.119,0.0,0.0,0.054,0.0,0.423,0.0,0.017,0.0,0.0,0.009,0.005,0.0,0.001,0.058,0.0,0.006,0.064,0.008,0.001,0.0,0.0
1153001,1154000,12-18 14:14:16.392,12-18 14:14:30.291,1000,0,134,19,6.22549234383185,73.577,0.026,0.379,0.5,0.05,0.045,0.0,0.002,0.035,0.0,0.031,0.004,0.018,0.0,0.0,0.013,0.015,0.0,0.003,0.032,0.004,0.01,0.036,0.02,0.007,0.0,0.004
1154001,1155000,12-18 14:14:30.295,12-18 14:14:31.558,1000,0,172,21,6.306436778885372,58.543,0.089,0.327,0.412,0.077,0.095,0.0,0.0,0.053,0.0,0.003,0.0,0.0,0.056,0.0,0.004,0.005,0.0,0.002,0.03,0.0,0.0,0.02,0.006,0.0,0.0,0.002
1155001,1156000,12-18 14:14:31.558,12-18 14:14:57.104,1000,0,163,21,6.357747694654969,55.494,0.019,0.289,0.44,0.074,0.178,0.0,0.0,0.032,0.0,0.007,0.002,0.015,0.0,0.064,0.01,0.009,0.01,0.002,0.0,0.002,0.008,0.004,0.0,0.002,0.0,0.014
1156001,1157000,12-18 14:14:57.104,12-18 14:15:17.933,1000,0,131,22,5.088693209921579,56.277,0.014,0.417,0.183,0.102,0.284,0.0,0.018,0.012,0.0,0.085,0.0,0.005,0.0,0.224,0.004,0.006,0.005,0.001,0.003,0.0,0.004,0.004,0.0,0.002,0.0,0.002
1157001,1158000,12-18 14:15:17.933,12-18 14:15:18.296,1000,0,124,22,5.143963581862876,75.353,0.024,0.358,0.533,0.069,0.016,0.0,0.254,0.028,0.0,0.06,0.006,0.0,0.0,0.0,0.01,0.009,0.0,0.0,0.022,0.006,0.0,0.011,0.0,0.0,0.0,0.0
1158001,1159000,12-18 14:15:18.297,12-18 14:15:19.524,1000,0,147,29,5.991746338280656,71.253,0.02,0.345,0.562,0.042,0.031,0.0,0.095,0.038,0.048,0.0,0.034,0.008,0.0,0.0,0.013,0.021,0.0,0.008,0.038,0.02,0.003,0.009,0.0,0.01,0.0,0.01
1159001,1160000,12-18 14:15:19.524,12-18 14:15:20.145,1000,0,107,25,4.56110321977357,78.117,0.026,0.149,0.733,0.033,0.059,0.0,0.367,0.018,0.024,0.0,0.016,0.0,0.0,0.0,0.008,0.023,0.0,0.004,0.053,0.008,0.0,0.004,0.0,0.003,0.0,0.002
1160001,1161000,12-18 14:15:20.146,12-18 14:15:20.272,1000,0,12,5,0.3447994260898591,82.439,0.0,0.018,0.965,0.002,0.015,0.0,0.961,0.016,0.0,0.0,0.0,0.0,0.0,0.0,0.0,0.004,0.0,0.0,0.0,0.0,0.0,0.0,0.0,0.0,0.0,0.0
1161001,1162000,12-18 14:15:20.272,12-18 14:15:20.753,1000,0,68,16,2.6631171547117574,85.425,0.001,0.072,0.843,0.039,0.045,0.0,0.634,0.05,0.0,0.0,0.0,0.0,0.0,0.0,0.006,0.013,0.0,0.0,0.0,0.0,0.0,0.004,0.0,0.0,0.0,0.002
1162001,1163000,12-18 14:15:20.753,12-18 14:15:22.513,1000,0,58,13,2.083493296464501,80.411,0.003,0.047,0.86,0.01,0.08,0.0,0.747,0.014,0.0,0.0,0.0,0.0,0.0,0.0,0.004,0.001,0.0,0.0,0.01,0.0,0.0,0.012,0.0,0.0,0.0,0.002
1163001,1164000,12-18 14:15:22.513,12-18 14:16:12.036,1000,0,101,19,5.20124510537289,69.213,0.012,0.219,0.534,0.045,0.19,0.0,0.17,0.043,0.0,0.0,0.0,0.008,0.011,0.144,0.021,0.005,0.005,0.0,0.0,0.0,0.004,0.011,0.0,0.0,0.0,0.016
1164001,1165000,12-18 14:16:12.037,12-18 14:17:40.277,1000,0,78,17,5.145667429158855,62.032,0.014,0.309,0.34,0.039,0.298,0.0,0.002,0.031,0.0,0.072,0.0,0.0,0.036,0.176,0.021,0.003,0.055,0.0,0.001,0.0,0.0,0.008,0.0,0.0,0.0,0.016
1165001,1166000,12-18 14:17:46.569,12-18 14:19:45.328,1000,0,41,9,2.708005264637842,76.035,0.003,0.173,0.62,0.021,0.183,0.0,0.516,0.013,0.0,0.0,0.0,0.008,0.0,0.176,0.012,0.004,0.0,0.0,0.0,0.0,0.004,0.0,0.0,0.0,0.0,0.006
1166001,1167000,12-18 14:19:45.328,12-18 14:20:47.635,1000,0,113,18,5.26206155745058,64.373,0.011,0.253,0.359,0.034,0.343,0.0,0.028,0.071,0.024,0.0,0.012,0.02,0.0,0.192,0.025,0.002,0.12,0.005,0.0,0.005,0.009,0.01,0.0,0.008,0.0,0.004
1167001,1168000,12-18 14:20:47.635,12-18 14:21:16.993,1000,0,92,16,5.400190706883419,72.307,0.009,0.365,0.431,0.033,0.162,0.0,0.002,0.109,0.036,0.0,0.028,0.0,0.0,0.128,0.045,0.002,0.005,0.003,0.0,0.015,0.0,0.017,0.0,0.003,0.0,0.016
1168001,1169000,12-18 14:21:16.993,12-18 14:22:08.286,1000,0,75,12,5.121648898146653,72.706,0.011,0.417,0.389,0.046,0.137,0.0,0.006,0.124,0.06,0.0,0.04,0.024,0.0,0.112,0.057,0.001,0.005,0.009,0.0,0.02,0.015,0.017,0.0,0.013,0.0,0.008
1169001,1170000,12-18 14:22:08.286,12-18 14:23:12.288,1000,0,60,11,4.817303408385061,74.227,0.006,0.447,0.362,0.024,0.161,0.0,0.0,0.126,0.06,0.0,0.04,0.004,0.0,0.144,0.056,0.001,0.0,0.006,0.0,0.02,0.005,0.019,0.0,0.007,0.0,0.01
1170001,1171000,12-18 14:23:12.296,12-18 14:24:36.853,1000,0,90,16,5.373149456781637,76.346,0.011,0.244,0.56,0.045,0.14,0.0,0.109,0.042,0.012,0.0,0.008,0.004,0.0,0.096,0.029,0.005,0.0,0.002,0.0,0.004,0.005,0.01,0.0,0.003,0.0,0.018
1171001,1172000,12-18 14:24:36.853,12-18 14:24:38.918,1000,0,90,18,3.842683468216794,75.169,0.004,0.193,0.688,0.073,0.042,0.0,0.475,0.068,0.024,0.0,0.016,0.008,0.0,0.0,0.021,0.001,0.01,0.002,0.0,0.008,0.0,0.009,0.0,0.002,0.0,0.004
1172001,1173000,12-18 14:24:38.918,12-18 14:25:39.292,1000,0,85,14,5.073160611496095,68.212,0.013,0.327,0.383,0.036,0.241,0.0,0.092,0.112,0.036,0.0,0.024,0.02,0.0,0.096,0.039,0.0,0.12,0.005,0.0,0.012,0.002,0.015,0.0,0.005,0.0,0.006
1173001,1174000,12-18 14:25:39.295,12-18 14:26:02.929,1000,0,120,19,5.945543274858613,69.729,0.019,0.338,0.501,0.046,0.096,0.0,0.0,0.104,0.036,0.0,0.024,0.016,0.0,0.064,0.033,0.007,0.005,0.002,0.009,0.012,0.004,0.019,0.0,0.003,0.0,0.016
1174001,1175000,12-18 14:26:02.929,12-18 14:26:33.574,1000,0,82,15,5.360583479896705,71.53,0.013,0.344,0.49,0.063,0.09,0.0,0.0,0.124,0.036,0.0,0.024,0.012,0.0,0.064,0.049,0.005,0.0,0.006,0.0,0.012,0.012,0.017,0.0,0.009,0.0,0.014
1175001,1176000,12-18 14:26:33.581,12-18 14:30:48.721,1000,0,81,15,5.2632200182267885,68.473,0.011,0.32,0.414,0.047,0.208,0.0,0.0,0.113,0.024,0.0,0.016,0.012,0.0,0.128,0.038,0.001,0.056,0.003,0.0,0.008,0.006,0.014,0.0,0.004,0.0,0.014
1176001,1177000,12-18 14:30:48.721,12-18 14:32:59.005,1000,0,134,24,6.014951695954926,66.608,0.062,0.274,0.433,0.052,0.179,0.0,0.006,0.054,0.012,0.0,0.008,0.004,0.0,0.096,0.023,0.006,0.059,0.002,0.015,0.004,0.005,0.01,0.0,0.003,0.0,0.012
1177001,1178000,12-18 14:32:59.005,12-18 14:35:41.677,1000,0,111,20,5.84038707737512,67.436,0.04,0.332,0.466,0.058,0.104,0.0,0.008,0.065,0.012,0.0,0.008,0.012,0.0,0.08,0.034,0.005,0.005,0.002,0.002,0.004,0.005,0.014,0.0,0.003,0.0,0.016
1178001,1179000,12-18 14:35:41.677,12-18 14:36:03.147,1000,0,106,17,4.598054585278556,57.12,0.008,0.524,0.294,0.018,0.156,0.0,0.0,0.023,0.012,0.358,0.008,0.004,0.0,0.016,0.017,0.001,0.11,0.002,0.017,0.004,0.002,0.016,0.0,0.003,0.0,0.01
1179001,1180000,12-18 14:36:03.148,12-18 14:36:04.147,1000,0,64,9,2.18185400262643,52.947,0.006,0.801,0.136,0.006,0.051,0.0,0.0,0.0,0.0,0.746,0.0,0.0,0.0,0.0,0.007,0.001,0.0,0.0,0.007,0.0,0.0,0.012,0.0,0.0,0.0,0.002
1180001,1181000,12-18 14:36:04.148,12-18 14:36:48.773,1000,0,115,18,5.431167373672202,70.372,0.015,0.299,0.405,0.041,0.24,0.0,0.022,0.013,0.0,0.127,0.0,0.008,0.0,0.16,0.02,0.007,0.005,0.0,0.003,0.0,0.007,0.011,0.0,0.0,0.0,0.01
1181001,1182000,12-18 14:36:48.774,12-18 14:37:33.019,1000,0,62,13,4.968565321018674,74.137,0.008,0.427,0.399,0.023,0.143,0.0,0.002,0.136,0.06,0.0,0.04,0.004,0.0,0.112,0.057,0.001,0.0,0.006,0.0,0.02,0.002,0.021,0.0,0.007,0.0,0.012
1182001,1183000,12-18 14:37:33.019,12-18 14:38:15.904,1000,0,73,12,5.0165270152304995,72.501,0.009,0.44,0.361,0.028,0.162,0.0,0.0,0.127,0.06,0.0,0.04,0.004,0.0,0.128,0.056,0.001,0.005,0.006,0.0,0.02,0.005,0.02,0.0,0.007,0.0,0.01
1183001,1184000,12-18 14:38:15.904,12-18 14:38:49.988,1000,0,64,11,4.861526753692173,74.451,0.007,0.456,0.374,0.025,0.138,0.0,0.0,0.149,0.072,0.0,0.048,0.004,0.0,0.112,0.061,0.001,0.005,0.007,0.0,0.024,0.002,0.022,0.0,0.008,0.0,0.01
1184001,1185000,12-18 14:38:49.989,12-18 14:45:36.096,1000,0,113,19,5.385993461402251,58.407,0.01,0.324,0.382,0.059,0.225,0.0,0.0,0.035,0.0,0.15,0.0,0.008,0.0,0.08,0.01,0.007,0.115,0.0,0.0,0.0,0.007,0.008,0.0,0.0,0.0,0.024
1185001,1186000,12-18 14:45:36.096,12-18 14:46:02.202,1000,0,100,16,5.631491100994178,69.954,0.018,0.208,0.584,0.07,0.12,0.0,0.1,0.069,0.0,0.0,0.0,0.008,0.0,0.064,0.019,0.009,0.005,0.002,0.0,0.0,0.004,0.009,0.0,0.004,0.0,0.016
1186001,1187000,12-18 14:46:02.202,12-18 14:46:02.796,1000,0,140,29,5.62607502955851,75.161,0.011,0.28,0.582,0.067,0.06,0.0,0.141,0.048,0.012,0.001,0.018,0.008,0.0,0.0,0.009,0.033,0.0,0.006,0.049,0.008,0.003,0.006,0.0,0.006,0.0,0.01
1187001,1188000,12-18 14:46:02.797,12-18 14:55:38.354,1000,0,120,21,5.737051929440308,61.085,0.025,0.225,0.494,0.096,0.16,0.0,0.015,0.054,0.0,0.0,0.0,0.012,0.0,0.016,0.028,0.044,0.115,0.001,0.0,0.0,0.011,0.013,0.0,0.002,0.0,0.022
1188001,1189000,12-18 14:55:38.362,12-18 15:03:56.376,1000,0,96,19,5.221470060770317,58.147,0.006,0.212,0.436,0.061,0.285,0.0,0.0,0.058,0.0,0.0,0.0,0.0,0.0,0.112,0.005,0.013,0.11,0.0,0.066,0.0,0.0,0.005,0.0,0.0,0.0,0.02
1189001,1190000,12-18 15:03:56.378,12-18 15:11:35.697,1000,0,104,16,5.817134984921534,50.299,0.01,0.259,0.578,0.063,0.09,0.0,0.0,0.013,0.0,0.0,0.0,0.008,0.0,0.032,0.017,0.006,0.0,0.0,0.006,0.0,0.004,0.009,0.0,0.0,0.0,0.02
1190001,1191000,12-18 15:11:35.702,12-18 15:21:54.996,1000,0,78,15,5.251739147648479,57.063,0.018,0.215,0.435,0.05,0.282,0.0,0.0,0.043,0.0,0.0,0.0,0.0,0.0,0.128,0.017,0.003,0.115,0.0,0.0,0.0,0.0,0.011,0.0,0.0,0.0,0.03
1191001,1192000,12-18 15:21:54.997,12-18 15:27:33.710,1000,0,141,20,5.991764080274044,55.534,0.038,0.246,0.434,0.06,0.222,0.0,0.0,0.041,0.0,0.0,0.0,0.0,0.0,0.064,0.018,0.006,0.125,0.0,0.021,0.0,0.0,0.009,0.0,0.0,0.0,0.016
1192001,1193000,12-18 15:27:33.711,12-18 15:27:44.921,1000,0,192,25,6.4141522868039855,58.97,0.106,0.307,0.321,0.104,0.162,0.0,0.0,0.063,0.0,0.0,0.0,0.02,0.096,0.032,0.006,0.006,0.005,0.001,0.0,0.0,0.006,0.001,0.002,0.002,0.0,0.012
1193001,1194000,12-18 15:27:44.921,12-18 15:27:45.394,1000,0,179,26,6.521663715504799,62.932,0.066,0.368,0.42,0.057,0.089,0.0,0.0,0.026,0.0,0.03,0.0,0.0,0.032,0.0,0.012,0.035,0.0,0.003,0.025,0.0,0.002,0.011,0.0,0.0,0.0,0.007
1194001,1195000,12-18 15:27:45.394,12-18 15:27:45.658,1000,0,110,25,5.200324170591854,69.205,0.009,0.561,0.302,0.033,0.095,0.0,0.09,0.03,0.048,0.192,0.034,0.008,0.024,0.0,0.015,0.013,0.0,0.008,0.005,0.02,0.004,0.019,0.0,0.009,0.0,0.003
1195001,1196000,12-18 15:27:45.658,12-18 15:27:46.089,1000,0,115,23,4.934305180425612,67.868,0.023,0.538,0.374,0.031,0.034,0.0,0.004,0.012,0.048,0.297,0.032,0.004,0.0,0.0,0.008,0.012,0.0,0.008,0.054,0.016,0.0,0.013,0.0,0.008,0.0,0.0
1196001,1197000,12-18 15:27:46.089,12-18 15:27:47.046,1000,0,124,26,5.011407195032084,73.352,0.023,0.407,0.443,0.068,0.059,0.0,0.056,0.033,0.0,0.263,0.0,0.0,0.0,0.0,0.008,0.031,0.0,0.0,0.01,0.0,0.0,0.007,0.002,0.0,0.0,0.0
1197001,1198000,12-18 15:27:47.047,12-18 15:27:48.201,1000,0,75,13,3.1027940390615707,79.64,0.002,0.065,0.897,0.007,0.029,0.0,0.465,0.009,0.024,0.0,0.008,0.0,0.0,0.0,0.001,0.001,0.0,0.004,0.0,0.004,0.0,0.001,0.002,0.003,0.0,0.238
1198001,1199000,12-18 15:27:48.201,12-18 15:27:50.097,1000,0,63,15,2.474949252058236,78.698,0.003,0.043,0.789,0.022,0.143,0.0,0.687,0.01,0.0,0.0,0.0,0.0,0.0,0.0,0.003,0.024,0.0,0.0,0.02,0.0,0.0,0.003,0.0,0.0,0.0,0.0
1199001,1200000,12-18 15:27:50.097,12-18 15:27:56.247,1000,0,159,20,5.698339359291094,73.308,0.022,0.25,0.662,0.034,0.032,0.0,0.033,0.017,0.0,0.082,0.0,0.004,0.0,0.0,0.008,0.036,0.0,0.001,0.005,0.0,0.002,0.015,0.004,0.002,0.0,0.136
1200001,1201000,12-18 15:27:56.247,12-18 15:28:02.424,1000,0,118,19,4.596779856031586,56.767,0.027,0.594,0.247,0.029,0.103,0.0,0.0,0.018,0.024,0.405,0.016,0.008,0.047,0.0,0.02,0.023,0.0,0.004,0.003,0.008,0.005,0.016,0.012,0.008,0.0,0.008
1201001,1202000,12-18 15:28:02.453,12-18 15:28:06.351,1000,0,101,20,3.916178299453033,62.472,0.026,0.659,0.242,0.017,0.056,0.0,0.0,0.053,0.048,0.473,0.032,0.024,0.0,0.0,0.017,0.024,0.0,0.016,0.002,0.016,0.004,0.013,0.004,0.008,0.0,0.004
1202001,1203000,12-18 15:28:06.351,12-18 15:28:30.341,1000,0,105,20,5.677126511038132,76.785,0.114,0.335,0.47,0.026,0.055,0.0,0.004,0.043,0.096,0.006,0.064,0.032,0.0,0.0,0.031,0.016,0.0,0.035,0.003,0.032,0.023,0.025,0.03,0.027,0.0,0.0
1203001,1204000,12-18 15:28:30.341,12-18 15:28:31.840,1000,0,132,15,5.598027431310595,71.224,0.01,0.257,0.571,0.065,0.097,0.0,0.002,0.025,0.024,0.0,0.008,0.0,0.0,0.0,0.019,0.038,0.0,0.008,0.005,0.004,0.0,0.022,0.006,0.003,0.0,0.168
1204001,1205000,12-18 15:28:31.841,12-18 15:28:34.558,1000,0,179,16,6.422107092751119,76.79,0.04,0.311,0.563,0.032,0.054,0.0,0.0,0.02,0.024,0.0,0.016,0.008,0.0,0.0,0.007,0.028,0.0,0.006,0.023,0.008,0.004,0.002,0.008,0.008,0.0,0.113
1205001,1206000,12-18 15:28:34.558,12-18 15:28:36.219,1000,0,134,16,5.009611024362847,61.683,0.01,0.511,0.308,0.131,0.04,0.0,0.0,0.02,0.024,0.317,0.016,0.0,0.0,0.0,0.007,0.025,0.0,0.008,0.012,0.008,0.003,0.014,0.004,0.003,0.0,0.002
1206001,1207000,12-18 15:28:36.219,12-18 15:28:41.754,1000,0,138,21,5.8188066515491705,71.925,0.021,0.422,0.493,0.035,0.029,0.0,0.0,0.024,0.036,0.167,0.024,0.004,0.0,0.0,0.017,0.047,0.0,0.013,0.019,0.012,0.002,0.032,0.014,0.008,0.0,0.022
1207001,1208000,12-18 15:28:41.754,12-18 15:28:44.530,1000,0,171,22,6.303683793193782,65.605,0.006,0.431,0.452,0.039,0.072,0.0,0.0,0.018,0.024,0.133,0.01,0.017,0.0,0.0,0.015,0.013,0.0,0.005,0.007,0.008,0.006,0.014,0.014,0.005,0.0,0.068
1208001,1209000,12-18 15:28:44.531,12-18 15:28:49.598,1000,0,142,18,5.708519870833347,74.65,0.03,0.306,0.368,0.136,0.16,0.0,0.0,0.039,0.012,0.0,0.008,0.004,0.0,0.0,0.006,0.03,0.0,0.005,0.088,0.004,0.005,0.094,0.008,0.004,0.001,0.002
1209001,1210000,12-18 15:28:49.598,12-18 15:28:52.448,1000,0,110,17,4.9730926617568665,70.49,0.008,0.402,0.429,0.098,0.063,0.0,0.004,0.074,0.012,0.0,0.008,0.004,0.0,0.0,0.009,0.016,0.0,0.005,0.133,0.004,0.002,0.134,0.008,0.003,0.0,0.002
1210001,1211000,12-18 15:28:52.449,12-18 15:28:55.149,1000,0,68,12,4.183389445772945,76.174,0.025,0.434,0.364,0.126,0.051,0.0,0.0,0.105,0.012,0.0,0.008,0.0,0.0,0.0,0.0,0.037,0.0,0.004,0.17,0.004,0.0,0.17,0.004,0.002,0.0,0.0
1211001,1212000,12-18 15:28:55.149,12-18 15:29:04.140,1000,0,100,15,4.95914809637795,72.94,0.017,0.419,0.423,0.095,0.046,0.0,0.0,0.102,0.036,0.0,0.024,0.016,0.0,0.0,0.004,0.034,0.0,0.014,0.124,0.012,0.011,0.124,0.008,0.008,0.0,0.002
1212001,1213000,12-18 15:29:04.142,12-18 15:29:13.269,1000,0,106,14,5.454718307505261,72.424,0.027,0.419,0.397,0.109,0.048,0.0,0.002,0.079,0.036,0.0,0.024,0.004,0.0,0.0,0.001,0.027,0.0,0.013,0.086,0.012,0.005,0.086,0.02,0.007,0.031,0.0
1213001,1214000,12-18 15:29:13.270,12-18 15:29:20.393,1000,0,62,12,4.044353265774223,77.199,0.01,0.34,0.437,0.2,0.013,0.0,0.0,0.07,0.012,0.0,0.008,0.004,0.0,0.0,0.001,0.001,0.0,0.005,0.084,0.004,0.005,0.084,0.012,0.004,0.222,0.0
1214001,1215000,12-18 15:29:20.393,12-18 15:29:27.984,1000,0,70,13,4.704031671839585,73.869,0.02,0.447,0.412,0.099,0.022,0.0,0.0,0.117,0.036,0.0,0.024,0.012,0.0,0.0,0.005,0.005,0.0,0.013,0.128,0.012,0.009,0.129,0.014,0.008,0.0,0.0
1215001,1216000,12-18 15:29:27.984,12-18 15:29:30.565,1000,0,86,15,4.799361480221596,72.564,0.018,0.39,0.466,0.096,0.03,0.0,0.0,0.103,0.012,0.0,0.008,0.008,0.0,0.0,0.004,0.0,0.0,0.006,0.133,0.004,0.004,0.133,0.014,0.006,0.0,0.0
1216001,1217000,12-18 15:29:30.566,12-18 15:29:48.944,1000,0,96,20,5.051639876457895,83.51,0.01,0.415,0.51,0.031,0.034,0.0,0.002,0.035,0.168,0.0,0.112,0.028,0.0,0.0,0.008,0.029,0.01,0.064,0.025,0.056,0.02,0.026,0.016,0.037,0.0,0.0
1217001,1218000,12-18 15:29:48.944,12-18 15:30:02.089,1000,0,105,13,4.936984696934659,81.267,0.017,0.269,0.555,0.022,0.137,0.0,0.271,0.044,0.072,0.0,0.047,0.012,0.0,0.0,0.01,0.035,0.0,0.024,0.0,0.024,0.009,0.003,0.02,0.016,0.0,0.004
1218001,1219000,12-18 15:30:02.091,12-18 15:30:22.431,1000,0,127,19,5.746516844026437,69.015,0.056,0.403,0.369,0.044,0.128,0.0,0.002,0.07,0.096,0.0,0.065,0.028,0.023,0.016,0.011,0.007,0.055,0.035,0.006,0.032,0.016,0.006,0.024,0.022,0.0,0.0
1219001,1220000,12-18 15:30:22.431,12-18 15:30:23.534,1000,0,200,25,6.519535055327928,53.418,0.043,0.294,0.441,0.071,0.151,0.0,0.0,0.041,0.012,0.0,0.008,0.008,0.041,0.0,0.006,0.005,0.0,0.003,0.017,0.004,0.004,0.004,0.002,0.002,0.0,0.008
1220001,1221000,12-18 15:30:23.541,12-18 15:32:40.104,1000,0,153,27,6.107633033348468,65.032,0.016,0.326,0.398,0.07,0.19,0.0,0.0,0.08,0.0,0.0,0.0,0.012,0.034,0.112,0.015,0.012,0.005,0.004,0.016,0.0,0.005,0.007,0.002,0.002,0.0,0.012
1221001,1222000,12-18 15:32:40.104,12-18 15:32:40.453,1000,0,200,24,6.575874254458905,62.515,0.063,0.276,0.44,0.053,0.168,0.0,0.038,0.034,0.0,0.0,0.0,0.0,0.062,0.0,0.011,0.008,0.06,0.008,0.022,0.0,0.0,0.008,0.0,0.001,0.0,0.012
1222001,1223000,12-18 15:32:40.453,12-18 15:32:48.554,1000,0,131,25,5.427608873074902,77.337,0.033,0.287,0.544,0.027,0.109,0.0,0.204,0.032,0.084,0.0,0.056,0.012,0.04,0.0,0.008,0.021,0.0,0.027,0.023,0.028,0.009,0.007,0.012,0.018,0.0,0.004
1223001,1224000,12-18 15:32:48.554,12-18 15:32:55.400,1000,0,124,16,5.563984070637626,87.021,0.019,0.251,0.55,0.057,0.123,0.0,0.18,0.043,0.048,0.0,0.032,0.016,0.0,0.0,0.011,0.046,0.0,0.018,0.001,0.016,0.008,0.008,0.018,0.01,0.0,0.0
1224001,1225000,12-18 15:32:55.401,12-18 15:32:56.572,1000,0,116,16,4.152507551264382,81.563,0.005,0.22,0.726,0.021,0.028,0.0,0.423,0.017,0.036,0.0,0.018,0.0,0.0,0.0,0.004,0.008,0.0,0.006,0.005,0.01,0.002,0.005,0.006,0.01,0.0,0.052
1225001,1226000,12-18 15:32:56.572,12-18 15:32:57.324,1000,0,141,30,5.481692441574513,69.585,0.007,0.399,0.44,0.075,0.079,0.0,0.121,0.028,0.0,0.123,0.008,0.012,0.0,0.0,0.01,0.034,0.0,0.001,0.068,0.002,0.008,0.011,0.004,0.002,0.0,0.0
1226001,1227000,12-18 15:32:57.324,12-18 15:32:57.904,1000,0,60,13,1.6621824358276114,57.651,0.001,0.829,0.078,0.02,0.072,0.0,0.008,0.004,0.0,0.818,0.002,0.005,0.0,0.0,0.003,0.012,0.0,0.0,0.005,0.002,0.0,0.003,0.0,0.0,0.0,0.0
1227001,1228000,12-18 15:32:57.904,12-18 15:32:58.325,1000,0,68,9,2.8212540760135854,51.612,0.002,0.808,0.148,0.012,0.03,0.0,0.0,0.0,0.0,0.639,0.0,0.0,0.0,0.0,0.012,0.007,0.0,0.0,0.002,0.0,0.0,0.019,0.0,0.0,0.0,0.0
1228001,1229000,12-18 15:32:58.325,12-18 15:32:58.872,1000,0,118,13,3.59923838434415,52.723,0.027,0.682,0.234,0.023,0.034,0.0,0.0,0.004,0.0,0.571,0.0,0.004,0.0,0.0,0.005,0.021,0.0,0.0,0.006,0.0,0.0,0.008,0.004,0.0,0.0,0.042
1229001,1230000,12-18 15:32:58.872,12-18 15:33:00.934,1000,0,152,24,5.63327705649925,60.295,0.162,0.25,0.25,0.066,0.272,0.0,0.0,0.04,0.0,0.014,0.0,0.004,0.188,0.0,0.005,0.036,0.0,0.001,0.003,0.0,0.002,0.005,0.004,0.002,0.0,0.002
1230001,1231000,12-18 15:33:00.935,12-18 15:33:02.976,1000,0,124,16,4.206298373103047,56.524,0.095,0.64,0.211,0.029,0.025,0.0,0.0,0.016,0.0,0.458,0.0,0.007,0.0,0.0,0.008,0.026,0.0,0.001,0.005,0.0,0.002,0.01,0.0,0.001,0.0,0.0
1231001,1232000,12-18 15:33:02.976,12-18 15:33:08.525,1000,0,126,22,4.217087289981618,58.934,0.034,0.657,0.181,0.024,0.104,0.0,0.002,0.033,0.0,0.456,0.0,0.013,0.0,0.0,0.006,0.025,0.05,0.001,0.002,0.0,0.002,0.005,0.024,0.003,0.0,0.0
1232001,1233000,12-18 15:33:08.525,12-18 15:33:18.602,1000,0,75,20,3.948048734069325,51.092,0.002,0.553,0.18,0.026,0.239,0.0,0.0,0.077,0.0,0.318,0.0,0.028,0.208,0.0,0.011,0.015,0.0,0.001,0.005,0.0,0.006,0.011,0.06,0.002,0.0,0.0
1233001,1234000,12-18 15:33:18.602,12-18 15:33:19.171,1000,0,64,7,1.6601937396696893,49.29,0.007,0.915,0.05,0.003,0.025,0.0,0.0,0.002,0.0,0.81,0.0,0.0,0.0,0.0,0.005,0.001,0.0,0.0,0.003,0.0,0.0,0.006,0.004,0.0,0.0,0.0
1234001,1235000,12-18 15:33:19.171,12-18 15:33:20.072,1000,0,94,16,4.555069040199819,67.458,0.01,0.698,0.224,0.022,0.046,0.0,0.0,0.006,0.0,0.377,0.01,0.004,0.0,0.0,0.014,0.008,0.0,0.002,0.021,0.004,0.002,0.022,0.0,0.006,0.0,0.0
1235001,1236000,12-18 15:33:20.074,12-18 15:33:21.192,1000,0,112,13,5.41634754239302,59.663,0.018,0.681,0.248,0.017,0.036,0.0,0.0,0.011,0.0,0.061,0.008,0.0,0.0,0.0,0.016,0.007,0.0,0.0,0.011,0.008,0.0,0.017,0.0,0.0,0.0,0.0
1236001,1237000,12-18 15:33:21.194,12-18 15:33:21.958,1000,0,131,32,5.200410956339622,78.894,0.016,0.237,0.608,0.05,0.089,0.0,0.24,0.016,0.0,0.008,0.01,0.006,0.0,0.0,0.006,0.033,0.0,0.0,0.049,0.004,0.0,0.005,0.0,0.004,0.0,0.0
1237001,1238000,12-18 15:33:21.959,12-18 15:33:22.125,1000,0,64,11,2.5854300058742563,49.985,0.001,0.756,0.172,0.014,0.057,0.0,0.063,0.002,0.0,0.672,0.012,0.007,0.0,0.0,0.006,0.007,0.0,0.0,0.0,0.006,0.0,0.009,0.0,0.004,0.0,0.0
1238001,1239000,12-18 15:33:22.125,12-18 15:33:22.360,1000,0,41,14,1.8786599919214229,80.663,0.0,0.081,0.854,0.013,0.052,0.0,0.753,0.014,0.0,0.0,0.0,0.003,0.0,0.0,0.001,0.004,0.0,0.0,0.002,0.0,0.0,0.0,0.0,0.0,0.0,0.0
1239001,1240000,12-18 15:33:22.360,12-18 15:33:23.445,1000,0,59,17,2.828850168281663,83.724,0.006,0.053,0.821,0.055,0.065,0.0,0.614,0.018,0.0,0.005,0.0,0.0,0.0,0.0,0.001,0.032,0.0,0.0,0.005,0.0,0.0,0.001,0.0,0.0,0.0,0.0
1240001,1241000,12-18 15:33:23.445,12-18 15:33:24.349,1000,0,121,34,4.722575135113193,65.127,0.12,0.133,0.482,0.044,0.221,0.0,0.322,0.004,0.0,0.0,0.008,0.0,0.0,0.0,0.002,0.005,0.0,0.001,0.006,0.002,0.0,0.001,0.0,0.003,0.0,0.002
1241001,1242000,12-18 15:33:24.349,12-18 15:33:28.894,1000,0,132,27,5.150484700107636,56.827,0.268,0.253,0.288,0.036,0.155,0.0,0.002,0.015,0.0,0.06,0.016,0.005,0.0,0.0,0.002,0.015,0.0,0.003,0.002,0.004,0.003,0.001,0.0,0.009,0.0,0.002
1242001,1243000,12-18 15:33:28.894,12-18 15:33:30.287,1000,0,72,12,2.240003845666511,45.833,0.02,0.815,0.115,0.006,0.044,0.0,0.0,0.014,0.0,0.744,0.0,0.005,0.0,0.0,0.001,0.005,0.0,0.0,0.0,0.0,0.003,0.002,0.006,0.0,0.0,0.0
1243001,1244000,12-18 15:33:30.287,12-18 15:33:33.848,1000,0,116,18,4.259679291928287,53.792,0.008,0.585,0.249,0.026,0.132,0.0,0.0,0.016,0.0,0.446,0.0,0.01,0.047,0.0,0.01,0.033,0.0,0.001,0.001,0.0,0.002,0.01,0.006,0.002,0.0,0.0
1244001,1245000,12-18 15:33:33.849,12-18 15:33:49.007,1000,0,156,24,6.233184344774776,69.881,0.041,0.359,0.408,0.036,0.156,0.0,0.002,0.033,0.0,0.054,0.008,0.02,0.0,0.0,0.006,0.034,0.01,0.003,0.023,0.002,0.014,0.002,0.02,0.008,0.0,0.0
1245001,1246000,12-18 15:33:49.007,12-18 15:34:00.074,1000,0,100,17,4.132252201873598,47.36,0.01,0.647,0.263,0.018,0.062,0.0,0.0,0.027,0.0,0.46,0.0,0.03,0.0,0.0,0.009,0.009,0.0,0.004,0.008,0.0,0.015,0.002,0.008,0.008,0.0,0.002
1246001,1247000,12-18 15:34:00.074,12-18 15:34:15.035,1000,0,136,18,6.032627716976141,68.535,0.034,0.343,0.521,0.039,0.063,0.0,0.002,0.061,0.0,0.031,0.0,0.025,0.0,0.0,0.008,0.042,0.0,0.003,0.001,0.0,0.014,0.003,0.052,0.006,0.0,0.002
1247001,1248000,12-18 15:34:15.035,12-18 15:34:18.304,1000,0,158,35,6.090515438035226,72.809,0.026,0.264,0.516,0.094,0.1,0.0,0.0,0.049,0.0,0.008,0.0,0.0,0.058,0.0,0.004,0.075,0.0,0.0,0.052,0.0,0.003,0.003,0.004,0.0,0.0,0.004
1248001,1249000,12-18 15:34:18.304,12-18 15:34:25.817,1000,0,131,27,5.3975092384311445,63.15,0.015,0.262,0.274,0.088,0.361,0.0,0.002,0.044,0.0,0.01,0.0,0.01,0.224,0.016,0.005,0.026,0.005,0.002,0.053,0.0,0.004,0.002,0.012,0.004,0.0,0.0
1249001,1250000,12-18 15:34:25.817,12-18 15:34:38.384,1000,0,91,21,4.340160033153982,55.51,0.032,0.625,0.213,0.032,0.098,0.0,0.0,0.052,0.0,0.383,0.008,0.03,0.0,0.0,0.006,0.017,0.0,0.003,0.0,0.002,0.014,0.0,0.06,0.008,0.0,0.0
1250001,1251000,12-18 15:34:38.389,12-18 15:34:49.483,1000,0,108,19,5.848396684098136,67.883,0.024,0.34,0.423,0.095,0.118,0.0,0.002,0.084,0.0,0.018,0.008,0.047,0.0,0.0,0.011,0.016,0.0,0.003,0.016,0.002,0.008,0.003,0.008,0.008,0.0,0.018
1251001,1252000,12-18 15:34:49.483,12-18 15:34:58.847,1000,0,52,13,4.865669700692144,67.141,0.026,0.304,0.613,0.021,0.036,0.0,0.0,0.019,0.0,0.023,0.008,0.023,0.0,0.0,0.008,0.007,0.0,0.003,0.032,0.002,0.013,0.004,0.0,0.008,0.0,0.057
1252001,1253000,12-18 15:34:58.848,12-18 15:35:05.028,1000,0,125,17,5.459489282246403,64.964,0.019,0.238,0.623,0.024,0.096,0.0,0.002,0.008,0.0,0.008,0.008,0.005,0.0,0.0,0.003,0.006,0.0,0.002,0.008,0.002,0.004,0.002,0.004,0.009,0.0,0.133
1253001,1254000,12-18 15:35:05.028,12-18 15:35:14.435,1000,0,59,13,4.859867137358395,64.756,0.027,0.287,0.62,0.018,0.048,0.0,0.0,0.016,0.0,0.023,0.008,0.01,0.0,0.0,0.006,0.004,0.0,0.003,0.032,0.002,0.011,0.004,0.0,0.008,0.0,0.036
1254001,1255000,12-18 15:35:14.437,12-18 15:35:22.765,1000,0,68,17,5.043078951279597,64.178,0.023,0.307,0.611,0.022,0.037,0.0,0.0,0.044,0.0,0.018,0.0,0.025,0.0,0.0,0.009,0.008,0.0,0.001,0.024,0.0,0.008,0.003,0.0,0.002,0.0,0.034
1255001,1256000,12-18 15:35:22.766,12-18 15:35:30.104,1000,0,72,14,4.843745104963685,67.708,0.021,0.398,0.538,0.011,0.032,0.0,0.002,0.016,0.0,0.016,0.008,0.01,0.0,0.0,0.005,0.004,0.0,0.003,0.016,0.002,0.009,0.002,0.0,0.008,0.0,0.03
1256001,1257000,12-18 15:35:30.104,12-18 15:35:32.273,1000,0,169,27,6.333565031103026,58.165,0.034,0.349,0.399,0.074,0.144,0.0,0.0,0.074,0.0,0.005,0.0,0.02,0.098,0.0,0.006,0.005,0.0,0.006,0.013,0.0,0.004,0.002,0.004,0.004,0.0,0.008
1257001,1258000,12-18 15:35:32.273,12-18 15:35:33.287,1000,0,139,24,4.853924226087009,49.643,0.015,0.519,0.289,0.027,0.15,0.0,0.0,0.019,0.0,0.358,0.0,0.0,0.094,0.0,0.005,0.02,0.0,0.004,0.011,0.0,0.0,0.005,0.0,0.0,0.0,0.006
1258001,1259000,12-18 15:35:33.287,12-18 15:35:37.403,1000,0,159,20,6.168947348107295,72.868,0.035,0.22,0.643,0.051,0.051,0.0,0.0,0.029,0.0,0.005,0.0,0.015,0.0,0.0,0.009,0.053,0.0,0.0,0.009,0.0,0.004,0.007,0.004,0.0,0.0,0.084
1259001,1260000,12-18 15:35:37.406,12-18 15:35:52.757,1000,0,131,21,5.934419222231018,77.945,0.036,0.34,0.438,0.115,0.071,0.0,0.002,0.032,0.0,0.111,0.038,0.015,0.0,0.0,0.004,0.049,0.01,0.005,0.043,0.026,0.012,0.001,0.004,0.014,0.0,0.002
1260001,1261000,12-18 15:35:52.757,12-18 15:35:59.266,1000,0,154,29,5.673618355745338,63.573,0.012,0.352,0.401,0.118,0.117,0.0,0.0,0.035,0.0,0.198,0.012,0.015,0.0,0.0,0.007,0.038,0.0,0.002,0.067,0.006,0.01,0.003,0.001,0.006,0.0,0.002
1261001,1262000,12-18 15:35:59.266,12-18 15:36:03.105,1000,0,168,28,6.146921563388966,76.585,0.031,0.253,0.483,0.138,0.095,0.0,0.001,0.032,0.0,0.011,0.002,0.005,0.0,0.0,0.012,0.043,0.0,0.001,0.123,0.002,0.005,0.024,0.007,0.002,0.0,0.007
1262001,1263000,12-18 15:36:03.105,12-18 15:36:04.623,1000,0,117,18,4.751789661778406,65.783,0.021,0.553,0.237,0.077,0.112,0.0,0.002,0.027,0.0,0.274,0.0,0.005,0.0,0.0,0.005,0.036,0.0,0.0,0.067,0.0,0.0,0.093,0.0,0.0,0.0,0.0
1263001,1264000,12-18 15:36:04.624,12-18 15:36:07.142,1000,0,99,17,4.653204993041656,76.137,0.017,0.426,0.364,0.102,0.091,0.0,0.0,0.096,0.0,0.003,0.0,0.0,0.0,0.0,0.004,0.048,0.0,0.0,0.173,0.0,0.0,0.155,0.012,0.0,0.001,0.0
1264001,1265000,12-18 15:36:07.143,12-18 15:36:09.105,1000,0,84,17,4.005848926650856,63.899,0.013,0.558,0.303,0.068,0.058,0.0,0.0,0.032,0.0,0.375,0.0,0.01,0.0,0.0,0.007,0.032,0.0,0.001,0.11,0.0,0.002,0.091,0.008,0.002,0.0,0.0
1265001,1266000,12-18 15:36:09.105,12-18 15:36:11.611,1000,0,95,19,4.876446459843335,75.852,0.017,0.32,0.402,0.158,0.103,0.0,0.0,0.052,0.0,0.008,0.0,0.005,0.0,0.0,0.006,0.054,0.0,0.001,0.159,0.0,0.004,0.17,0.004,0.002,0.0,0.007
1266001,1267000,12-18 15:36:11.612,12-18 15:36:13.580,1000,0,60,13,3.641545261814445,76.933,0.009,0.356,0.385,0.165,0.085,0.0,0.0,0.052,0.0,0.002,0.0,0.005,0.0,0.0,0.001,0.042,0.0,0.001,0.245,0.0,0.002,0.226,0.0,0.002,0.0,0.0
1267001,1268000,12-18 15:36:13.580,12-18 15:36:18.631,1000,0,91,17,4.67763842602232,68.915,0.024,0.44,0.278,0.086,0.172,0.0,0.0,0.066,0.0,0.139,0.0,0.01,0.0,0.0,0.002,0.033,0.05,0.0,0.116,0.0,0.006,0.109,0.018,0.0,0.001,0.0
1268001,1269000,12-18 15:36:18.631,12-18 15:36:22.775,1000,0,72,13,3.60936537551864,60.976,0.027,0.632,0.223,0.049,0.069,0.0,0.0,0.038,0.0,0.436,0.01,0.01,0.0,0.0,0.002,0.038,0.0,0.002,0.084,0.004,0.004,0.088,0.018,0.006,0.0,0.0
1269001,1270000,12-18 15:36:22.778,12-18 15:36:28.655,1000,0,84,14,4.301235329596972,68.921,0.022,0.551,0.252,0.084,0.091,0.0,0.002,0.044,0.0,0.266,0.002,0.005,0.0,0.0,0.001,0.054,0.0,0.001,0.118,0.002,0.004,0.116,0.004,0.002,0.0,0.0
1270001,1271000,12-18 15:36:28.655,12-18 15:36:32.944,1000,0,29,6,0.9476128500596206,38.297,0.004,0.883,0.066,0.006,0.041,0.0,0.0,0.004,0.0,0.896,0.004,0.015,0.0,0.0,0.003,0.005,0.0,0.002,0.0,0.004,0.004,0.002,0.0,0.004,0.0,0.0
1271001,1272000,12-18 15:36:32.944,12-18 15:36:38.127,1000,0,89,14,3.5360682288552057,55.089,0.024,0.701,0.193,0.031,0.051,0.0,0.0,0.039,0.0,0.535,0.008,0.015,0.0,0.0,0.003,0.023,0.0,0.001,0.036,0.008,0.009,0.036,0.008,0.002,0.0,0.0
1272001,1273000,12-18 15:36:38.127,12-18 15:36:48.099,1000,0,80,16,3.8427054274170858,54.864,0.027,0.676,0.212,0.027,0.058,0.0,0.002,0.043,0.0,0.473,0.02,0.035,0.0,0.0,0.008,0.015,0.0,0.005,0.004,0.014,0.012,0.006,0.064,0.012,0.0,0.0
1273001,1274000,12-18 15:36:48.099,12-18 15:36:56.829,1000,0,65,16,3.7441973442581866,52.241,0.015,0.671,0.197,0.041,0.076,0.0,0.0,0.056,0.0,0.47,0.008,0.04,0.0,0.0,0.009,0.013,0.0,0.003,0.02,0.008,0.013,0.023,0.048,0.006,0.0,0.0
1274001,1275000,12-18 15:36:56.830,12-18 15:37:00.009,1000,0,91,12,3.930107487540641,55.037,0.017,0.639,0.254,0.038,0.052,0.0,0.0,0.042,0.0,0.471,0.002,0.005,0.0,0.0,0.001,0.027,0.0,0.0,0.03,0.002,0.002,0.031,0.004,0.0,0.0,0.0
1275001,1276000,12-18 15:37:00.009,12-18 15:37:08.072,1000,0,88,13,4.099527778162288,57.069,0.025,0.605,0.285,0.03,0.055,0.0,0.002,0.016,0.0,0.465,0.028,0.01,0.0,0.0,0.002,0.029,0.0,0.004,0.0,0.016,0.008,0.0,0.016,0.012,0.0,0.006
1276001,1277000,12-18 15:37:08.072,12-18 15:37:19.355,1000,0,80,15,4.135177069969345,62.525,0.021,0.603,0.282,0.045,0.049,0.0,0.0,0.037,0.0,0.426,0.016,0.025,0.0,0.0,0.005,0.025,0.0,0.001,0.038,0.016,0.009,0.042,0.01,0.002,0.0,0.0
1277001,1278000,12-18 15:37:19.355,12-18 15:37:23.112,1000,0,106,15,5.356362861812861,75.554,0.032,0.39,0.468,0.076,0.034,0.0,0.001,0.085,0.0,0.01,0.008,0.005,0.0,0.0,0.001,0.022,0.0,0.002,0.105,0.002,0.006,0.104,0.018,0.006,0.0,0.0
1278001,1279000,12-18 15:37:23.112,12-18 15:37:31.981,1000,0,89,16,3.9040970904393295,57.165,0.022,0.641,0.206,0.041,0.09,0.0,0.001,0.027,0.0,0.483,0.008,0.015,0.0,0.0,0.003,0.01,0.0,0.002,0.039,0.008,0.006,0.04,0.012,0.004,0.0,0.0
1279001,1280000,12-18 15:37:31.983,12-18 15:37:35.159,1000,0,154,19,6.079551621323573,73.927,0.01,0.192,0.621,0.06,0.117,0.0,0.0,0.026,0.0,0.003,0.0,0.015,0.0,0.0,0.011,0.03,0.0,0.001,0.0,0.0,0.006,0.009,0.008,0.005,0.0,0.1
1280001,1281000,12-18 15:37:35.160,12-18 15:37:42.341,1000,0,97,12,3.884026348347048,51.577,0.01,0.613,0.305,0.017,0.055,0.0,0.0,0.02,0.0,0.483,0.006,0.01,0.0,0.0,0.003,0.006,0.0,0.001,0.0,0.006,0.004,0.003,0.032,0.002,0.0,0.042
1281001,1282000,12-18 15:37:42.341,12-18 15:37:47.999,1000,0,128,19,4.997108265905277,64.916,0.036,0.365,0.266,0.026,0.307,0.0,0.002,0.036,0.0,0.183,0.006,0.015,0.0,0.0,0.001,0.028,0.07,0.001,0.005,0.006,0.005,0.004,0.012,0.002,0.0,0.0
1282001,1283000,12-18 15:37:47.999,12-18 15:37:55.352,1000,0,50,10,2.182962061155083,45.466,0.007,0.773,0.134,0.012,0.074,0.0,0.0,0.009,0.0,0.732,0.012,0.025,0.0,0.0,0.005,0.007,0.0,0.003,0.0,0.006,0.012,0.002,0.0,0.008,0.0,0.0
1283001,1284000,12-18 15:37:55.352,12-18 15:37:58.201,1000,0,29,6,1.6969553343061874,57.01,0.003,0.538,0.375,0.003,0.081,0.0,0.374,0.0,0.0,0.54,0.004,0.007,0.0,0.0,0.002,0.003,0.0,0.001,0.0,0.004,0.002,0.002,0.0,0.002,0.0,0.0
1284001,1285000,12-18 15:37:58.201,12-18 15:38:08.552,1000,0,82,16,3.518516207239319,50.639,0.013,0.623,0.257,0.044,0.063,0.0,0.002,0.018,0.0,0.525,0.006,0.013,0.0,0.0,0.003,0.011,0.0,0.002,0.008,0.006,0.006,0.001,0.004,0.004,0.0,0.002
1285001,1286000,12-18 15:38:08.552,12-18 15:38:18.687,1000,0,39,9,2.0025715225223735,41.756,0.011,0.801,0.119,0.015,0.054,0.0,0.0,0.005,0.0,0.742,0.0,0.025,0.0,0.0,0.005,0.009,0.0,0.002,0.0,0.0,0.012,0.002,0.0,0.004,0.0,0.0
1286001,1287000,12-18 15:38:18.689,12-18 15:38:38.437,1000,0,47,9,3.2140840271144175,53.219,0.019,0.662,0.237,0.02,0.062,0.0,0.061,0.015,0.0,0.536,0.0,0.035,0.0,0.0,0.007,0.015,0.0,0.003,0.0,0.0,0.015,0.004,0.02,0.006,0.0,0.0
1287001,1288000,12-18 15:38:38.437,12-18 15:38:42.992,1000,0,90,12,4.07782932880176,54.291,0.005,0.614,0.212,0.084,0.085,0.0,0.0,0.016,0.0,0.463,0.0,0.015,0.0,0.0,0.007,0.026,0.0,0.002,0.029,0.0,0.007,0.037,0.008,0.004,0.0,0.0
1288001,1289000,12-18 15:38:42.994,12-18 15:38:48.598,1000,0,60,13,3.320254464830608,54.634,0.007,0.684,0.194,0.041,0.074,0.0,0.002,0.048,0.0,0.478,0.0,0.01,0.0,0.0,0.006,0.007,0.0,0.001,0.073,0.0,0.002,0.077,0.0,0.002,0.0,0.0
1289001,1290000,12-18 15:38:48.603,12-18 15:38:51.405,1000,0,84,14,4.528951486632988,62.721,0.005,0.547,0.266,0.108,0.074,0.0,0.0,0.06,0.0,0.25,0.0,0.0,0.0,0.0,0.008,0.019,0.0,0.0,0.095,0.0,0.002,0.102,0.004,0.0,0.0,0.0
1290001,1291000,12-18 15:38:51.405,12-18 15:39:15.297,1000,0,87,17,4.786402765314052,59.252,0.019,0.55,0.305,0.03,0.096,0.0,0.002,0.034,0.0,0.268,0.0,0.035,0.0,0.0,0.016,0.02,0.0,0.002,0.011,0.0,0.019,0.015,0.0,0.004,0.0,0.002
1291001,1292000,12-18 15:39:15.314,12-18 15:39:46.989,1000,0,70,14,5.11443353217459,68.163,0.034,0.475,0.366,0.043,0.082,0.0,0.004,0.072,0.0,0.065,0.0,0.05,0.0,0.0,0.011,0.017,0.0,0.008,0.008,0.0,0.03,0.001,0.065,0.016,0.0,0.0
1292001,1293000,12-18 15:39:46.993,12-18 15:40:21.706,1000,0,91,20,5.377900806999288,61.998,0.038,0.392,0.439,0.034,0.097,0.0,0.002,0.048,0.0,0.068,0.0,0.06,0.0,0.0,0.013,0.02,0.01,0.008,0.008,0.0,0.033,0.001,0.051,0.016,0.0,0.002
1293001,1294000,12-18 15:40:21.709,12-18 15:40:42.337,1000,0,56,12,3.630607761179724,56.642,0.016,0.643,0.226,0.018,0.097,0.0,0.002,0.045,0.0,0.481,0.0,0.03,0.0,0.0,0.006,0.01,0.0,0.004,0.0,0.0,0.017,0.0,0.02,0.008,0.0,0.0
1294001,1295000,12-18 15:40:42.337,12-18 15:41:17.376,1000,0,63,17,5.0277064101756,63.555,0.029,0.406,0.394,0.031,0.14,0.0,0.004,0.061,0.0,0.072,0.0,0.035,0.0,0.0,0.009,0.015,0.0,0.003,0.016,0.0,0.025,0.002,0.034,0.006,0.0,0.002
1295001,1296000,12-18 15:41:17.475,12-18 15:41:54.419,1000,0,84,18,5.308959653507345,64.304,0.039,0.445,0.383,0.033,0.1,0.0,0.004,0.043,0.0,0.075,0.0,0.045,0.0,0.0,0.01,0.017,0.01,0.007,0.008,0.0,0.028,0.001,0.058,0.014,0.0,0.0
1296001,1297000,12-18 15:41:54.420,12-18 15:42:18.429,1000,0,82,19,5.1771923986341575,65.612,0.022,0.438,0.382,0.062,0.096,0.0,0.002,0.12,0.0,0.058,0.008,0.095,0.0,0.0,0.022,0.029,0.0,0.008,0.008,0.002,0.03,0.001,0.032,0.018,0.0,0.002
1297001,1298000,12-18 15:42:18.429,12-18 15:42:32.663,1000,0,110,22,5.616078572463008,62.694,0.018,0.37,0.39,0.078,0.144,0.0,0.002,0.085,0.0,0.026,0.0,0.06,0.0,0.0,0.009,0.023,0.0,0.004,0.017,0.0,0.012,0.003,0.012,0.008,0.0,0.0
1298001,1299000,12-18 15:42:32.665,12-18 15:42:53.778,1000,0,92,19,5.510764136824081,62.354,0.021,0.386,0.362,0.059,0.172,0.0,0.002,0.082,0.0,0.044,0.0,0.065,0.0,0.032,0.013,0.026,0.06,0.007,0.0,0.0,0.024,0.0,0.053,0.014,0.0,0.0
1299001,1300000,12-18 15:42:53.783,12-18 15:43:13.349,1000,0,88,17,4.8770812328371225,59.069,0.02,0.542,0.32,0.031,0.087,0.0,0.002,0.073,0.0,0.251,0.016,0.04,0.0,0.0,0.009,0.015,0.0,0.006,0.008,0.004,0.018,0.001,0.063,0.016,0.0,0.002
1300001,1301000,12-18 15:43:13.349,12-18 15:43:35.001,1000,0,80,15,4.6423562885182825,58.479,0.032,0.538,0.335,0.025,0.07,0.0,0.061,0.053,0.0,0.274,0.016,0.025,0.0,0.0,0.006,0.013,0.0,0.005,0.008,0.004,0.021,0.001,0.048,0.014,0.0,0.0
1301001,1302000,12-18 15:43:35.001,12-18 15:43:36.101,1000,0,186,29,6.500447103627787,54.604,0.083,0.311,0.362,0.076,0.168,0.0,0.0,0.034,0.0,0.003,0.0,0.015,0.064,0.0,0.007,0.013,0.0,0.004,0.014,0.0,0.006,0.003,0.002,0.005,0.0,0.002
1302001,1303000,12-18 15:43:36.101,12-18 15:43:47.990,1000,0,186,23,6.33851899948414,51.905,0.02,0.253,0.405,0.063,0.259,0.0,0.0,0.007,0.0,0.013,0.018,0.0,0.0,0.032,0.003,0.014,0.065,0.002,0.001,0.006,0.002,0.003,0.0,0.003,0.0,0.014
1303001,1304000,12-18 15:43:47.990,12-18 15:48:15.568,1000,0,132,21,5.864044073673838,61.248,0.017,0.3,0.444,0.053,0.186,0.0,0.002,0.063,0.0,0.009,0.002,0.0,0.0,0.064,0.01,0.003,0.065,0.0,0.008,0.002,0.002,0.003,0.0,0.0,0.0,0.014
1304001,1305000,12-18 15:48:15.568,12-18 15:51:04.270,1000,0,70,14,3.4455518422432916,76.931,0.006,0.127,0.756,0.041,0.07,0.0,0.525,0.03,0.0,0.0,0.0,0.0,0.0,0.048,0.005,0.006,0.0,0.0,0.0,0.0,0.0,0.004,0.0,0.0,0.0,0.012
1305001,1306000,12-18 15:51:04.270,12-18 15:55:58.375,1000,0,131,26,5.681817494031192,71.099,0.021,0.304,0.365,0.076,0.234,0.0,0.019,0.099,0.0,0.022,0.0,0.01,0.0,0.08,0.015,0.015,0.12,0.0,0.036,0.0,0.006,0.006,0.0,0.0,0.0,0.008
1306001,1307000,12-18 15:55:58.375,12-18 15:57:06.950,1000,0,142,20,6.32069084467952,62.586,0.089,0.336,0.419,0.065,0.091,0.0,0.016,0.038,0.0,0.009,0.002,0.0,0.0,0.032,0.006,0.01,0.0,0.0,0.002,0.002,0.002,0.006,0.0,0.0,0.0,0.02
1307001,1308000,12-18 15:57:07.256,12-18 15:57:42.495,1000,0,63,14,2.4499251187077062,79.753,0.008,0.054,0.687,0.018,0.233,0.0,0.644,0.008,0.0,0.0,0.0,0.0,0.0,0.016,0.001,0.003,0.115,0.0,0.0,0.0,0.0,0.0,0.0,0.0,0.0,0.0
1308001,1309000,12-18 15:57:42.495,12-18 16:01:04.126,1000,0,83,20,4.702007772016733,69.953,0.006,0.167,0.631,0.051,0.145,0.0,0.279,0.047,0.0,0.007,0.0,0.0,0.0,0.064,0.008,0.009,0.05,0.0,0.015,0.0,0.002,0.007,0.0,0.0,0.0,0.016
1309001,1310000,12-18 16:01:04.126,12-18 16:01:09.094,1000,0,180,22,6.433528582089572,55.261,0.105,0.291,0.414,0.075,0.115,0.0,0.0,0.054,0.0,0.0,0.008,0.002,0.074,0.016,0.006,0.004,0.0,0.003,0.0,0.002,0.004,0.001,0.002,0.008,0.0,0.008
1310001,1311000,12-18 16:01:09.094,12-18 16:01:10.018,1000,0,187,28,6.47918344874206,63.197,0.069,0.342,0.394,0.037,0.158,0.0,0.058,0.037,0.0,0.031,0.002,0.003,0.07,0.0,0.01,0.015,0.0,0.004,0.012,0.002,0.001,0.008,0.0,0.0,0.0,0.009
1311001,1312000,12-18 16:01:10.019,12-18 16:01:11.017,1000,0,92,15,3.282560041453898,48.273,0.003,0.676,0.176,0.035,0.11,0.0,0.0,0.021,0.0,0.591,0.002,0.04,0.04,0.0,0.004,0.019,0.0,0.0,0.013,0.002,0.004,0.003,0.002,0.0,0.0,0.0
1312001,1313000,12-18 16:01:11.017,12-18 16:01:12.627,1000,0,152,15,5.4550521292042955,76.713,0.012,0.166,0.684,0.028,0.11,0.0,0.12,0.005,0.0,0.003,0.004,0.005,0.0,0.0,0.009,0.027,0.0,0.001,0.001,0.004,0.002,0.008,0.006,0.005,0.0,0.174
1313001,1314000,12-18 16:01:12.627,12-18 16:01:20.241,1000,0,162,21,6.380454194533812,76.405,0.108,0.242,0.501,0.074,0.075,0.0,0.002,0.036,0.0,0.013,0.016,0.005,0.0,0.0,0.021,0.068,0.0,0.002,0.008,0.01,0.005,0.028,0.016,0.006,0.0,0.03
1314001,1315000,12-18 16:01:20.241,12-18 16:01:29.747,1000,0,109,19,5.664225298021506,75.133,0.089,0.4,0.377,0.061,0.073,0.0,0.0,0.043,0.0,0.156,0.012,0.015,0.0,0.0,0.032,0.043,0.0,0.001,0.002,0.012,0.007,0.031,0.024,0.002,0.0,0.002
1315001,1316000,12-18 16:01:29.747,12-18 16:01:37.610,1000,0,111,16,5.3938450750978415,68.242,0.046,0.443,0.401,0.043,0.067,0.0,0.0,0.033,0.0,0.238,0.02,0.02,0.0,0.0,0.014,0.033,0.0,0.004,0.005,0.008,0.011,0.014,0.024,0.012,0.0,0.0
1316001,1317000,12-18 16:01:37.610,12-18 16:01:39.168,1000,0,151,16,5.274125265889953,73.997,0.01,0.159,0.701,0.069,0.061,0.0,0.291,0.012,0.0,0.012,0.002,0.0,0.0,0.0,0.004,0.03,0.0,0.0,0.001,0.002,0.003,0.005,0.008,0.003,0.0,0.064
1317001,1318000,12-18 16:01:39.168,12-18 16:01:39.346,1000,0,97,14,4.6076672069608025,67.906,0.003,0.495,0.433,0.03,0.039,0.0,0.253,0.012,0.0,0.1,0.004,0.0,0.0,0.0,0.013,0.008,0.0,0.0,0.013,0.004,0.0,0.016,0.0,0.0,0.0,0.002
1318001,1319000,12-18 16:01:39.346,12-18 16:01:40.294,1000,0,163,28,6.139335287690557,67.811,0.007,0.386,0.494,0.069,0.044,0.0,0.0,0.016,0.0,0.108,0.012,0.005,0.0,0.0,0.009,0.039,0.0,0.0,0.065,0.006,0.0,0.013,0.008,0.004,0.0,0.042
1319001,1320000,12-18 16:01:40.298,12-18 16:01:41.686,1000,0,196,30,6.581847206162117,59.689,0.087,0.299,0.421,0.076,0.117,0.0,0.012,0.041,0.0,0.0,0.0,0.0,0.064,0.0,0.006,0.032,0.0,0.0,0.011,0.0,0.0,0.004,0.002,0.0,0.0,0.0
1320001,1321000,12-18 16:01:41.686,12-18 16:06:50.498,1000,0,153,26,5.999095377621661,53.444,0.027,0.197,0.503,0.078,0.195,0.0,0.0,0.048,0.0,0.0,0.016,0.02,0.0,0.048,0.01,0.018,0.115,0.007,0.004,0.004,0.011,0.004,0.0,0.014,0.0,0.024
1321001,1322000,12-18 16:06:50.498,12-18 16:27:10.075,1000,0,116,19,5.6575946207923185,55.377,0.014,0.324,0.393,0.067,0.202,0.0,0.0,0.057,0.0,0.0,0.0,0.0,0.0,0.064,0.007,0.01,0.058,0.0,0.02,0.0,0.0,0.006,0.0,0.0,0.0,0.016
1322001,1323000,12-18 16:27:10.075,12-18 17:02:05.111,1000,0,91,19,5.19436033777504,61.033,0.008,0.249,0.423,0.038,0.282,0.0,0.0,0.041,0.0,0.0,0.0,0.008,0.0,0.192,0.008,0.011,0.057,0.0,0.036,0.0,0.004,0.005,0.0,0.0,0.0,0.02
1323001,1324000,12-18 17:02:05.112,12-18 17:12:46.240,1000,0,107,18,5.127547043700592,49.545,0.014,0.24,0.371,0.031,0.344,0.0,0.0,0.046,0.0,0.0,0.0,0.0,0.0,0.064,0.007,0.001,0.225,0.0,0.051,0.0,0.0,0.006,0.0,0.0,0.0,0.014
1324001,1325000,12-18 17:12:46.240,12-18 17:24:59.448,1000,0,84,14,4.89602285015425,47.2,0.016,0.258,0.304,0.057,0.365,0.0,0.0,0.013,0.0,0.0,0.0,0.0,0.0,0.064,0.004,0.002,0.23,0.0,0.012,0.0,0.0,0.004,0.0,0.0,0.0,0.012
1325001,1326000,12-18 17:24:59.448,12-18 17:30:08.769,1000,0,178,23,6.131410144552312,61.436,0.036,0.247,0.387,0.067,0.263,0.0,0.0,0.063,0.0,0.0,0.008,0.012,0.08,0.032,0.01,0.003,0.115,0.002,0.021,0.002,0.003,0.006,0.002,0.006,0.0,0.004
1326001,1327000,12-18 17:30:08.769,12-18 17:30:09.399,1000,0,148,29,6.13767364824737,65.374,0.057,0.245,0.495,0.047,0.156,0.0,0.09,0.027,0.0,0.0,0.016,0.0,0.056,0.0,0.01,0.027,0.0,0.004,0.025,0.004,0.0,0.011,0.0,0.008,0.0,0.01
1327001,1328000,12-18 17:30:09.400,12-18 17:30:12.583,1000,0,123,18,5.5340738140821415,57.451,0.013,0.154,0.785,0.029,0.019,0.0,0.0,0.02,0.0,0.0,0.0,0.016,0.0,0.0,0.017,0.014,0.0,0.002,0.02,0.0,0.011,0.009,0.008,0.007,0.0,0.138
1328001,1329000,12-18 17:30:12.583,12-18 17:30:13.327,1000,0,144,27,6.026742770679051,73.508,0.017,0.405,0.504,0.039,0.035,0.0,0.004,0.043,0.036,0.0,0.026,0.008,0.0,0.0,0.01,0.009,0.0,0.011,0.053,0.016,0.004,0.007,0.004,0.007,0.0,0.034
1329001,1330000,12-18 17:30:13.328,12-18 17:30:14.247,1000,0,131,27,4.999923249341612,84.345,0.011,0.133,0.723,0.066,0.067,0.0,0.273,0.033,0.012,0.0,0.008,0.0,0.0,0.016,0.01,0.029,0.005,0.001,0.006,0.004,0.0,0.014,0.0,0.002,0.0,0.012
1330001,1331000,12-18 17:30:14.247,12-18 17:30:14.599,1000,0,73,13,2.6473221682615216,75.252,0.061,0.092,0.804,0.01,0.033,0.0,0.671,0.006,0.0,0.0,0.0,0.0,0.0,0.0,0.002,0.0,0.0,0.0,0.0,0.0,0.0,0.001,0.004,0.0,0.0,0.002
1331001,1332000,12-18 17:30:14.599,12-18 17:30:15.820,1000,0,95,15,4.071100570408114,66.123,0.033,0.086,0.773,0.042,0.066,0.0,0.423,0.006,0.012,0.0,0.008,0.004,0.0,0.0,0.004,0.009,0.0,0.005,0.0,0.004,0.002,0.002,0.006,0.004,0.0,0.023
1332001,1333000,12-18 17:30:15.820,12-18 17:30:18.548,1000,0,112,17,4.345542043725024,76.082,0.02,0.128,0.74,0.027,0.085,0.0,0.432,0.011,0.0,0.0,0.0,0.0,0.0,0.0,0.014,0.032,0.0,0.0,0.001,0.0,0.0,0.012,0.006,0.0,0.0,0.022
1333001,1334000,12-18 17:30:18.553,12-18 17:30:27.573,1000,0,106,20,5.870767467713452,63.177,0.105,0.216,0.536,0.039,0.104,0.0,0.002,0.008,0.024,0.0,0.016,0.012,0.047,0.0,0.027,0.021,0.01,0.011,0.01,0.008,0.006,0.025,0.012,0.01,0.0,0.019
1334001,1335000,12-18 17:30:27.573,12-18 17:30:37.207,1000,0,53,13,5.0157203825289915,65.171,0.187,0.265,0.52,0.005,0.023,0.0,0.0,0.019,0.084,0.0,0.056,0.016,0.0,0.0,0.025,0.005,0.0,0.03,0.002,0.028,0.008,0.014,0.028,0.015,0.0,0.019
1335001,1336000,12-18 17:30:37.210,12-18 17:30:46.782,1000,0,100,18,5.679815007009115,68.674,0.082,0.258,0.578,0.032,0.05,0.0,0.004,0.039,0.036,0.0,0.024,0.012,0.0,0.0,0.028,0.015,0.0,0.01,0.0,0.012,0.006,0.015,0.014,0.008,0.0,0.02
1336001,1337000,12-18 17:30:46.784,12-18 17:30:57.423,1000,0,79,16,5.4477366402580865,67.91,0.032,0.283,0.623,0.031,0.031,0.0,0.0,0.024,0.072,0.0,0.048,0.032,0.0,0.0,0.039,0.007,0.0,0.025,0.0,0.024,0.016,0.018,0.006,0.019,0.0,0.02
1337001,1338000,12-18 17:30:57.429,12-18 17:31:05.682,1000,0,76,14,5.292429920895394,66.612,0.018,0.303,0.637,0.017,0.025,0.0,0.002,0.04,0.036,0.0,0.024,0.024,0.0,0.0,0.023,0.004,0.0,0.014,0.0,0.012,0.007,0.009,0.002,0.008,0.0,0.02
1338001,1339000,12-18 17:31:05.684,12-18 17:31:13.391,1000,0,83,15,5.422550967415603,66.83,0.055,0.319,0.539,0.063,0.024,0.0,0.0,0.058,0.012,0.0,0.008,0.02,0.0,0.0,0.023,0.002,0.0,0.005,0.0,0.004,0.009,0.008,0.01,0.004,0.0,0.014
1339001,1340000,12-18 17:31:13.391,12-18 17:31:25.350,1000,0,81,19,5.440907179702475,69.936,0.025,0.267,0.655,0.03,0.023,0.0,0.004,0.044,0.036,0.0,0.024,0.024,0.0,0.0,0.031,0.008,0.0,0.014,0.016,0.012,0.007,0.015,0.004,0.01,0.0,0.024
1340001,1341000,12-18 17:31:25.351,12-18 17:31:38.184,1000,0,63,17,5.179868076331803,68.417,0.056,0.285,0.626,0.011,0.022,0.0,0.0,0.039,0.036,0.0,0.024,0.036,0.0,0.0,0.036,0.004,0.0,0.017,0.0,0.012,0.017,0.013,0.012,0.015,0.0,0.026
1341001,1342000,12-18 17:31:38.184,12-18 17:31:55.136,1000,0,51,9,4.829836370295613,63.398,0.039,0.216,0.725,0.006,0.014,0.0,0.002,0.009,0.012,0.0,0.008,0.02,0.0,0.0,0.039,0.004,0.0,0.004,0.0,0.004,0.016,0.017,0.008,0.008,0.0,0.034
1342001,1343000,12-18 17:31:55.137,12-18 17:32:10.514,1000,0,68,11,5.045814080131599,65.699,0.057,0.226,0.696,0.007,0.014,0.0,0.002,0.01,0.0,0.0,0.0,0.008,0.0,0.0,0.034,0.004,0.0,0.002,0.0,0.0,0.007,0.016,0.012,0.004,0.0,0.034
1343001,1344000,12-18 17:32:10.515,12-18 17:32:16.176,1000,0,61,12,5.007427271035426,68.121,0.043,0.26,0.686,0.005,0.006,0.0,0.0,0.017,0.048,0.0,0.032,0.016,0.0,0.0,0.018,0.002,0.0,0.011,0.0,0.016,0.011,0.006,0.012,0.012,0.0,0.01
1344001,1345000,12-18 17:32:16.179,12-18 17:32:26.451,1000,0,69,17,5.314860117957085,69.997,0.065,0.306,0.585,0.013,0.031,0.0,0.002,0.049,0.06,0.0,0.04,0.02,0.0,0.0,0.03,0.005,0.01,0.023,0.0,0.02,0.009,0.012,0.016,0.015,0.0,0.022
1345001,1346000,12-18 17:32:26.452,12-18 17:32:36.846,1000,0,55,15,4.916796362510715,67.017,0.038,0.303,0.557,0.04,0.062,0.0,0.0,0.122,0.0,0.0,0.0,0.076,0.0,0.0,0.039,0.003,0.0,0.003,0.0,0.0,0.013,0.011,0.01,0.006,0.0,0.02
1346001,1347000,12-18 17:32:36.862,12-18 17:32:54.104,1000,0,61,14,5.219952807999024,67.368,0.061,0.274,0.588,0.026,0.051,0.0,0.002,0.087,0.012,0.0,0.008,0.06,0.0,0.0,0.038,0.004,0.0,0.009,0.0,0.004,0.02,0.011,0.01,0.012,0.0,0.02
1347001,1348000,12-18 17:32:54.105,12-18 17:33:01.001,1000,0,127,18,5.852679842165743,64.486,0.21,0.218,0.514,0.021,0.037,0.0,0.002,0.027,0.012,0.0,0.007,0.004,0.0,0.0,0.024,0.025,0.0,0.005,0.001,0.004,0.002,0.017,0.016,0.004,0.0,0.018
1348001,1349000,12-18 17:33:01.001,12-18 17:33:03.401,1000,0,172,22,6.400845317618729,65.698,0.072,0.297,0.487,0.054,0.09,0.0,0.0,0.06,0.024,0.0,0.017,0.008,0.064,0.0,0.018,0.011,0.0,0.007,0.0,0.008,0.007,0.014,0.006,0.007,0.0,0.008
1349001,1350000,12-18 17:33:03.402,12-18 17:33:05.366,1000,0,197,24,6.869945905694206,56.104,0.043,0.312,0.501,0.083,0.061,0.0,0.0,0.056,0.012,0.0,0.008,0.008,0.016,0.0,0.011,0.004,0.0,0.009,0.017,0.004,0.004,0.005,0.006,0.006,0.0,0.016
1350001,1351000,12-18 17:33:05.367,12-18 17:33:16.361,1000,0,100,20,5.663608145221865,61.322,0.02,0.291,0.629,0.043,0.017,0.0,0.0,0.055,0.024,0.0,0.016,0.012,0.0,0.0,0.037,0.002,0.0,0.006,0.0,0.008,0.009,0.016,0.006,0.005,0.0,0.022
1351001,1352000,12-18 17:33:16.361,12-18 17:34:38.916,1000,0,77,13,5.200078516652475,68.605,0.009,0.405,0.391,0.034,0.161,0.0,0.0,0.127,0.053,0.0,0.032,0.012,0.0,0.08,0.051,0.0,0.055,0.006,0.0,0.016,0.002,0.02,0.0,0.006,0.0,0.014
1352001,1353000,12-18 17:34:38.916,12-18 17:35:21.266,1000,0,179,23,6.351014538247425,65.858,0.05,0.344,0.378,0.06,0.168,0.0,0.0,0.091,0.019,0.0,0.016,0.016,0.08,0.048,0.022,0.001,0.0,0.006,0.003,0.008,0.007,0.008,0.002,0.006,0.0,0.006
1353001,1354000,12-18 17:35:21.266,12-18 17:35:21.799,1000,0,164,28,6.333243464737226,64.752,0.033,0.242,0.525,0.038,0.162,0.0,0.075,0.022,0.012,0.0,0.008,0.0,0.04,0.0,0.009,0.017,0.06,0.008,0.031,0.004,0.0,0.008,0.0,0.002,0.0,0.008
1354001,1355000,12-18 17:35:21.799,12-18 17:35:37.834,1000,0,148,26,5.9907086483956515,79.371,0.016,0.326,0.512,0.035,0.111,0.0,0.07,0.052,0.072,0.0,0.044,0.028,0.024,0.0,0.028,0.037,0.0,0.023,0.003,0.021,0.017,0.021,0.008,0.02,0.0,0.002
1355001,1356000,12-18 17:35:37.834,12-18 17:36:24.287,1000,0,77,17,5.014641551828848,78.609,0.113,0.385,0.427,0.02,0.055,0.0,0.004,0.068,0.06,0.0,0.044,0.056,0.0,0.0,0.021,0.011,0.01,0.024,0.0,0.023,0.043,0.006,0.034,0.028,0.0,0.002
1356001,1357000,12-18 17:36:24.287,12-18 17:36:54.824,1000,0,53,13,4.479830728908183,80.662,0.136,0.437,0.383,0.013,0.031,0.0,0.002,0.069,0.072,0.0,0.048,0.048,0.0,0.0,0.02,0.008,0.0,0.026,0.0,0.024,0.033,0.006,0.05,0.026,0.0,0.0
1357001,1358000,12-18 17:36:55.597,12-18 17:37:22.754,1000,0,74,18,5.078640007440204,81.604,0.057,0.401,0.477,0.022,0.043,0.0,0.063,0.076,0.096,0.0,0.061,0.04,0.0,0.0,0.019,0.011,0.0,0.034,0.012,0.03,0.029,0.009,0.024,0.03,0.0,0.002
1358001,1359000,12-18 17:37:22.754,12-18 17:38:03.994,1000,0,71,17,4.810068621827235,80.539,0.113,0.402,0.419,0.022,0.044,0.0,0.004,0.083,0.048,0.0,0.035,0.068,0.0,0.0,0.023,0.01,0.0,0.021,0.0,0.018,0.042,0.006,0.044,0.028,0.0,0.002
1359001,1360000,12-18 17:38:04.141,12-18 17:38:23.569,1000,0,130,20,5.956136786288143,63.159,0.122,0.331,0.362,0.055,0.13,0.0,0.002,0.065,0.0,0.0,0.0,0.032,0.08,0.0,0.016,0.004,0.01,0.006,0.0,0.0,0.02,0.006,0.016,0.012,0.0,0.0
1360001,1361000,12-18 17:38:23.569,12-18 17:38:27.748,1000,0,198,28,6.737355977056568,58.237,0.033,0.341,0.446,0.076,0.104,0.0,0.0,0.07,0.024,0.0,0.016,0.012,0.0,0.0,0.013,0.007,0.05,0.011,0.017,0.008,0.008,0.008,0.022,0.009,0.0,0.014
1361001,1362000,12-18 17:38:27.748,12-18 17:39:13.389,1000,0,113,22,5.1850411807401455,72.642,0.006,0.481,0.35,0.042,0.121,0.0,0.0,0.18,0.072,0.0,0.048,0.044,0.004,0.064,0.051,0.003,0.005,0.011,0.0,0.024,0.013,0.017,0.002,0.013,0.0,0.004
1362001,1363000,12-18 17:39:13.389,12-18 17:39:13.797,1000,0,188,21,6.504897678004505,63.47,0.071,0.305,0.433,0.061,0.13,0.0,0.038,0.034,0.012,0.0,0.001,0.008,0.092,0.0,0.015,0.004,0.0,0.003,0.018,0.0,0.0,0.013,0.0,0.002,0.0,0.012
1363001,1364000,12-18 17:39:13.797,12-18 17:39:43.551,1000,0,114,28,5.63669671429168,76.966,0.048,0.305,0.495,0.028,0.124,0.0,0.107,0.03,0.06,0.0,0.047,0.032,0.032,0.0,0.014,0.017,0.0,0.023,0.016,0.024,0.025,0.003,0.02,0.022,0.0,0.004
1364001,1365000,12-18 17:39:43.598,12-18 17:40:18.360,1000,0,106,18,5.576705950269244,74.795,0.048,0.39,0.451,0.043,0.068,0.0,0.004,0.079,0.048,0.0,0.032,0.052,0.0,0.016,0.023,0.013,0.005,0.028,0.0,0.016,0.035,0.008,0.096,0.025,0.0,0.002
1365001,1366000,12-18 17:40:18.360,12-18 17:40:36.749,1000,0,82,18,5.061548418733065,75.27,0.033,0.417,0.443,0.021,0.086,0.0,0.002,0.06,0.144,0.0,0.096,0.024,0.0,0.0,0.018,0.014,0.06,0.046,0.002,0.048,0.018,0.013,0.065,0.028,0.0,0.0
1366001,1367000,12-18 17:40:36.755,12-18 17:40:46.628,1000,0,134,18,5.890685689821396,80.078,0.009,0.334,0.558,0.052,0.047,0.0,0.006,0.047,0.06,0.0,0.04,0.008,0.0,0.0,0.019,0.031,0.0,0.019,0.001,0.02,0.007,0.017,0.019,0.011,0.0,0.0
1367001,1368000,12-18 17:40:46.628,12-18 17:40:59.067,1000,0,122,18,5.4632491842884505,81.251,0.017,0.385,0.475,0.044,0.079,0.0,0.002,0.118,0.096,0.0,0.062,0.056,0.0,0.0,0.022,0.032,0.0,0.028,0.001,0.03,0.011,0.013,0.004,0.016,0.0,0.0
1368001,1369000,12-18 17:40:59.067,12-18 17:41:10.482,1000,0,76,14,4.623215738114955,72.464,0.002,0.422,0.425,0.053,0.098,0.0,0.0,0.182,0.096,0.0,0.066,0.084,0.0,0.0,0.027,0.003,0.01,0.027,0.0,0.034,0.012,0.007,0.0,0.015,0.0,0.004
1369001,1370000,12-18 17:41:10.483,12-18 17:41:19.628,1000,0,137,24,5.860326769663266,74.838,0.009,0.327,0.501,0.03,0.062,0.071,0.002,0.034,0.036,0.0,0.024,0.028,0.0,0.0,0.018,0.018,0.0,0.017,0.001,0.012,0.01,0.011,0.004,0.015,0.0,0.002
1370001,1371000,12-18 17:41:19.640,12-18 17:41:21.726,1000,0,92,25,3.820783433788331,45.832,0.023,0.228,0.256,0.007,0.486,0.0,0.0,0.009,0.012,0.0,0.008,0.004,0.448,0.0,0.001,0.012,0.0,0.006,0.002,0.004,0.005,0.0,0.004,0.004,0.0,0.0
1371001,1372000,12-18 17:41:21.729,12-18 17:41:29.321,1000,0,125,22,5.197721854452668,65.97,0.03,0.322,0.333,0.033,0.282,0.0,0.0,0.039,0.036,0.0,0.024,0.02,0.0,0.0,0.005,0.027,0.0,0.006,0.005,0.012,0.006,0.0,0.008,0.006,0.0,0.006
1372001,1373000,12-18 17:41:29.327,12-18 17:41:33.488,1000,0,129,23,5.736656071341471,69.462,0.015,0.309,0.467,0.092,0.117,0.0,0.0,0.103,0.0,0.0,0.0,0.048,0.0,0.0,0.013,0.032,0.05,0.002,0.001,0.0,0.007,0.004,0.008,0.004,0.0,0.002
1373001,1374000,12-18 17:41:33.488,12-18 17:41:36.321,1000,0,111,17,5.567089689147695,72.284,0.007,0.301,0.426,0.182,0.084,0.0,0.002,0.054,0.0,0.0,0.0,0.0,0.0,0.0,0.008,0.036,0.0,0.0,0.094,0.0,0.0,0.101,0.008,0.0,0.0,0.005
1374001,1375000,12-18 17:41:36.322,12-18 17:41:44.638,1000,0,140,20,6.131805903094638,84.99,0.056,0.366,0.371,0.067,0.14,0.0,0.0,0.042,0.024,0.0,0.016,0.008,0.0,0.0,0.014,0.064,0.0,0.01,0.011,0.008,0.007,0.02,0.008,0.008,0.0,0.002
1375001,1376000,12-18 17:41:44.638,12-18 17:41:53.295,1000,0,104,19,5.392763936514064,62.197,0.022,0.25,0.419,0.065,0.244,0.0,0.0,0.066,0.036,0.0,0.024,0.036,0.208,0.0,0.014,0.026,0.0,0.016,0.008,0.012,0.009,0.011,0.008,0.007,0.0,0.014
1376001,1377000,12-18 17:41:53.295,12-18 17:42:05.909,1000,0,105,17,5.969073325456508,80.897,0.045,0.383,0.493,0.021,0.058,0.0,0.002,0.067,0.06,0.0,0.04,0.024,0.0,0.0,0.014,0.041,0.0,0.021,0.0,0.02,0.011,0.003,0.024,0.017,0.0,0.008
1377001,1378000,12-18 17:42:05.909,12-18 17:42:24.687,1000,0,82,15,5.313921466522888,72.014,0.01,0.36,0.536,0.032,0.062,0.0,0.002,0.097,0.072,0.0,0.048,0.068,0.0,0.0,0.029,0.019,0.0,0.029,0.0,0.024,0.02,0.006,0.004,0.02,0.0,0.01
1378001,1379000,12-18 17:42:24.689,12-18 17:42:33.121,1000,0,124,19,5.976817137141099,77.768,0.024,0.362,0.526,0.032,0.056,0.0,0.0,0.104,0.048,0.0,0.032,0.032,0.0,0.0,0.023,0.015,0.0,0.011,0.001,0.016,0.011,0.015,0.016,0.01,0.0,0.004
1379001,1380000,12-18 17:42:33.127,12-18 17:42:40.275,1000,0,144,22,5.916637272680381,71.772,0.027,0.371,0.457,0.022,0.123,0.0,0.002,0.058,0.048,0.0,0.032,0.008,0.0,0.0,0.004,0.03,0.0,0.013,0.005,0.016,0.007,0.003,0.012,0.009,0.0,0.004
1380001,1381000,12-18 17:42:40.275,12-18 17:42:54.283,1000,0,113,17,5.344617711153282,72.926,0.014,0.364,0.469,0.049,0.104,0.0,0.059,0.031,0.144,0.0,0.096,0.02,0.0,0.016,0.005,0.016,0.005,0.047,0.0,0.048,0.013,0.0,0.036,0.026,0.0,0.01
1381001,1382000,12-18 17:42:54.555,12-18 17:43:21.641,1000,0,109,21,5.886963029755537,73.647,0.007,0.284,0.556,0.081,0.072,0.0,0.004,0.03,0.06,0.0,0.04,0.036,0.0,0.0,0.012,0.061,0.01,0.027,0.012,0.02,0.027,0.001,0.028,0.023,0.0,0.013
1382001,1383000,12-18 17:43:21.641,12-18 17:43:34.015,1000,0,92,15,5.651777046962413,70.289,0.009,0.315,0.47,0.11,0.096,0.0,0.0,0.028,0.072,0.0,0.048,0.024,0.0,0.0,0.006,0.037,0.0,0.028,0.0,0.024,0.015,0.001,0.016,0.02,0.0,0.016
1383001,1384000,12-18 17:43:34.015,12-18 17:43:38.555,1000,0,110,16,5.373115605354113,66.826,0.007,0.364,0.402,0.129,0.098,0.0,0.002,0.045,0.024,0.0,0.016,0.016,0.0,0.0,0.011,0.017,0.0,0.01,0.107,0.008,0.004,0.103,0.0,0.007,0.0,0.0
1384001,1385000,12-18 17:43:38.555,12-18 17:43:57.798,1000,0,88,15,5.7677522582283345,72.657,0.011,0.268,0.605,0.078,0.038,0.0,0.002,0.037,0.057,0.0,0.032,0.028,0.0,0.0,0.018,0.045,0.0,0.025,0.0,0.016,0.02,0.01,0.036,0.019,0.0,0.025
1385001,1386000,12-18 17:43:57.798,12-18 17:44:15.884,1000,0,80,15,5.45827798693701,75.193,0.009,0.319,0.557,0.074,0.041,0.0,0.0,0.033,0.111,0.0,0.08,0.028,0.0,0.0,0.007,0.03,0.0,0.045,0.0,0.04,0.02,0.0,0.038,0.027,0.0,0.021
1386001,1387000,12-18 17:44:15.888,12-18 17:44:34.136,1000,0,95,14,5.600763444604149,72.631,0.013,0.331,0.535,0.07,0.051,0.0,0.002,0.038,0.108,0.0,0.072,0.028,0.0,0.0,0.007,0.032,0.023,0.037,0.001,0.036,0.02,0.0,0.042,0.024,0.0,0.016
1387001,1388000,12-18 17:44:34.136,12-18 17:44:36.291,1000,0,192,20,6.531306990453934,59.858,0.089,0.312,0.391,0.076,0.132,0.0,0.0,0.046,0.024,0.0,0.016,0.0,0.064,0.0,0.005,0.016,0.027,0.01,0.013,0.008,0.0,0.004,0.006,0.004,0.0,0.002
1388001,1389000,12-18 17:44:36.291,12-18 17:44:48.911,1000,0,162,28,6.260416081334975,66.1,0.023,0.45,0.411,0.055,0.061,0.0,0.002,0.114,0.06,0.0,0.04,0.012,0.016,0.0,0.022,0.004,0.0,0.014,0.004,0.02,0.011,0.008,0.004,0.011,0.0,0.018
1389001,1390000,12-18 17:44:48.911,12-18 17:46:42.190,1000,0,82,17,4.701099096990811,80.9,0.013,0.446,0.314,0.032,0.195,0.0,0.002,0.153,0.072,0.0,0.048,0.02,0.0,0.16,0.055,0.006,0.005,0.01,0.029,0.024,0.011,0.019,0.0,0.014,0.0,0.002
1390001,1391000,12-18 17:46:42.190,12-18 17:47:33.104,1000,0,135,21,6.002920038847864,67.618,0.006,0.311,0.439,0.135,0.109,0.0,0.0,0.09,0.012,0.0,0.008,0.012,0.0,0.032,0.019,0.017,0.01,0.002,0.062,0.004,0.005,0.057,0.0,0.003,0.0,0.01
1391001,1392000,12-18 17:47:33.108,12-18 17:50:16.476,1000,0,74,15,4.470447754818655,65.975,0.011,0.359,0.221,0.048,0.361,0.0,0.0,0.053,0.0,0.0,0.0,0.012,0.0,0.232,0.016,0.007,0.06,0.001,0.05,0.0,0.006,0.059,0.0,0.002,0.0,0.0
1392001,1393000,12-18 17:50:16.476,12-18 17:51:02.859,1000,0,106,18,5.323777733592898,71.643,0.01,0.257,0.475,0.083,0.175,0.0,0.091,0.085,0.0,0.0,0.0,0.004,0.0,0.072,0.009,0.011,0.06,0.001,0.006,0.0,0.005,0.006,0.0,0.002,0.0,0.014
1393001,1394000,12-18 17:51:02.859,12-18 17:54:39.286,1000,0,61,13,3.0305305835477605,75.452,0.007,0.174,0.561,0.022,0.236,0.0,0.455,0.017,0.0,0.0,0.0,0.004,0.0,0.216,0.013,0.004,0.005,0.001,0.0,0.0,0.005,0.003,0.0,0.002,0.0,0.0
1394001,1395000,12-18 17:54:39.286,12-18 17:56:01.032,1000,0,183,24,6.499788123731914,62.144,0.06,0.322,0.412,0.07,0.136,0.0,0.0,0.066,0.0,0.0,0.0,0.012,0.082,0.024,0.012,0.001,0.0,0.005,0.006,0.0,0.002,0.009,0.002,0.002,0.0,0.01
1395001,1396000,12-18 17:56:01.032,12-18 17:56:02.021,1000,0,165,28,6.275520846940763,61.36,0.029,0.225,0.432,0.045,0.269,0.0,0.058,0.022,0.012,0.0,0.008,0.0,0.046,0.0,0.007,0.024,0.11,0.008,0.027,0.004,0.0,0.006,0.0,0.002,0.0,0.008
1396001,1397000,12-18 17:56:02.037,12-18 17:56:08.617,1000,0,142,20,5.544197098962528,83.622,0.012,0.187,0.702,0.043,0.056,0.0,0.231,0.024,0.024,0.0,0.016,0.02,0.0,0.0,0.017,0.036,0.0,0.011,0.001,0.008,0.013,0.011,0.012,0.01,0.0,0.002
1397001,1398000,12-18 17:56:08.617,12-18 17:56:16.133,1000,0,152,18,5.988791149562433,71.291,0.062,0.272,0.494,0.062,0.11,0.0,0.112,0.044,0.024,0.0,0.016,0.008,0.056,0.0,0.01,0.023,0.0,0.01,0.001,0.008,0.004,0.008,0.02,0.007,0.0,0.0
1398001,1399000,12-18 17:56:16.134,12-18 17:56:17.083,1000,0,177,23,6.623065832445369,58.216,0.056,0.329,0.433,0.096,0.086,0.0,0.0,0.069,0.0,0.0,0.0,0.008,0.04,0.0,0.012,0.005,0.0,0.006,0.017,0.0,0.007,0.006,0.004,0.004,0.0,0.002
1399001,1400000,12-18 17:56:17.083,12-18 17:57:32.285,1000,0,184,27,6.304650704093139,61.821,0.013,0.341,0.379,0.047,0.22,0.0,0.006,0.034,0.012,0.0,0.008,0.008,0.0,0.106,0.011,0.007,0.005,0.005,0.0,0.004,0.01,0.005,0.006,0.002,0.0,0.012
1400001,1401000,12-18 17:57:32.285,12-18 18:00:40.799,1000,0,91,16,5.142489397091084,61.325,0.007,0.202,0.515,0.065,0.211,0.0,0.0,0.072,0.0,0.0,0.0,0.008,0.0,0.134,0.014,0.008,0.05,0.0,0.0,0.0,0.007,0.002,0.0,0.0,0.0,0.01
1401001,1402000,12-18 18:00:40.799,12-18 18:02:47.190,1000,0,75,17,3.797650885101856,77.418,0.007,0.134,0.72,0.034,0.105,0.0,0.454,0.041,0.0,0.0,0.0,0.0,0.0,0.08,0.004,0.007,0.005,0.0,0.01,0.0,0.0,0.003,0.0,0.0,0.0,0.01
1402001,1403000,12-18 18:02:47.190,12-18 18:08:09.780,1000,0,111,19,5.27526322486565,65.206,0.016,0.225,0.443,0.046,0.27,0.0,0.11,0.044,0.0,0.0,0.0,0.0,0.0,0.128,0.015,0.003,0.115,0.0,0.017,0.0,0.003,0.004,0.0,0.0,0.0,0.014
1403001,1404000,12-18 18:08:09.780,12-18 18:11:22.835,1000,0,96,21,4.95941234570882,82.088,0.015,0.168,0.684,0.044,0.089,0.0,0.267,0.046,0.0,0.0,0.0,0.008,0.0,0.048,0.015,0.015,0.0,0.0,0.006,0.0,0.007,0.014,0.0,0.0,0.0,0.012
1404001,1405000,12-18 18:11:22.835,12-18 18:13:00.133,1000,0,35,11,2.863887787918859,79.205,0.002,0.197,0.511,0.027,0.263,0.0,0.409,0.052,0.0,0.0,0.0,0.0,0.0,0.253,0.012,0.007,0.0,0.0,0.002,0.0,0.003,0.006,0.0,0.0,0.0,0.0
1405001,1406000,12-18 18:13:00.133,12-18 18:13:50.042,1000,0,65,12,4.964705733525266,74.067,0.006,0.431,0.385,0.032,0.146,0.0,0.004,0.136,0.06,0.0,0.04,0.028,0.0,0.115,0.056,0.003,0.0,0.006,0.0,0.02,0.006,0.02,0.0,0.007,0.0,0.008
1406001,1407000,12-18 18:13:50.042,12-18 18:16:03.513,1000,0,107,19,5.337266015386851,65.976,0.006,0.4,0.321,0.042,0.231,0.0,0.0,0.109,0.036,0.0,0.024,0.012,0.0,0.064,0.034,0.001,0.115,0.004,0.0,0.012,0.005,0.016,0.0,0.005,0.0,0.006
1407001,1408000,12-18 18:16:03.513,12-18 18:18:22.750,1000,0,122,20,5.805420493630898,66.637,0.008,0.316,0.468,0.087,0.121,0.0,0.002,0.12,0.012,0.0,0.008,0.012,0.0,0.064,0.025,0.007,0.01,0.003,0.0,0.004,0.005,0.009,0.0,0.003,0.0,0.014
1408001,1409000,12-18 18:18:22.750,12-18 18:23:25.907,1000,0,130,23,5.237565083123634,63.919,0.012,0.29,0.321,0.039,0.338,0.0,0.01,0.054,0.012,0.0,0.008,0.012,0.002,0.192,0.017,0.003,0.115,0.001,0.0,0.004,0.009,0.001,0.002,0.003,0.0,0.008
1409001,1410000,12-18 18:23:25.907,12-18 18:23:26.433,1000,0,184,22,6.364938597264223,63.726,0.066,0.283,0.422,0.058,0.171,0.0,0.058,0.048,0.0,0.0,0.0,0.012,0.094,0.0,0.011,0.003,0.0,0.009,0.007,0.0,0.002,0.007,0.0,0.002,0.0,0.008
1410001,1411000,12-18 18:23:26.434,12-18 18:23:29.661,1000,0,137,24,6.144171810728926,72.598,0.025,0.226,0.516,0.069,0.164,0.0,0.028,0.029,0.024,0.0,0.016,0.0,0.096,0.0,0.014,0.024,0.0,0.008,0.026,0.008,0.0,0.014,0.004,0.004,0.0,0.006
1411001,1412000,12-18 18:23:29.661,12-18 18:23:30.264,1000,0,130,16,5.040400909528245,73.199,0.119,0.173,0.581,0.056,0.071,0.0,0.313,0.007,0.0,0.0,0.0,0.0,0.0,0.0,0.011,0.023,0.0,0.0,0.001,0.0,0.0,0.012,0.0,0.0,0.0,0.009
1412001,1413000,12-18 18:23:30.265,12-18 18:23:39.445,1000,0,149,19,6.215250335174616,70.335,0.063,0.292,0.521,0.079,0.045,0.0,0.002,0.025,0.07,0.0,0.04,0.012,0.0,0.0,0.01,0.04,0.0,0.027,0.01,0.02,0.009,0.017,0.032,0.015,0.0,0.024
1413001,1414000,12-18 18:23:39.445,12-18 18:23:46.274,1000,0,122,19,6.031912563124191,66.739,0.015,0.27,0.407,0.219,0.089,0.0,0.0,0.048,0.014,0.0,0.016,0.02,0.0,0.0,0.012,0.041,0.0,0.007,0.034,0.008,0.013,0.04,0.044,0.009,0.0,0.008
1414001,1415000,12-18 18:23:46.275,12-18 18:23:54.518,1000,0,109,21,5.785298586831018,72.58,0.013,0.343,0.507,0.087,0.05,0.0,0.002,0.048,0.058,0.0,0.032,0.008,0.0,0.0,0.016,0.034,0.0,0.022,0.066,0.016,0.007,0.077,0.004,0.012,0.0,0.012
1415001,1416000,12-18 18:23:54.518,12-18 18:24:10.305,1000,0,74,17,5.037556228384249,69.741,0.005,0.428,0.527,0.01,0.03,0.0,0.067,0.05,0.11,0.0,0.073,0.02,0.0,0.0,0.012,0.007,0.0,0.039,0.0,0.036,0.013,0.003,0.108,0.024,0.0,0.006
1416001,1417000,12-18 18:24:10.305,12-18 18:24:23.850,1000,0,98,15,5.77946497988779,79.502,0.058,0.289,0.57,0.063,0.02,0.0,0.0,0.026,0.072,0.0,0.055,0.024,0.0,0.0,0.027,0.032,0.0,0.028,0.0,0.028,0.018,0.02,0.024,0.018,0.0,0.01
1417001,1418000,12-18 18:24:24.162,12-18 18:24:40.274,1000,0,85,14,5.2762532589471185,74.955,0.023,0.402,0.49,0.062,0.023,0.0,0.004,0.046,0.12,0.0,0.08,0.02,0.0,0.0,0.009,0.027,0.0,0.045,0.0,0.04,0.013,0.004,0.108,0.027,0.0,0.008
1418001,1419000,12-18 18:24:40.274,12-18 18:24:59.141,1000,0,91,17,5.7109244292991015,73.554,0.148,0.282,0.489,0.061,0.02,0.0,0.002,0.033,0.07,0.0,0.04,0.02,0.0,0.0,0.015,0.03,0.0,0.027,0.0,0.02,0.016,0.009,0.032,0.015,0.0,0.016
1419001,1420000,12-18 18:24:59.141,12-18 18:25:19.803,1000,0,62,16,4.704258669831071,69.635,0.243,0.34,0.352,0.02,0.045,0.0,0.002,0.059,0.098,0.0,0.072,0.028,0.0,0.0,0.013,0.011,0.01,0.037,0.0,0.036,0.02,0.003,0.054,0.025,0.0,0.002
1420001,1421000,12-18 18:25:19.805,12-18 18:25:31.217,1000,0,65,12,4.607718807108495,61.864,0.39,0.242,0.33,0.014,0.024,0.0,0.002,0.048,0.048,0.0,0.032,0.016,0.0,0.0,0.014,0.004,0.0,0.018,0.0,0.016,0.011,0.003,0.04,0.012,0.0,0.006
1421001,1422000,12-18 18:25:31.218,12-18 18:25:41.497,1000,0,55,11,4.801632031938125,58.32,0.308,0.228,0.436,0.006,0.022,0.0,0.0,0.038,0.036,0.0,0.024,0.016,0.0,0.0,0.019,0.004,0.0,0.014,0.0,0.012,0.011,0.007,0.046,0.01,0.0,0.014
1422001,1423000,12-18 18:25:41.497,12-18 18:26:02.620,1000,0,76,17,4.996800535261287,68.739,0.187,0.383,0.363,0.018,0.049,0.0,0.002,0.093,0.084,0.0,0.056,0.036,0.0,0.0,0.018,0.007,0.0,0.027,0.0,0.028,0.021,0.006,0.052,0.022,0.0,0.002
1423001,1424000,12-18 18:26:02.620,12-18 18:26:26.264,1000,0,54,15,4.67913728405999,68.751,0.226,0.366,0.354,0.017,0.037,0.0,0.002,0.074,0.072,0.0,0.048,0.036,0.0,0.0,0.02,0.01,0.0,0.026,0.0,0.024,0.028,0.008,0.072,0.023,0.0,0.0
1424001,1425000,12-18 18:26:26.264,12-18 18:26:34.610,1000,0,117,22,5.871744989001381,64.636,0.051,0.354,0.419,0.017,0.159,0.0,0.002,0.036,0.06,0.0,0.04,0.016,0.072,0.0,0.019,0.01,0.0,0.02,0.006,0.02,0.009,0.013,0.016,0.017,0.0,0.008
1425001,1426000,12-18 18:26:34.614,12-18 18:26:52.010,1000,0,128,20,5.844680958624508,78.157,0.027,0.341,0.536,0.054,0.042,0.0,0.002,0.077,0.096,0.0,0.064,0.048,0.0,0.0,0.029,0.034,0.0,0.034,0.0,0.032,0.023,0.017,0.008,0.029,0.0,0.004
1426001,1427000,12-18 18:26:52.011,12-18 18:27:08.182,1000,0,109,21,5.64506913456071,70.663,0.021,0.253,0.518,0.069,0.139,0.0,0.0,0.025,0.084,0.0,0.056,0.028,0.0,0.0,0.014,0.024,0.115,0.033,0.0,0.028,0.02,0.007,0.012,0.023,0.0,0.018
1427001,1428000,12-18 18:27:08.203,12-18 18:27:11.842,1000,0,144,20,6.334861976668584,83.443,0.03,0.259,0.587,0.084,0.04,0.0,0.002,0.036,0.036,0.0,0.024,0.004,0.0,0.0,0.018,0.065,0.0,0.013,0.002,0.012,0.002,0.016,0.008,0.008,0.0,0.015
1428001,1429000,12-18 18:27:11.842,12-18 18:27:36.404,1000,0,121,20,5.834298973374766,76.925,0.015,0.345,0.536,0.059,0.045,0.0,0.002,0.033,0.108,0.0,0.072,0.028,0.0,0.0,0.008,0.047,0.01,0.041,0.0,0.036,0.023,0.001,0.028,0.026,0.0,0.008
1429001,1430000,12-18 18:27:36.405,12-18 18:27:49.995,1000,0,97,16,5.54350925034616,73.698,0.012,0.308,0.543,0.072,0.065,0.0,0.002,0.023,0.12,0.0,0.079,0.016,0.0,0.032,0.008,0.029,0.005,0.042,0.0,0.04,0.011,0.002,0.012,0.022,0.0,0.02
1430001,1431000,12-18 18:27:49.996,12-18 18:28:06.092,1000,0,76,12,5.490028033404723,72.69,0.012,0.311,0.583,0.069,0.025,0.0,0.0,0.028,0.099,0.0,0.065,0.028,0.0,0.0,0.013,0.03,0.0,0.041,0.0,0.032,0.02,0.003,0.032,0.024,0.0,0.027
1431001,1432000,12-18 18:28:06.092,12-18 18:28:27.212,1000,0,80,12,5.290783755830154,74.871,0.009,0.352,0.542,0.072,0.025,0.0,0.002,0.032,0.132,0.0,0.088,0.024,0.0,0.0,0.008,0.031,0.0,0.048,0.0,0.044,0.018,0.001,0.036,0.026,0.0,0.018
1432001,1433000,12-18 18:28:27.212,12-18 18:28:48.387,1000,0,77,14,5.436475228492859,76.579,0.009,0.331,0.558,0.075,0.027,0.0,0.004,0.027,0.117,0.0,0.08,0.028,0.0,0.0,0.007,0.038,0.0,0.041,0.0,0.04,0.02,0.0,0.028,0.027,0.0,0.019
1433001,1434000,12-18 18:28:48.388,12-18 18:29:05.945,1000,0,88,15,5.476943433416059,73.223,0.009,0.298,0.564,0.089,0.04,0.0,0.059,0.029,0.108,0.0,0.072,0.024,0.0,0.0,0.006,0.031,0.0,0.04,0.0,0.036,0.018,0.0,0.024,0.024,0.0,0.018
1434001,1435000,12-18 18:29:05.945,12-18 18:29:28.586,1000,0,88,16,5.613441746077559,73.817,0.011,0.315,0.549,0.084,0.041,0.0,0.004,0.025,0.088,0.0,0.056,0.028,0.0,0.0,0.008,0.035,0.01,0.037,0.012,0.028,0.02,0.001,0.028,0.023,0.0,0.027
1435001,1436000,12-18 18:29:28.586,12-18 18:29:50.327,1000,0,70,12,5.3146972801299786,75.799,0.014,0.302,0.556,0.101,0.027,0.0,0.002,0.02,0.104,0.0,0.072,0.02,0.0,0.0,0.005,0.044,0.0,0.035,0.0,0.036,0.018,0.0,0.022,0.02,0.0,0.027
1436001,1437000,12-18 18:29:50.327,12-18 18:30:08.790,1000,0,82,13,5.601760414853398,72.34,0.014,0.278,0.609,0.073,0.026,0.0,0.002,0.021,0.084,0.0,0.05,0.024,0.0,0.0,0.016,0.031,0.0,0.032,0.0,0.024,0.016,0.005,0.018,0.02,0.0,0.028
1437001,1438000,12-18 18:30:08.790,12-18 18:30:27.974,1000,0,78,16,5.2973513642411945,76.722,0.009,0.332,0.563,0.072,0.024,0.0,0.0,0.027,0.132,0.0,0.094,0.028,0.0,0.0,0.012,0.03,0.0,0.049,0.0,0.048,0.02,0.005,0.02,0.029,0.0,0.018
1438001,1439000,12-18 18:30:27.974,12-18 18:30:41.354,1000,0,94,18,5.628949989446364,76.832,0.011,0.299,0.55,0.105,0.035,0.0,0.002,0.046,0.084,0.0,0.056,0.028,0.0,0.0,0.012,0.032,0.0,0.027,0.017,0.028,0.013,0.005,0.024,0.022,0.0,0.023
1439001,1440000,12-18 18:30:41.358,12-18 18:31:04.095,1000,0,101,15,5.747347482274279,73.164,0.015,0.29,0.572,0.079,0.044,0.0,0.028,0.026,0.092,0.0,0.056,0.04,0.0,0.0,0.012,0.032,0.0,0.038,0.0,0.028,0.029,0.001,0.016,0.023,0.0,0.02
1440001,1441000,12-18 18:31:04.095,12-18 18:31:21.884,1000,0,95,17,5.55936870834881,74.228,0.009,0.339,0.527,0.071,0.054,0.0,0.014,0.049,0.112,0.0,0.08,0.024,0.0,0.0,0.014,0.029,0.01,0.034,0.0,0.04,0.015,0.007,0.024,0.023,0.0,0.018
1441001,1442000,12-18 18:31:21.887,12-18 18:31:35.076,1000,0,74,13,5.373840406016439,70.892,0.016,0.256,0.648,0.067,0.013,0.0,0.002,0.008,0.084,0.0,0.056,0.024,0.0,0.0,0.016,0.029,0.0,0.032,0.0,0.028,0.014,0.006,0.008,0.022,0.0,0.028
1442001,1443000,12-18 18:31:35.077,12-18 18:31:51.365,1000,0,75,12,5.3350762903694795,75.869,0.012,0.301,0.579,0.082,0.026,0.0,0.002,0.032,0.117,0.0,0.072,0.02,0.0,0.0,0.013,0.03,0.0,0.043,0.0,0.036,0.013,0.004,0.004,0.022,0.0,0.027
1443001,1444000,12-18 18:31:51.365,12-18 18:32:14.738,1000,0,90,16,5.564348540911595,76.267,0.009,0.335,0.529,0.084,0.043,0.0,0.002,0.059,0.099,0.0,0.072,0.032,0.0,0.0,0.012,0.037,0.0,0.033,0.0,0.036,0.021,0.005,0.02,0.024,0.0,0.018
1444001,1445000,12-18 18:32:14.738,12-18 18:32:28.605,1000,0,84,16,5.3930844178403365,76.322,0.008,0.36,0.512,0.073,0.047,0.0,0.002,0.079,0.12,0.0,0.08,0.036,0.0,0.0,0.015,0.023,0.0,0.031,0.0,0.04,0.013,0.01,0.008,0.02,0.0,0.019
1445001,1446000,12-18 18:32:28.839,12-18 18:32:39.918,1000,0,148,21,6.073040259899446,68.815,0.013,0.278,0.475,0.068,0.166,0.0,0.0,0.047,0.06,0.0,0.04,0.012,0.0,0.0,0.01,0.044,0.11,0.02,0.001,0.02,0.009,0.008,0.02,0.014,0.0,0.01
1446001,1447000,12-18 18:32:39.918,12-18 18:32:41.174,1000,0,170,19,6.331888800616698,61.43,0.065,0.263,0.429,0.083,0.16,0.0,0.0,0.031,0.0,0.0,0.0,0.004,0.064,0.0,0.007,0.02,0.0,0.001,0.0,0.0,0.002,0.005,0.004,0.002,0.0,0.007
1447001,1448000,12-18 18:32:41.174,12-18 18:32:42.143,1000,0,174,19,6.544927294963454,53.362,0.046,0.323,0.424,0.094,0.113,0.0,0.0,0.06,0.012,0.0,0.008,0.012,0.072,0.0,0.009,0.003,0.0,0.01,0.017,0.004,0.006,0.004,0.008,0.004,0.0,0.007
1448001,1449000,12-18 18:32:42.143,12-18 18:32:45.685,1000,0,152,26,6.249404448887408,66.271,0.018,0.371,0.47,0.085,0.056,0.0,0.0,0.091,0.048,0.0,0.032,0.032,0.016,0.0,0.026,0.016,0.0,0.012,0.002,0.016,0.015,0.016,0.016,0.016,0.0,0.014
1449001,1450000,12-18 18:32:45.685,12-18 18:32:57.364,1000,0,183,25,6.434965047939348,64.947,0.019,0.398,0.373,0.075,0.135,0.0,0.002,0.1,0.012,0.0,0.008,0.02,0.074,0.0,0.017,0.013,0.0,0.004,0.032,0.004,0.009,0.012,0.004,0.007,0.0,0.006
1450001,1451000,12-18 18:32:57.369,12-18 18:32:57.862,1000,0,172,26,6.214774770830726,67.436,0.065,0.262,0.504,0.038,0.131,0.0,0.117,0.025,0.0,0.0,0.0,0.0,0.038,0.0,0.009,0.008,0.0,0.004,0.033,0.0,0.0,0.009,0.0,0.0,0.0,0.006
1451001,1452000,12-18 18:32:57.862,12-18 18:33:00.725,1000,0,180,19,6.307579288557193,53.788,0.093,0.318,0.357,0.072,0.16,0.0,0.0,0.051,0.012,0.0,0.008,0.0,0.12,0.0,0.003,0.006,0.0,0.006,0.014,0.004,0.0,0.002,0.006,0.002,0.0,0.002
1452001,1453000,12-18 18:33:00.725,12-18 18:33:43.152,1000,0,129,22,5.437005861844506,70.473,0.012,0.413,0.372,0.048,0.155,0.0,0.002,0.137,0.072,0.0,0.048,0.024,0.0,0.117,0.043,0.005,0.005,0.01,0.003,0.024,0.011,0.016,0.0,0.012,0.0,0.014
1453001,1454000,12-18 18:33:43.152,12-18 18:34:33.059,1000,0,78,15,4.4561491690632655,76.433,0.009,0.485,0.251,0.015,0.24,0.0,0.0,0.158,0.072,0.0,0.048,0.004,0.0,0.187,0.054,0.001,0.015,0.007,0.0,0.024,0.005,0.018,0.0,0.008,0.0,0.0
1454001,1455000,12-18 18:34:33.059,12-18 18:35:30.982,1000,0,61,13,4.474544912800757,76.262,0.004,0.482,0.31,0.017,0.187,0.0,0.0,0.173,0.072,0.0,0.048,0.024,0.0,0.16,0.061,0.002,0.0,0.008,0.0,0.024,0.008,0.021,0.0,0.01,0.0,0.004
1455001,1456000,12-18 18:35:30.983,12-18 18:36:28.992,1000,0,58,14,4.4457543392137,75.798,0.012,0.501,0.233,0.022,0.232,0.0,0.001,0.157,0.072,0.0,0.048,0.001,0.0,0.144,0.056,0.001,0.06,0.007,0.0,0.024,0.005,0.018,0.0,0.008,0.0,0.0
1456001,1457000,12-18 18:36:28.992,12-18 18:40:38.626,1000,0,73,18,4.745943005210883,76.928,0.004,0.473,0.345,0.014,0.164,0.0,0.001,0.16,0.072,0.0,0.048,0.003,0.0,0.128,0.051,0.001,0.0,0.006,0.0,0.024,0.005,0.017,0.0,0.006,0.0,0.006
1457001,1458000,12-18 18:40:38.626,12-18 18:41:02.379,1000,0,89,21,4.181934638501171,73.906,0.013,0.148,0.64,0.024,0.175,0.0,0.382,0.05,0.012,0.0,0.008,0.012,0.0,0.032,0.015,0.004,0.115,0.004,0.006,0.004,0.004,0.009,0.0,0.007,0.0,0.006
1458001,1459000,12-18 18:41:02.379,12-18 18:42:06.956,1000,0,73,17,4.560733286587069,81.512,0.008,0.337,0.452,0.062,0.141,0.0,0.162,0.161,0.036,0.0,0.024,0.016,0.0,0.096,0.037,0.011,0.005,0.005,0.0,0.012,0.011,0.013,0.0,0.007,0.0,0.0
1459001,1460000,12-18 18:42:06.957,12-18 18:47:06.710,1000,0,105,19,5.418784758105554,66.331,0.016,0.312,0.38,0.044,0.248,0.0,0.002,0.105,0.036,0.0,0.024,0.016,0.0,0.096,0.03,0.005,0.12,0.007,0.0,0.012,0.011,0.008,0.0,0.011,0.0,0.012
1460001,1461000,12-18 18:47:06.710,12-18 18:47:55.009,1000,0,90,17,5.068475352768043,80.715,0.012,0.349,0.419,0.031,0.189,0.0,0.028,0.103,0.048,0.0,0.026,0.016,0.0,0.144,0.04,0.006,0.005,0.006,0.009,0.012,0.011,0.014,0.0,0.008,0.0,0.006
1461001,1462000,12-18 18:47:55.009,12-18 18:49:29.078,1000,0,62,11,4.464494849860758,77.177,0.003,0.481,0.315,0.019,0.182,0.0,0.002,0.168,0.072,0.0,0.054,0.032,0.0,0.144,0.059,0.001,0.0,0.01,0.0,0.028,0.008,0.019,0.0,0.014,0.0,0.002
1462001,1463000,12-18 18:49:29.079,12-18 18:51:10.695,1000,0,100,17,5.151731816039058,73.262,0.007,0.381,0.357,0.029,0.226,0.0,0.0,0.136,0.048,0.0,0.032,0.008,0.0,0.128,0.04,0.004,0.06,0.004,0.006,0.016,0.003,0.014,0.0,0.004,0.0,0.008
1463001,1464000,12-18 18:51:10.696,12-18 18:56:06.015,1000,0,100,19,5.100700395016203,73.282,0.011,0.325,0.364,0.077,0.223,0.0,0.004,0.153,0.024,0.0,0.016,0.032,0.0,0.112,0.028,0.009,0.06,0.004,0.0,0.008,0.011,0.007,0.0,0.006,0.0,0.006
1464001,1465000,12-18 18:56:06.015,12-18 19:01:05.591,1000,0,111,20,5.386769209614992,68.374,0.012,0.266,0.39,0.098,0.234,0.0,0.006,0.095,0.0,0.0,0.0,0.008,0.0,0.096,0.016,0.012,0.115,0.002,0.0,0.0,0.007,0.011,0.0,0.004,0.0,0.01
1465001,1466000,12-18 19:01:05.591,12-18 19:01:09.034,1000,0,104,21,4.972973498451987,58.402,0.001,0.158,0.731,0.024,0.086,0.0,0.192,0.055,0.012,0.0,0.008,0.02,0.0,0.0,0.016,0.006,0.05,0.002,0.017,0.004,0.006,0.008,0.0,0.003,0.0,0.008
1466001,1467000,12-18 19:01:09.034,12-18 19:01:10.963,1000,0,15,5,0.3177953459672988,80.195,0.002,0.019,0.866,0.002,0.111,0.0,0.968,0.003,0.0,0.0,0.0,0.0,0.0,0.0,0.0,0.001,0.0,0.0,0.0,0.0,0.003,0.0,0.0,0.0,0.0,0.0
1467001,1468000,12-18 19:01:10.963,12-18 19:01:55.957,1000,0,47,11,2.8472692021038006,76.987,0.002,0.144,0.646,0.012,0.196,0.0,0.531,0.035,0.012,0.0,0.008,0.016,0.0,0.16,0.014,0.002,0.0,0.003,0.0,0.004,0.004,0.004,0.0,0.005,0.0,0.0
1468001,1469000,12-18 19:01:55.957,12-18 19:04:54.583,1000,0,83,17,4.738696086953732,78.752,0.007,0.423,0.331,0.065,0.174,0.0,0.0,0.183,0.048,0.0,0.032,0.012,0.0,0.128,0.043,0.008,0.005,0.007,0.0,0.016,0.009,0.012,0.0,0.01,0.0,0.006
1469001,1470000,12-18 19:04:54.590,12-18 19:06:03.211,1000,0,130,23,5.822640964864226,70.502,0.009,0.373,0.429,0.044,0.145,0.0,0.008,0.059,0.012,0.0,0.018,0.008,0.0,0.032,0.014,0.013,0.069,0.006,0.027,0.008,0.01,0.011,0.0,0.006,0.0,0.008
1470001,1471000,12-18 19:06:03.211,12-18 19:16:30.263,1000,0,170,30,6.278889113676604,67.306,0.015,0.203,0.493,0.084,0.205,0.0,0.014,0.062,0.0,0.0,0.0,0.016,0.0,0.08,0.013,0.046,0.056,0.0,0.038,0.0,0.008,0.007,0.0,0.0,0.0,0.008
1471001,1472000,12-18 19:16:30.263,12-18 19:16:41.428,1000,0,55,12,3.3057242768709787,31.231,0.003,0.21,0.673,0.04,0.074,0.0,0.0,0.014,0.0,0.0,0.0,0.0,0.0,0.032,0.002,0.002,0.0,0.0,0.0,0.0,0.0,0.002,0.0,0.0,0.0,0.004
1472001,1473000,12-18 19:16:41.428,12-18 19:25:13.895,1000,0,159,24,5.97917878291063,56.16,0.019,0.227,0.408,0.068,0.278,0.0,0.0,0.059,0.0,0.0,0.0,0.012,0.054,0.08,0.007,0.005,0.115,0.001,0.021,0.0,0.002,0.004,0.002,0.002,0.0,0.006
1473001,1474000,12-18 19:25:13.895,12-18 19:25:14.402,1000,0,177,27,6.49343701388888,58.515,0.073,0.303,0.429,0.046,0.149,0.0,0.0,0.027,0.003,0.0,0.0,0.0,0.058,0.0,0.013,0.006,0.05,0.006,0.008,0.0,0.004,0.011,0.0,0.002,0.0,0.012
1474001,1475000,12-18 19:25:14.403,12-18 19:25:15.138,1000,0,141,31,5.9204914060151355,71.047,0.027,0.405,0.457,0.032,0.079,0.0,0.004,0.049,0.069,0.0,0.05,0.008,0.048,0.0,0.011,0.01,0.0,0.01,0.03,0.028,0.002,0.012,0.0,0.011,0.0,0.002
1475001,1476000,12-18 19:25:15.138,12-18 19:25:16.115,1000,0,120,27,5.491183474387817,71.922,0.01,0.142,0.674,0.054,0.12,0.0,0.108,0.036,0.012,0.0,0.008,0.004,0.04,0.0,0.011,0.03,0.0,0.005,0.038,0.004,0.002,0.003,0.0,0.004,0.0,0.002
1476001,1477000,12-18 19:25:16.115,12-18 19:25:16.557,1000,0,94,19,3.3380230166656406,84.757,0.008,0.107,0.831,0.018,0.036,0.0,0.588,0.026,0.012,0.0,0.008,0.0,0.0,0.0,0.009,0.037,0.0,0.004,0.001,0.004,0.0,0.007,0.004,0.002,0.0,0.0
1477001,1478000,12-18 19:25:16.559,12-18 19:25:18.026,1000,0,136,20,5.7161042116650735,76.695,0.027,0.216,0.53,0.068,0.159,0.0,0.168,0.024,0.012,0.0,0.008,0.016,0.0,0.0,0.021,0.036,0.0,0.003,0.024,0.004,0.004,0.019,0.004,0.005,0.0,0.004
1478001,1479000,12-18 19:25:18.026,12-18 19:25:19.792,1000,0,75,15,3.9364710833444203,79.555,0.016,0.11,0.767,0.022,0.085,0.0,0.421,0.008,0.0,0.0,0.0,0.004,0.0,0.0,0.013,0.011,0.0,0.001,0.0,0.0,0.002,0.012,0.004,0.002,0.0,0.004
1479001,1480000,12-18 19:25:19.792,12-18 19:25:27.783,1000,0,121,21,5.94204681502299,67.759,0.028,0.319,0.561,0.021,0.071,0.0,0.002,0.027,0.06,0.0,0.04,0.004,0.047,0.0,0.024,0.031,0.0,0.021,0.002,0.02,0.002,0.017,0.044,0.01,0.0,0.014
1480001,1481000,12-18 19:25:27.783,12-18 19:25:32.362,1000,0,83,13,4.945351328502865,68.322,0.013,0.357,0.619,0.005,0.006,0.0,0.0,0.017,0.024,0.0,0.016,0.016,0.0,0.0,0.013,0.004,0.0,0.01,0.0,0.008,0.008,0.005,0.034,0.007,0.0,0.01
1481001,1482000,12-18 19:25:32.362,12-18 19:25:35.101,1000,0,137,14,6.23198279836012,68.671,0.078,0.287,0.5,0.053,0.082,0.0,0.0,0.033,0.024,0.0,0.016,0.0,0.064,0.0,0.021,0.019,0.0,0.008,0.001,0.008,0.0,0.019,0.01,0.003,0.0,0.006
1482001,1483000,12-18 19:25:35.101,12-18 19:25:42.391,1000,0,191,25,6.562488952506805,59.516,0.043,0.329,0.468,0.079,0.081,0.0,0.0,0.093,0.024,0.0,0.016,0.016,0.0,0.026,0.023,0.003,0.0,0.005,0.017,0.008,0.0,0.011,0.002,0.002,0.0,0.01
1483001,1484000,12-18 19:25:42.391,12-18 19:26:31.245,1000,0,76,15,5.0253045499662505,72.719,0.01,0.398,0.419,0.026,0.147,0.0,0.004,0.129,0.072,0.0,0.048,0.004,0.0,0.118,0.053,0.003,0.004,0.011,0.0,0.024,0.002,0.022,0.0,0.009,0.0,0.012
1484001,1485000,12-18 19:26:31.245,12-18 19:27:18.486,1000,0,96,19,5.5051227327938586,66.67,0.01,0.297,0.467,0.041,0.185,0.0,0.0,0.07,0.024,0.0,0.016,0.004,0.0,0.104,0.033,0.002,0.066,0.003,0.0,0.008,0.005,0.015,0.0,0.004,0.0,0.018
1485001,1486000,12-18 19:27:18.486,12-18 19:28:16.177,1000,0,81,16,5.351116193516147,71.123,0.008,0.374,0.469,0.036,0.113,0.0,0.0,0.146,0.048,0.0,0.032,0.02,0.0,0.079,0.048,0.006,0.0,0.005,0.0,0.016,0.006,0.02,0.0,0.006,0.0,0.016
1486001,1487000,12-18 19:28:16.177,12-18 19:31:05.369,1000,0,98,18,5.591582061362454,85.518,0.01,0.319,0.541,0.037,0.093,0.0,0.034,0.137,0.024,0.0,0.016,0.0,0.0,0.057,0.035,0.008,0.0,0.002,0.002,0.008,0.003,0.021,0.0,0.002,0.0,0.016
1487001,1488000,12-18 19:31:05.369,12-18 19:32:14.199,1000,0,93,18,5.507203031858512,74.22,0.01,0.308,0.477,0.045,0.16,0.0,0.01,0.119,0.036,0.0,0.024,0.032,0.0,0.057,0.038,0.004,0.055,0.005,0.0,0.012,0.004,0.015,0.0,0.007,0.0,0.008
1488001,1489000,12-18 19:32:14.199,12-18 19:33:09.330,1000,0,83,17,3.6089490689672323,77.314,0.004,0.127,0.794,0.027,0.048,0.0,0.544,0.033,0.012,0.0,0.008,0.0,0.0,0.023,0.015,0.006,0.0,0.001,0.012,0.004,0.0,0.007,0.0,0.001,0.0,0.012
1489001,1490000,12-18 19:33:09.333,12-18 19:35:17.384,1000,0,80,19,4.448807254919396,65.118,0.01,0.236,0.275,0.058,0.421,0.0,0.0,0.031,0.0,0.0,0.0,0.008,0.0,0.336,0.022,0.009,0.065,0.002,0.015,0.0,0.007,0.007,0.0,0.004,0.0,0.012
1490001,1491000,12-18 19:35:17.385,12-18 19:35:30.461,1000,0,94,18,5.50118572330511,70.212,0.016,0.3,0.518,0.07,0.096,0.0,0.0,0.134,0.024,0.0,0.016,0.02,0.0,0.032,0.04,0.009,0.031,0.003,0.0,0.008,0.009,0.017,0.0,0.004,0.0,0.014
1491001,1492000,12-18 19:35:30.461,12-18 19:36:02.256,1000,0,77,17,5.260312778715047,77.105,0.016,0.35,0.48,0.033,0.121,0.0,0.002,0.13,0.048,0.0,0.032,0.004,0.0,0.08,0.047,0.005,0.024,0.005,0.0,0.016,0.002,0.028,0.0,0.006,0.0,0.012
1492001,1493000,12-18 19:36:02.256,12-18 19:41:05.231,1000,0,97,19,5.588896758436556,64.682,0.013,0.248,0.493,0.044,0.202,0.0,0.004,0.043,0.0,0.0,0.0,0.004,0.0,0.064,0.017,0.005,0.115,0.001,0.007,0.0,0.005,0.008,0.0,0.002,0.0,0.018
1493001,1494000,12-18 19:41:05.233,12-18 19:43:03.218,1000,0,91,18,5.517147708800515,81.595,0.008,0.313,0.537,0.047,0.095,0.0,0.014,0.115,0.036,0.0,0.024,0.04,0.0,0.064,0.047,0.012,0.0,0.009,0.004,0.012,0.017,0.022,0.0,0.015,0.0,0.008
1494001,1495000,12-18 19:43:03.218,12-18 19:43:44.125,1000,0,80,14,5.031908224703812,71.239,0.009,0.381,0.343,0.024,0.243,0.0,0.006,0.119,0.048,0.0,0.032,0.004,0.0,0.16,0.048,0.002,0.055,0.005,0.0,0.016,0.004,0.018,0.0,0.006,0.0,0.008
1495001,1496000,12-18 19:43:44.125,12-18 19:44:18.699,1000,0,68,13,5.067446542036111,72.121,0.009,0.415,0.405,0.03,0.141,0.0,0.0,0.123,0.06,0.0,0.04,0.02,0.0,0.113,0.059,0.002,0.005,0.01,0.0,0.02,0.01,0.02,0.0,0.015,0.0,0.012
1496001,1497000,12-18 19:44:18.699,12-18 19:45:01.021,1000,0,59,11,4.73842226396393,75.478,0.006,0.459,0.367,0.018,0.15,0.0,0.0,0.15,0.072,0.0,0.048,0.004,0.0,0.127,0.06,0.001,0.0,0.007,0.0,0.024,0.005,0.022,0.0,0.008,0.0,0.008
1497001,1498000,12-18 19:45:01.021,12-18 19:45:36.138,1000,0,60,11,5.021187292185726,73.34,0.009,0.402,0.431,0.028,0.13,0.0,0.004,0.135,0.048,0.0,0.032,0.012,0.0,0.112,0.055,0.002,0.0,0.005,0.0,0.016,0.006,0.02,0.0,0.006,0.0,0.014
1498001,1499000,12-18 19:45:36.138,12-18 19:47:23.804,1000,0,96,19,5.508916094738538,67.813,0.008,0.346,0.463,0.032,0.151,0.0,0.006,0.102,0.048,0.0,0.032,0.004,0.0,0.065,0.045,0.001,0.065,0.005,0.0,0.016,0.005,0.016,0.0,0.006,0.0,0.016
1499001,1500000,12-18 19:47:23.804,12-18 19:49:12.986,1000,0,108,20,5.6394970542494045,64.671,0.015,0.261,0.534,0.092,0.098,0.0,0.002,0.081,0.0,0.0,0.0,0.004,0.002,0.063,0.024,0.006,0.01,0.001,0.0,0.0,0.002,0.009,0.002,0.002,0.0,0.022
1500001,1501000,12-18 19:49:12.986,12-18 19:49:13.646,1000,0,185,20,6.365645011062238,59.458,0.069,0.283,0.389,0.061,0.198,0.0,0.0,0.047,0.0,0.0,0.0,0.008,0.102,0.0,0.008,0.007,0.05,0.004,0.007,0.0,0.002,0.006,0.0,0.0,0.0,0.012
1501001,1502000,12-18 19:49:13.657,12-18 19:49:14.718,1000,0,152,30,6.208746167263506,69.865,0.017,0.215,0.501,0.063,0.204,0.0,0.062,0.038,0.012,0.0,0.008,0.008,0.096,0.0,0.012,0.024,0.0,0.006,0.042,0.004,0.001,0.011,0.0,0.002,0.0,0.006
1502001,1503000,12-18 19:49:14.732,12-18 19:49:16.484,1000,0,68,14,2.5671134236176236,83.029,0.002,0.058,0.863,0.013,0.064,0.0,0.699,0.002,0.0,0.0,0.0,0.008,0.0,0.0,0.01,0.005,0.0,0.002,0.016,0.0,0.004,0.006,0.0,0.004,0.0,0.004
1503001,1504000,12-18 19:49:16.484,12-18 19:49:21.763,1000,0,68,12,3.448026763934706,79.209,0.012,0.073,0.775,0.02,0.12,0.0,0.544,0.011,0.0,0.0,0.0,0.008,0.0,0.0,0.013,0.005,0.0,0.0,0.0,0.0,0.004,0.006,0.004,0.0,0.0,0.01
1504001,1505000,12-18 19:49:21.765,12-18 19:49:26.308,1000,0,146,16,6.284401533069846,70.444,0.084,0.352,0.5,0.02,0.044,0.0,0.002,0.022,0.012,0.0,0.008,0.008,0.0,0.0,0.017,0.041,0.0,0.006,0.03,0.004,0.007,0.006,0.008,0.006,0.0,0.01
1505001,1506000,12-18 19:49:26.308,12-18 19:49:26.615,1000,0,133,15,5.502493669997139,75.83,0.118,0.462,0.37,0.01,0.04,0.0,0.0,0.041,0.012,0.0,0.008,0.0,0.0,0.0,0.025,0.015,0.0,0.001,0.004,0.004,0.0,0.019,0.0,0.003,0.0,0.0
1506001,1507000,12-18 19:49:26.615,12-18 19:49:28.495,1000,0,145,23,5.829863519570162,82.464,0.022,0.398,0.503,0.036,0.041,0.0,0.0,0.066,0.012,0.0,0.008,0.004,0.0,0.0,0.023,0.005,0.0,0.011,0.002,0.004,0.01,0.012,0.002,0.017,0.0,0.004
1507001,1508000,12-18 19:49:28.495,12-18 19:49:29.464,1000,0,186,35,6.429658655486782,63.325,0.031,0.248,0.54,0.059,0.122,0.0,0.032,0.037,0.0,0.0,0.048,0.024,0.064,0.0,0.011,0.023,0.0,0.008,0.067,0.012,0.001,0.009,0.0,0.022,0.0,0.006
1508001,1509000,12-18 19:49:29.464,12-18 19:49:30.089,1000,0,116,19,3.992864944133154,72.64,0.019,0.182,0.713,0.021,0.065,0.0,0.506,0.047,0.0,0.0,0.008,0.004,0.032,0.0,0.008,0.001,0.0,0.005,0.006,0.002,0.002,0.004,0.002,0.005,0.0,0.008
1509001,1510000,12-18 19:49:30.090,12-18 19:49:34.003,1000,0,162,29,6.337274971100574,65.163,0.049,0.256,0.541,0.04,0.114,0.0,0.012,0.034,0.0,0.0,0.0,0.0,0.064,0.0,0.015,0.001,0.0,0.005,0.028,0.0,0.0,0.009,0.002,0.0,0.0,0.015
1510001,1511000,12-18 19:49:34.004,12-18 19:49:35.989,1000,0,175,26,6.531099687051689,65.832,0.04,0.358,0.485,0.03,0.087,0.0,0.004,0.056,0.0,0.0,0.0,0.0,0.032,0.0,0.014,0.002,0.0,0.004,0.016,0.0,0.003,0.009,0.002,0.0,0.0,0.017
1511001,1512000,12-18 19:49:35.989,12-18 19:49:37.593,1000,0,167,27,6.398453724768891,59.742,0.039,0.306,0.463,0.052,0.14,0.0,0.002,0.048,0.0,0.0,0.0,0.004,0.096,0.0,0.01,0.001,0.0,0.005,0.018,0.0,0.002,0.007,0.004,0.002,0.0,0.013
1512001,1513000,12-18 19:49:37.593,12-18 19:49:42.387,1000,0,169,34,6.449908723418067,64.386,0.043,0.261,0.546,0.038,0.112,0.0,0.01,0.035,0.0,0.0,0.0,0.012,0.064,0.0,0.023,0.002,0.0,0.009,0.034,0.0,0.006,0.013,0.002,0.002,0.0,0.021
1513001,1514000,12-18 19:49:42.387,12-18 19:49:48.772,1000,0,130,18,6.026234835499497,65.82,0.034,0.309,0.562,0.032,0.063,0.0,0.014,0.034,0.0,0.0,0.0,0.008,0.032,0.0,0.02,0.002,0.0,0.002,0.0,0.0,0.007,0.01,0.002,0.004,0.0,0.024
1514001,1515000,12-18 19:49:48.772,12-18 19:49:49.787,1000,0,172,29,6.459465340684594,58.546,0.029,0.272,0.468,0.069,0.162,0.0,0.004,0.035,0.0,0.0,0.0,0.008,0.096,0.0,0.009,0.001,0.0,0.007,0.034,0.0,0.0,0.007,0.004,0.0,0.0,0.014
1515001,1516000,12-18 19:49:49.787,12-18 19:49:50.832,1000,0,175,30,6.409529249322743,65.136,0.032,0.307,0.49,0.051,0.12,0.0,0.002,0.048,0.0,0.0,0.0,0.004,0.064,0.0,0.012,0.001,0.0,0.008,0.028,0.0,0.002,0.008,0.002,0.002,0.0,0.018
1516001,1517000,12-18 19:49:50.832,12-18 19:49:53.436,1000,0,141,26,5.509914377164795,51.117,0.022,0.22,0.423,0.019,0.316,0.0,0.004,0.021,0.0,0.0,0.0,0.004,0.268,0.0,0.012,0.001,0.0,0.005,0.022,0.0,0.002,0.007,0.002,0.002,0.0,0.013
1517001,1518000,12-18 19:49:53.436,12-18 19:49:53.811,1000,0,89,14,3.79299613883073,46.699,0.044,0.233,0.22,0.011,0.492,0.0,0.0,0.016,0.0,0.0,0.008,0.0,0.478,0.0,0.013,0.0,0.0,0.001,0.003,0.002,0.0,0.009,0.0,0.005,0.0,0.0
1518001,1519000,12-18 19:49:53.811,12-18 19:49:54.299,996,4,119,21,4.819212723223074,48.81024096385542,0.09236947791164658,0.2580321285140562,0.2921686746987952,0.012048192771084338,0.3453815261044177,0.0,0.002008032128514056,0.018072289156626505,0.0,0.0,0.008032128514056224,0.004016064257028112,0.3192771084337349,0.0,0.014056224899598393,0.002008032128514056,0.0,0.006024096385542169,0.0030120481927710845,0.002008032128514056,0.006024096385542169,0.009036144578313253,0.0,0.007028112449799197,0.0,0.002008032128514056
1519001,1520000,12-18 19:49:54.300,12-18 19:49:54.868,1000,0,124,21,5.44325930826463,71.964,0.032,0.394,0.403,0.019,0.152,0.0,0.002,0.052,0.012,0.0,0.024,0.014,0.122,0.0,0.025,0.005,0.0,0.015,0.004,0.008,0.01,0.017,0.0,0.018,0.0,0.0
1520001,1521000,12-18 19:49:54.869,12-18 19:49:55.256,1000,0,140,26,4.4173561029088475,47.045,0.028,0.161,0.311,0.025,0.475,0.0,0.0,0.018,0.012,0.0,0.008,0.014,0.448,0.0,0.008,0.022,0.0,0.001,0.024,0.004,0.002,0.007,0.0,0.004,0.0,0.002
1521001,1522000,12-18 19:49:55.256,12-18 19:49:56.000,1000,0,70,21,2.689107109623352,37.573,0.008,0.052,0.226,0.026,0.688,0.0,0.01,0.004,0.0,0.0,0.0,0.0,0.666,0.0,0.005,0.02,0.0,0.0,0.034,0.0,0.0,0.002,0.0,0.0,0.0,0.002
1522001,1523000,12-18 19:49:56.000,12-18 19:49:56.723,1000,0,36,12,1.3437300814760442,27.743,0.0,0.048,0.104,0.006,0.842,0.0,0.0,0.0,0.012,0.0,0.008,0.0,0.825,0.0,0.0,0.005,0.0,0.004,0.0,0.004,0.0,0.0,0.0,0.002,0.0,0.0
1523001,1524000,12-18 19:49:56.724,12-18 19:49:57.462,1000,0,41,8,1.2621554973532478,24.669,0.001,0.033,0.101,0.0,0.865,0.0,0.002,0.0,0.0,0.0,0.0,0.004,0.852,0.0,0.003,0.0,0.0,0.001,0.0,0.0,0.002,0.003,0.0,0.002,0.0,0.002
1524001,1525000,12-18 19:49:57.462,12-18 19:49:58.756,1000,0,70,14,2.3262998589943855,34.275,0.006,0.077,0.178,0.011,0.728,0.0,0.05,0.012,0.0,0.0,0.0,0.0,0.719,0.0,0.003,0.002,0.0,0.0,0.0,0.0,0.0,0.004,0.0,0.0,0.0,0.002
1525001,1526000,12-18 19:49:58.756,12-18 19:49:59.136,1000,0,91,11,3.441957174302846,67.294,0.059,0.121,0.704,0.032,0.084,0.0,0.543,0.009,0.0,0.0,0.0,0.0,0.064,0.0,0.003,0.001,0.0,0.0,0.0,0.0,0.0,0.001,0.0,0.0,0.0,0.002
1526001,1527000,12-18 19:49:59.136,12-18 19:50:00.055,1000,0,188,22,6.332081634418267,57.091,0.074,0.276,0.454,0.077,0.119,0.0,0.107,0.03,0.0,0.0,0.0,0.008,0.0,0.0,0.008,0.011,0.0,0.003,0.019,0.0,0.004,0.007,0.002,0.0,0.0,0.01
1527001,1528000,12-18 19:50:00.055,12-18 19:50:00.551,1000,0,193,23,6.569380830782188,63.922,0.065,0.363,0.393,0.062,0.117,0.0,0.03,0.051,0.012,0.0,0.008,0.004,0.088,0.0,0.01,0.006,0.0,0.007,0.009,0.004,0.002,0.006,0.002,0.004,0.0,0.006
1528001,1529000,12-18 19:50:00.551,12-18 19:50:02.988,1000,0,159,26,6.273931802022369,67.055,0.038,0.278,0.54,0.016,0.128,0.0,0.111,0.026,0.036,0.0,0.024,0.004,0.04,0.0,0.01,0.001,0.0,0.009,0.048,0.012,0.002,0.005,0.008,0.007,0.0,0.012
1529001,1530000,12-18 19:50:02.988,12-18 19:50:05.269,1000,0,162,21,6.44670148904723,65.266,0.062,0.282,0.496,0.05,0.11,0.0,0.0,0.036,0.0,0.0,0.0,0.0,0.064,0.0,0.015,0.027,0.0,0.0,0.003,0.0,0.003,0.012,0.012,0.0,0.0,0.006
1530001,1531000,12-18 19:50:05.269,12-18 19:50:06.332,1000,0,203,26,6.666615127389931,58.441,0.053,0.354,0.372,0.098,0.123,0.0,0.002,0.066,0.0,0.0,0.0,0.0,0.081,0.0,0.007,0.003,0.0,0.003,0.017,0.0,0.0,0.005,0.004,0.0,0.0,0.006
1531001,1532000,12-18 19:50:06.340,12-18 19:50:07.192,1000,0,157,26,6.040365193165098,60.084,0.068,0.247,0.497,0.03,0.158,0.0,0.095,0.021,0.0,0.0,0.0,0.0,0.107,0.0,0.009,0.002,0.0,0.004,0.034,0.0,0.0,0.008,0.0,0.0,0.0,0.012
1532001,1533000,12-18 19:50:07.192,12-18 19:50:09.903,1000,0,136,19,6.0409245638038565,58.371,0.074,0.311,0.4,0.052,0.163,0.0,0.052,0.057,0.0,0.0,0.0,0.008,0.101,0.0,0.01,0.001,0.0,0.002,0.0,0.0,0.004,0.003,0.008,0.004,0.0,0.006
1533001,1534000,12-18 19:50:09.903,12-18 19:50:10.389,1000,0,178,17,6.352183086597887,55.674,0.075,0.244,0.422,0.095,0.164,0.0,0.0,0.031,0.0,0.0,0.0,0.0,0.126,0.0,0.008,0.005,0.0,0.002,0.021,0.0,0.0,0.007,0.0,0.0,0.0,0.008
1534001,1535000,12-18 19:50:10.389,12-18 19:50:14.290,1000,0,141,26,5.82186202212988,59.663,0.04,0.225,0.539,0.024,0.172,0.0,0.147,0.01,0.0,0.0,0.0,0.004,0.096,0.0,0.013,0.001,0.0,0.006,0.032,0.0,0.005,0.013,0.0,0.002,0.0,0.016
1535001,1536000,12-18 19:50:14.290,12-18 19:50:15.157,1000,0,148,19,6.138634070476165,56.624,0.083,0.346,0.398,0.063,0.11,0.0,0.0,0.064,0.0,0.0,0.0,0.004,0.08,0.0,0.006,0.0,0.0,0.001,0.001,0.0,0.002,0.004,0.004,0.002,0.0,0.002
1536001,1537000,12-18 19:50:15.157,12-18 19:50:15.774,1000,0,174,19,6.389802846869405,57.121,0.074,0.267,0.427,0.088,0.144,0.0,0.0,0.034,0.0,0.0,0.0,0.0,0.096,0.0,0.007,0.005,0.0,0.002,0.026,0.0,0.0,0.008,0.0,0.0,0.0,0.01
1537001,1538000,12-18 19:50:15.774,12-18 19:50:21.912,1000,0,126,27,5.73602957063471,63.664,0.025,0.204,0.604,0.014,0.153,0.0,0.143,0.026,0.0,0.0,0.0,0.016,0.072,0.0,0.018,0.001,0.0,0.007,0.025,0.0,0.008,0.008,0.012,0.004,0.0,0.014
1538001,1539000,12-18 19:50:21.913,12-18 19:50:29.960,1000,0,110,17,5.932557554328409,76.879,0.051,0.328,0.547,0.033,0.041,0.0,0.002,0.04,0.036,0.0,0.024,0.012,0.0,0.0,0.023,0.041,0.0,0.009,0.001,0.012,0.005,0.01,0.008,0.008,0.0,0.016
1539001,1540000,12-18 19:50:29.960,12-18 19:50:43.841,1000,0,77,12,5.31500164590057,67.791,0.033,0.258,0.67,0.014,0.025,0.0,0.0,0.016,0.0,0.0,0.0,0.02,0.0,0.0,0.032,0.026,0.0,0.003,0.0,0.0,0.013,0.013,0.016,0.006,0.0,0.028
1540001,1541000,12-18 19:50:43.859,12-18 19:50:55.201,1000,0,72,14,5.326482846995711,64.7,0.02,0.339,0.596,0.03,0.015,0.0,0.002,0.044,0.048,0.0,0.032,0.008,0.0,0.0,0.03,0.005,0.0,0.018,0.0,0.016,0.01,0.012,0.064,0.012,0.0,0.024
1541001,1542000,12-18 19:50:55.201,12-18 19:51:09.611,1000,0,72,11,5.089041918602977,60.942,0.015,0.281,0.639,0.044,0.021,0.0,0.002,0.05,0.0,0.0,0.0,0.016,0.0,0.0,0.032,0.007,0.0,0.002,0.0,0.0,0.011,0.014,0.088,0.004,0.0,0.03
1542001,1543000,12-18 19:51:09.612,12-18 19:51:17.606,1000,0,78,13,5.4128122882284515,63.835,0.009,0.313,0.649,0.008,0.021,0.0,0.0,0.032,0.06,0.0,0.04,0.004,0.0,0.0,0.022,0.003,0.01,0.017,0.0,0.02,0.005,0.009,0.046,0.012,0.0,0.018
1543001,1544000,12-18 19:51:17.618,12-18 19:51:28.628,1000,0,60,11,5.0501383720594735,64.729,0.012,0.314,0.658,0.005,0.011,0.0,0.002,0.023,0.0,0.0,0.0,0.02,0.0,0.0,0.03,0.002,0.0,0.003,0.0,0.0,0.013,0.012,0.062,0.006,0.0,0.022
1544001,1545000,12-18 19:51:28.628,12-18 19:51:40.799,1000,0,54,9,4.9184191898654195,62.307,0.014,0.286,0.685,0.005,0.01,0.0,0.0,0.023,0.0,0.0,0.0,0.016,0.0,0.0,0.028,0.003,0.0,0.002,0.0,0.0,0.011,0.012,0.024,0.004,0.0,0.026
1545001,1546000,12-18 19:51:41.423,12-18 19:51:55.729,1000,0,74,15,5.152340171123584,59.496,0.021,0.236,0.632,0.014,0.097,0.0,0.002,0.022,0.002,0.0,0.0,0.012,0.0,0.016,0.035,0.004,0.065,0.007,0.0,0.0,0.012,0.015,0.036,0.007,0.0,0.03
1546001,1547000,12-18 19:51:55.729,12-18 19:52:08.385,1000,0,74,14,5.2396377866948525,63.341,0.021,0.321,0.632,0.008,0.018,0.0,0.002,0.042,0.046,0.0,0.032,0.02,0.0,0.0,0.033,0.003,0.0,0.015,0.0,0.016,0.013,0.013,0.076,0.012,0.0,0.026
1547001,1548000,12-18 19:52:08.385,12-18 19:52:17.779,1000,0,70,12,5.427574550523745,67.32,0.009,0.332,0.642,0.009,0.008,0.0,0.0,0.038,0.06,0.0,0.04,0.012,0.0,0.0,0.025,0.005,0.0,0.025,0.0,0.02,0.009,0.009,0.028,0.016,0.0,0.02
1548001,1549000,12-18 19:52:17.781,12-18 19:52:30.151,1000,0,50,12,4.894395496695981,64.089,0.012,0.335,0.636,0.006,0.011,0.0,0.002,0.039,0.072,0.0,0.048,0.021,0.0,0.0,0.032,0.005,0.0,0.026,0.0,0.024,0.015,0.012,0.084,0.018,0.0,0.024
1549001,1550000,12-18 19:52:30.151,12-18 19:52:42.061,1000,0,54,11,4.975738273822087,63.571,0.012,0.355,0.615,0.008,0.01,0.0,0.0,0.051,0.06,0.0,0.04,0.023,0.0,0.0,0.034,0.006,0.0,0.022,0.0,0.02,0.013,0.012,0.096,0.017,0.0,0.024
1550001,1551000,12-18 19:52:42.061,12-18 19:52:52.154,1000,0,66,13,5.118049253915439,69.264,0.011,0.286,0.677,0.01,0.016,0.0,0.002,0.039,0.0,0.0,0.0,0.012,0.0,0.0,0.025,0.002,0.0,0.001,0.0,0.0,0.005,0.011,0.056,0.002,0.0,0.02
1551001,1552000,12-18 19:52:52.155,12-18 19:53:09.056,1000,0,55,10,4.843575736733727,60.164,0.017,0.219,0.74,0.007,0.017,0.0,0.002,0.023,0.0,0.0,0.0,0.024,0.0,0.0,0.038,0.003,0.0,0.004,0.0,0.0,0.018,0.016,0.036,0.008,0.0,0.036
1552001,1553000,12-18 19:53:09.057,12-18 19:53:25.935,1000,0,53,11,4.81670094726962,62.267,0.018,0.208,0.735,0.008,0.031,0.0,0.002,0.017,0.0,0.0,0.0,0.02,0.0,0.0,0.041,0.004,0.01,0.003,0.0,0.0,0.016,0.018,0.024,0.006,0.0,0.034
1553001,1554000,12-18 19:53:25.936,12-18 19:53:39.274,1000,0,72,13,5.21371345531206,64.173,0.023,0.295,0.614,0.006,0.062,0.0,0.0,0.029,0.036,0.0,0.024,0.013,0.0,0.0,0.031,0.003,0.05,0.015,0.0,0.012,0.013,0.013,0.056,0.012,0.0,0.028
1554001,1555000,12-18 19:53:39.274,12-18 19:53:49.399,1000,0,107,17,5.416791333570133,74.911,0.016,0.364,0.569,0.025,0.026,0.0,0.002,0.032,0.036,0.0,0.024,0.023,0.0,0.0,0.014,0.004,0.0,0.014,0.0,0.012,0.007,0.005,0.004,0.01,0.0,0.011
1555001,1555005,12-18 19:53:49.399,12-18 19:53:49.423,5,0,3,2,1.5219280948873621,57.4,0.0,0.4,0.6,0.0,0.0,0.0,0.0,0.0,0.0,0.0,0.0,0.0,0.0,0.0,0.0,0.0,0.0,0.0,0.0,0.0,0.0,0.0,0.0,0.0,0.0,0.0
